<?xml version="1.0" encoding="UTF-8"?>
<?oxygen RNGSchema="../../common/schema/DHQauthor-TEI.rng" type="xml"?>
<?oxygen SCHSchema="../../common/schema/dhqTEI-ready.sch"?>
<TEI xmlns="http://www.tei-c.org/ns/1.0"
     xmlns:dhq="http://www.digitalhumanities.org/ns/dhq"
     xmlns:rdf="http://www.w3.org/1999/02/22-rdf-syntax-ns#"
     xmlns:cc="http://web.resource.org/cc/">
   <teiHeader>
      <fileDesc>
         <titleStmt>
            <title>Tachypaedia Byzantina:  The Suda On Line as Collaborative Encyclopedia</title>
            <author>Anne Mahoney</author>
            <dhq:authorInfo>
               <dhq:author_name>Anne  <dhq:family>Mahoney</dhq:family>
               </dhq:author_name>
               <dhq:affiliation>Tufts University</dhq:affiliation>
               <email>anne.mahoney@tufts.edu</email>
               <dhq:bio>
                  <p>Anne Mahoney received her PhD in Classics from Boston University.  She
        teaches Greek, Latin, and occasionally Sanskrit at Tufts University, and works on meter and poetics. She is the author of a commentary on Plautus's <title rend="italic">Amphitryo</title> (Focus: 2004) and of articles on Giovanni Pascoli's Latin poetry, saturnians, and pedagogy.</p>
               </dhq:bio>
            </dhq:authorInfo>
         </titleStmt>
         <publicationStmt>
            <idno type="DHQarticle-id">000025</idno>
            <idno type="volume">003</idno>
            <idno type="issue">1</idno>
            <dhq:articleType>article</dhq:articleType>
            <date when="2009-02-26">26 February 2009</date>
            <availability>
               <cc:License xmlns="http://digitalhumanities.org/DHQ/namespace"
                           rdf:about="http://creativecommons.org/licenses/by-nc-nd/2.5/"/>
            </availability>
         </publicationStmt>
         <sourceDesc>
            <p>Authored for DHQ; migrated from original DHQauthor format</p>
         </sourceDesc>
      </fileDesc>
      <encodingDesc>
         <classDecl>
            <taxonomy xml:id="dhq_keywords">
               <bibl>DHQ classification scheme; full list available in the <ref target="http://www.digitalhumanities.org/dhq/taxonomy.xml">DHQ keyword taxonomy</ref>
               </bibl>
            </taxonomy>
            <taxonomy xml:id="authorial_keywords">
               <bibl>Keywords supplied by author; no controlled vocabulary</bibl>
            </taxonomy>
         </classDecl>
      </encodingDesc>
      <profileDesc>
         <langUsage>
            <language ident="en"/>
            <language ident="greek"/>
            <language ident="la"/>
            <language ident="it"/>
            <language ident="fr"/>
         </langUsage>
      </profileDesc>
      <revisionDesc>
         <change when="2008-10-08" who="Melanie Kohnen">Encoding</change>
          <change when="2008-10-29" who="Melanie Kohnen">Encoding</change>
          <change when="2008-11-19" who="Melanie Kohnen">Encoding</change>
          <change when="2008-11-20" who="Melanie Kohnen">Encoding</change>
         <change when="2008-12-08" who="JHF">Checked encoding; fixed figure id values; added pointers.</change>
         <change when="2008-12-16" who="alyssa">copyedited</change>
         <change when="2009-01-30" who="CRB">Added publicationStmt element and associated content.</change>
         <change when="2013-06-20" who="Tassie Gniady">Changed "dhq:caption" to "head."</change>
      </revisionDesc>
   </teiHeader>
   <text>
      <front>
         <dhq:abstract>
            <p>The Suda On Line (SOL) is a collaborative translation of a Byzantine
        Greek encyclopedia.  It makes this difficult but useful text available to
        non-specialists and, with annotations and search facilities, makes the Suda
        easier to use than it is in print.  As a collaboration, SOL
        demonstrates open peer review and the feasibility of a large, but
        closely focused, humanities project.</p>
         </dhq:abstract>
         <dhq:teaser>
            <p>The Suda On Line brings a Byzantine Greek encyclopedia to
      contemporary readers with a collaborative, open translation.
    </p>
         </dhq:teaser>
      </front>
      <body>
         <div>
            <head>Introduction</head>
            <p>The Suda On Line (SOL) is a translation of the Byzantine Greek <title>Suda</title>, written and
edited by a large international group of scholars and students;  its address is
  <ref target="http://www.stoa.org/sol/">http://www.stoa.org/sol/</ref>.<note>I was involved
with SOL from the very beginning, and it was through
this project that I first met Ross.  I then served as programmer and co-editor
for the Stoa for several years, a position in which I could see first-hand
his energy, vision, and breadth of knowledge.  With Diotima, SOL, and the
Stoa, Ross did a great deal for classics;  these projects are a succesful
combination of popularization, accessibility, and scholarship.</note>
  
  
               <figure xml:id="figure01">
                  <graphic url="resources/images/figure01.jpg"/>
                  <figDesc>SOL index page</figDesc>
                  <head>SOL index page: the gateway to the Suda On Line</head>
               </figure>
  
  
The <title>Suda</title> is an encyclopedia of classical learning, written in the
10th century AD by a committee of scholars in Byzantium.  It is a surprisingly
useful source for classicists, but it is not well known to undergraduates or
non-specialists because its style is crabbed and difficult.  SOL is apparently
the first translation of the <title>Suda</title> into English.  I will argue
that SOL is useful not only as a case study in scholarly collaboration, but as
a tool for scholarly work both in classics and beyond.</p>
            <p>SOL was one of the very first collaborative
encyclopedias, pre-dating Wikipedia by several years.<note>Although Wikipedia is
perhaps the best known Wiki-format collaborative encylopedia, WikiWikiWeb came first,
as early as 1995.  See <ref target="http://c2.com/cgi/wiki?wikihistory">http://c2.com/cgi/wiki?WikiHistory</ref> for
its history.  Wikipedia itself was created in 2001, according to its own history,
at <ref target="http://en.wikipedia.org/wiki/wikipedia:about">http://en.wikipedia.org/wiki/Wikipedia:About</ref>.  The name 
<q>wiki</q> is taken from a Hawai'ian word meaning <q>quick</q>
which I have Hellenized for the title of the present article.
The reduplicated form <q>wikiwiki</q> is a frequentative or intensive.</note>  Because the <title>Suda</title>
itself is an unsystematic collection of lore, not all of it necessarily correct,<note>As L. D. Reynolds
and Nigel Wilson put it, <cit>
                     <quote rend="inline">despite a certain amount of dubious or erroneous material [the <title>Suda</title>] transmits
much useful information</quote> 
                     <ptr target="#reynolds1991" loc="66"/>
                  </cit>;  they go on to suggest that <quote rend="inline">the intelligence of the authors cannot be
rated very highly,</quote> which seems a bit harsh.</note>
SOL provides commentary and references for each entry.  It therefore serves as a
full-scale classical encyclopedia, comparable to <title rend="italic">The New Pauly</title> or
the <title rend="italic">Oxford Classical Dictionary</title> and roughly between those two works in size.</p>
            <p>The name <title rend="quotes">Suda</title> means <q>bulwark</q> or <q>fortification</q> — that is, the Byzantine scholars wanted to produce a work
that would stave off the destruction of classical knowledge.  The work has sometimes been called
the <title rend="quotes">Encyclopedia of Suidas,</title> as if Suidas were a person, but this is now held to be incorrect.
The <title>Suda</title> is organized as an encyclopedia, with entries in rough alphabetical order covering
the important people, places, and texts of ancient Greece and the Bible.  Its authors had
access to some texts that are no longer extant, so there is material in the <title>Suda</title> that cannot
be found anywhere else.  They also had different editions of some of the texts we still read,
so quotations in the <title>Suda</title> may reflect variants that are not preserved in our textual tradition;
this makes the <title>Suda</title> important for establishing the correct text of some literary works, particularly
Greek drama.<note>For more on the history of the <title>Suda</title> and its importance to
classical scholarship, see <ptr target="#dickey2007" loc="90–91"/>.</note>
            </p>
            <p>Although (as noted above) SOL is apparently the first translation of the <title>Suda</title>
into English, it is hardly the first translation out of Greek.  That honor goes to Robert Grosseteste,
who translated selected entries into Latin in
the early thirteenth century.  According to <ptr target="#dionisotti1990"/>, Grosseteste's project was similar to SOL's:  he
wanted to make the <title>Suda</title> available and comprehensible to his contemporaries, so he annotated and
glossed his translations.</p>
            <p>Since the Renaissance there have been several more editions of the Greek text, along
with Latin translations.  Aemilius Portus produced the first complete Latin
translation in about 1619. Ludolf Küster produced an edition in 1705,
continued by Jonathan Toup.  Thomas Gainsford's edition of 1834, also following Küster, was re-issued
along with a Latin translation by Gottfried Bernhardy in 1843.  Immanuel Bekker's 1854 edition was
the standard until the twentieth century.  The current standard edition of the <title>Suda</title>
was edited by Ada Adler (1878-1946) and published in five volumes
between 1928 and 1938.  Her numeration of the entries has become the standard reference scheme for the text;
one refers to the entry <q>Abraham,</q> for example, as <q>alpha 69.</q>  Scholars continue to look for
good ways to work with the <title>Suda</title>.  For example, one project which took place just before
  SOL got started is a database at the Université Cattolica in Milan tabulating all the entries related
to Greek and Roman history.  Its results are described in <ptr target="#zecchini1999"/>.</p>
         </div>
         <div>
            <head>History of the Project</head>
            <p>The SOL project began on 14 January 1998, when Jeffrey Gibson asked on the Classics email
list whether there was an English translation of the <title>Suda</title>.<note>The Classics email list
was at that time hosted at the University of Washington;  it has since moved to the University
of Kentucky.  The official
home page of the list is <ref target="http://lsv.uky.edu/archives/classics-l.html">http://lsv.uky.edu/archives/classics-l.html</ref>.</note>
In fact, the <title>Suda</title> had never been translated into English, and it was suggested — perhaps tongue-in-cheek
at first — that this would be a natural project for a web-based or email-based collaboration.
Very quickly people started discussing how such a collaboration might work.  The title <title rend="quotes">Suda On Line</title>
and the acronym SOL (Latin for <q>sun</q>) were suggested by David Meadows.<note>The first recorded
use of the pun on <q>sudor</q> (Latin for <q>sweat</q>) came from Ernie Moncada;  members of the team can
colloquially be called <q>sudatores,</q> meaning both <q>Suda workers</q> and <q>those who sweat.</q>
               </note>  By the 20th,
William Hutton had posted a prototype.
The next day, it was announced that a computer science graduate student at the University of Kentucky
was interested in working on technical aspects of the project as a master's thesis.  Translation
and database design had both started by the end of the month, and the first version of what became the
SOL system was announced on 12 April 1998.</p>
            <p>SOL was implemented as a semi-structured text, in an XML-like markup, though
without validation.<note>
                  <ptr target="#finkel2000"/> is an overview of the design and implementation of the project,
written by the original managing editors.</note>  Wiki technology was not widely known at the time,
though as noted above WikiWikiWeb was already on-line;  moreover, since Unicode was not yet ubiquitous,
display of Greek would have been a problem in a standard Wiki.  As a result, the SOL group
decided to implement its own system.  The translation, commentary, and revision history are
stored in a database and converted to HTML on
the fly for display.  Greek is stored in beta-code and can be displayed in Unicode, transliteration,
or any of several popular font encodings, using code graciously supplied by the Perseus Project.<note>Beta-code
is a plain ASCII encoding for polytonic Greek developed by the Thesaurus Linguae Graecae (TLG) long before Unicode
was available, and widely used in classics.  It is documented at <ref target="http://www.tlg.uci.edu/betacode.html">http://www.tlg.uci.edu/BetaCode.html</ref>.</note>
The underlying database system is QDDB, a non-relational database developed by Eric H. Herrin II and Raphael Finkel of
the University of Kentucky.<note>QDDB is available from Herrin Software Development;  documentation and
  downloads are at <ref target="http://www.hsdi.com/qddb/">http://www.hsdi.com/qddb/</ref>.  <ptr target="#herrin1996"/> is a technical description.</note>
Code is written in Perl.  Virtually all of the programming for the project
was done by graduate students Huar En Ng, Mukund Chandak, Shahid Saleem Mohammed, and Kamal Shah.
It was agreed very quickly that involving students both as programmers and as translators was desirable,
and many students in computer science and classics, both graduate students and undergrads, have made
very significant contributions throughout the project.</p>
            <p>At this writing (June 2007), SOL boasts 7 managing editors, 61 editors, and 95 translators,
coming from a dozen countries.  Three people — David Whitehead, Catherine Roth, and
Jennifer Benedict — have translated over 4,000
entries each;  Benedict translated most of hers while she was an undergraduate at the College of
William and Mary.  Managing editor William Hutton translated over 1000, while seven more people
translated 200 or more.  At the other end of the scale, some 40 people translated a single
entry each.  So far, over 21,000 entries have been translated, more than 2/3 of the total.  Nearly all
of the entries that have been translated have also gone through at least a first round of editorial
vetting.  Translation and editing are still going on.</p>
         </div>
         <div>
            <head>Technical and Social Interfaces</head>
            <p>Collaboration within SOL, as in Wikipedia and other similar projects, takes the form of
serial editing.  Entries are assigned to translators
at their request.  Some translators may ask for particular entries on a subject they are working
on;  others take blocks of unassigned entries in numerical order.  Translators then produce
English versions, assign key words from a controlled vocabulary, and add initial notes and
bibliography.  As soon as the translator finishes, the entry is published, clearly marked as a draft.</p>
            <p>A subset of translators are designated editors and have the authority to change translations.
Editors have scholarly qualifications in Ancient Greek;  most are college or university faculty members.  Their
primary task is to augment the bibliography and commentary on the entries.  They are also responsible
for verifying that the translations are correct.  The peculiar style of the <title>Suda</title> occasionally makes
this a non-trivial problem.  Its Byzantine authors were writing in a dialect somewhere between the
classical Greek of the fifth and fourth centuries BC and the native language of the tenth century
AD.  They occasionally get snarled up in difficult grammar, and frequently use words that cannot
be found in standard lexica of classical Greek.  As a result, a translator may sail through half
a dozen entries with no problem, then run into one that makes almost no sense at all.  Editors are
assumed to be more expert in Greek than ordinary translators, and often have particular areas of
specialization, like history, poetics, or theater.  An editor who updates and enhances a translation
may change its vetting status from <q>draft</q> to <q>low</q> (minimally edited) or <q>high</q> (well annotated
and of high scholarly quality).  At present, some 3/4 of translated entries have <q>low</q> vetting status.</p>
            <p>SOL's editorial mechanism, then, is a type of peer review process.  The original translator is always
credited for the entry, but the editors who have worked on it are also named.  When an entry is
displayed, its revision history is shown along with it.  Previous states of the text are not displayed
by the regular display routines, but are available to translators and editors working on the text.
SOL's review process is open:  the editors know who translated the entry and which other editors
have worked on it, and the translator can see who the editors are.  In fact, any reader of SOL can
see the names of the editors and translators of any entry.  This highly transparent process is
different from the blind reviewing typical for classics journals:  in that system, in general, the author of an article
does not know the referees' names, nor do the referees know who the author is.  The open review
process has been part of SOL all along and no one has objected, or indeed even commented on it.
By now the process seems natural, because it is widely used in Wikis and blogs, but as SOL
was getting started an open, public peer review system was unusual.  What we gain from it is
the ability to recognize everyone's participation.  Perhaps more important, SOL shows how
scholarship progresses.  A translation or commentary published in a book appears final and finished;
readers are not given any clues about how it came into being.  SOL's translations and commentaries
show the process of successive refinements, demonstrating that first drafts are almost never perfect,
and that even senior scholars' work can benefit from editorial attention.</p>
            <p>Whenever an editor updates an entry, the SOL system automatically notifies the original translator by email.
Translators may then, if they like, return to the entry, inspect the editorial changes, and make further
modifications.  The project also maintains a mailing list for announcements and general discussion, though
it has been rather quiet since the last major software changes.</p>
            <p>Editing and translating both take place in the same web system, very similar to a Wiki but less elaborate,
and imposing somewhat more structure upon the translated entries.

  <figure xml:id="figure02">
                  <graphic url="resources/images/figure02.jpg"/>
                  <figDesc>Editing screen</figDesc>
                  <head>Editing screen: A translator or editor updating an entry sees the
      original Greek and the current version of the entry.  Below these is a
      copy that can be changed.</head>
               </figure>
  
Separate fields are provided for a
translation of the headword, the translation of the text of the entry, notes, print bibliography, and
web links.  A menu facilitates construction of links to certain highly-used resources:  Diotima, Perseus, 
and the Bryn Mawr Classical Review.  Finally, keywords can be added from a pull-down list.  Within the
translation and notes fields, certain HTML-like tags
are permitted, including <gi>i</gi> for italics, <gi>t</gi> for titles,
and <gi>g</gi> for Greek in beta-code.  Other languages — such as Hebrew — are generally
encoded in Unicode and not marked.  References to other <title>Suda</title> entries by Adler number are automatically
recognized and hyperlinked, just as cross-references are made within a Wiki.</p>
            <p>Readers reach the text through a search mechanism.  References to the <title>Suda</title> in books or scholarly articles
will frequently be by Adler number or by headword, so either of those may be specified as a search term.
It is also possible to search for words in the text of the translation or the notes, to search by keyword,
or to search for a particular translator or editor;  the latter facility was implemented so that 
editors or translators could conveniently make links to their own contributions from an on-line CV.
Finally, the default for the search is a full-text search in the entire entry, regardless of its
internal structure.  Thus, a reader can look for the entry on the fifth-century BC playwright
Sophocles with a headword search, can find all the entries where the <title>Suda</title>
itself refers to Sophocles with a search in the translated text, or can find entries that 
refer to Sophocles either in the text or in the annotations.  In fact, there are four entries
with <q>Sophocles</q> in the headword:
  
  <figure xml:id="figure03">
                  <graphic url="resources/images/figure03.jpg"/>
                  <figDesc>Search for Sophocles</figDesc>
                  <head>Search for Sophocles: Results of a search for the name <q>Sophocles</q> in
    headwords.</head>
               </figure>
  
on the famous playwright (sigma 815), his
grandson (sigma 816), a later descendant (sigma 817), and an epigram (sigma 820).  <q>Sophocles</q> appears in
the translations of 221 entries and in the notes to 609 (including almost all of those where the name
appears in the translation).  A separate search mechanism allows searching in the original Greek.<note>The
Greek text of Adler's edition was provided to SOL by courtesy of the TLG.</note>
            </p>
            <p>As a case study, we may consider the history of Alpha 376, <foreign xml:lang="grc">
                  <q>Agroikos ex asteos,</q>
               </foreign> which means
<q>rustic from town</q>;  see
               <ref target="http://www.stoa.org/sol-bin/search.pl?searchstr=alpha,376&amp;field=adlerhw_gr">http://​www.stoa.org/​sol-bin/​search.pl?searchstr=alpha,376&amp;field=adlerhw_gr</ref>.

This entry is fairly typical of the short entries.  It was first translated on 27 March 1999;  translator
Anne Mahoney was a graduate student at the time.  Editorial work began in May 2000 when William Hutton
first vetted the entry and gave it <q>low</q> status.  Further work was done by
Ross Scaife and David Whitehead, who changed the item's editorial status to
<q>high</q> in February 2003.  Whitehead returned to the item
in 2005.
  
  <figure xml:id="figure04">
                  <graphic url="resources/images/figure04.jpg"/>
                  <figDesc>Display of Alpha 376</figDesc>
                  <head>Display of Alpha 376: A typical shorter entry.  The display shows the
      translation, the Greek text, and the editorial history.</head>
               </figure>
            </p>
            <p>The headword is a phrase from Aristophanes' <title>Clouds</title>, and the text of the entry is
taken from the scholia to that play.  The main character of the play, Strepsiades, is a country man, but he has
married an ambitious woman and they are now living in the city, somewhat above their means.  He
therefore asks the philosopher Socrates, who happens to be his neighbor, for lessons in clever
argument, in hopes of talking his creditors out of calling in his debts.  Naturally, it does not
work out quite the way Strepsiades expected, and the play ends with an angry Strepsiades setting
fire to Socrates' house.<note>This is at least the ending of the version we have;  the play was
revised when its first performance was unsuccessful.  See <ptr target="#henderson1998"/> for the text of the play,
in Greek and English, and MacDowell for background <ptr target="#macdowell1995" loc="113–150"/>.</note>
            </p>
            <p>The original translation accurately represented the Greek, and noted that the headword appears
in <title>Clouds</title> at line 47.  The headword was first translated as <q>rustic man from town</q>;
this became slightly more graceful as <q>a rustic from town.</q>  In the course of vetting, Whitehead
clarified that the <title>Suda</title> took its text from a scholion to the play.  The translator
originally assigned the keyword <q>comedy</q> since the phrase comes from a comic play;  the
  editors added key words <q>agriculture,</q> 
               <q>daily life,</q> 
               <q>economics,</q> 
               <q>ethics,</q> 
               <q>gender and sexuality,</q>
  and <q>women,</q> based on the content of the entry.  At this point, with <q>high</q> editorial status,
the entry is considered suitable for reference and citation, but it can still be modified again
if an editor finds something further to say about it.</p>
            <p>Another example is Alpha 100, <q>Abydenon epiphorema,</q> or <q>Abydene dessert.</q>  This is an obscure
phrase, presented by the <title>Suda</title> as if it were a common proverbial saying.  The
<title>Suda</title> says that an <q>Abydene dessert</q> is something bad that happens as a result
of someone showing up at the wrong time, and explains that in Abydos, people used to bring out
their children after dinner, to the annoyance of their dinner guests.  This all makes sense —
the entry is coherent as it stands — but a reader might want to know where Abydos is and where
this saying comes from.  The SOL translation now provides this information:  Abydos is in Asia
on the shore of the Hellespont, and the saying ultimately comes from an ancient collection of
proverbs, which moreover gives a second, completely different explanation for <q>Abydene dessert.</q>
As with other entries, this detailed background was added during the course of editing.  The
initial translation, in August 1998, had no annotations at all.  The geographical note was
added in January 2001, as was the references to sources for the proverb.  The translation
was improved as well.  Anne Mahoney, Eric Nelson, and David Whitehead worked on this entry,
which currently has <q>low</q> editorial status.</p>
         </div>
         <div>
            <head>SOL and Other Projects</head>
            <p>While the Web facilitates distributing a task like the translation of the <title>Suda</title>, nineteenth-century
scholars undertook similar tasks with index cards and slips of paper.  The idea of pulling together
a large, multi-national team for a large task is hardly original to SOL — or to the Internet age.
For example, the <title rend="italic">Oxford
English Dictionary</title> has always used readers to track down the usage history of words.  Originally,
they mailed slips of paper to the dictionary's editors;  for the on-going
current revision, readers submit citations by email.<note>Details of the OED Readers Program are
  at <ref target="http://dictionary.oed.com/readers/research.html">http://dictionary.oed.com/readers/research.html</ref>;  for the history of the
dictionary, see <ptr target="#winchester2003"/>.</note>
Similarly, the decipherment of the cuneiform scripts used in
much of the ancient Near East was performed by a distributed, loosely coordinated group of amateurs:
<quote rend="inline">Much of the ongoing work in deciphering the cuneiform inscriptions was still being carried on by
amateurs — army officers posted to Persia or Iraq who fell under the spell of the antiquities there,
or rural parish priests with time on their hands.</quote>
               <note>
                  <ptr target="#damrosch2006" loc="16"/>, referring to a period around 1860.</note>
            </p>
            <p>Translating the <title>Suda</title>, by comparison with such undertakings as these, is a relatively small, bounded task.
It also requires particular expertise:  knowledge of classical Greek.  Any reader of English may submit
citations to the OED, and anyone may edit entries in projects like Wikipedia.  Prospective SOL translators,
however, must request authorization and must ask to be assigned specific entries, though virtually everyone
who registers is approved.  Its model, therefore, is more like that of Citizendium,
an offshoot of Wikipedia which adds <q>gentle editorial oversight</q>
(as it explains on its own home page, <ref target="http://citizendium.org">http://citizendium.org</ref>).</p>
            <p>Wikipedia and Citizendium are new works, created largely from scratch.  Although Wikipedia
incorporates articles from earlier public-domain encyclopedias, in particular the eleventh
edition of <title rend="italic">Encyclopaedia Britannica</title> (1911) and the <title rend="italic">Catholic Encyclopedia</title> (1913),
and Citizendium incorporates articles from Wikipedia; in both cases these are a kind of
bootstrap mechanism, to get a first version in place as a basis for further editing.</p>
            <p>Other on-line encyclopedias are digital versions of existing print books.  These include commercial resources such as Oxford Reference on-line (<ref target="http://www.oxfordreference.com">http://www.oxfordreference.com</ref>)
    and public-domain resources such as the Catholic Encyclopedia (<ref target="http://www.newadvent.org/">http://www.newadvent.org/</ref>),
generally older books whose copyright has expired.  Within classics, the Perseus Digital Library
(<ref target="http://www.perseus.tufts.edu">http://www.perseus.tufts.edu</ref>) includes the <title>Dictionary of Greek and Roman
Antiquities</title>, edited by William Smith and others in 1890; the same author's dictionaries
of geography and of mythology;  <title rend="italic">Harper's Dictionary of Classical Antiquities</title>,
an abridgment of the Smith works;  <title rend="italic">A Topographical Dictionary of Ancient Rome</title>, by
Samuel Ball Platner and Thomas Ashby;  and <title rend="italic">The Princeton Encyclopedia of Classical Sites</title> (PECS)
by Richard Stillwell, William L. MacDonald, and Marian Holland McAllister.  Of these, all but the
last are old enough to be out of copyright;  the Princeton University Press gave permission to
digitize PECS.</p>
            <p>Unlike these encyclopedias, SOL is neither a completely new work nor a mere reproduction of an older one.
It includes the entire text of the tenth-century original, but the entries are enhanced and expanded with
modern scholarship.  Of course an annotated <title>Suda</title> does not <emph>require</emph> the Web,
but it would be unwieldy in print.  Adler's Greek edition is four fair-sized volumes.  The translation
alone would naturally be about the same size, and SOL's annotations are considerably larger.  On line,
however, readers can see entries one at a time, or in groups of search results.  Searching and indexing
are also considerably easier: it would be difficult, for example, to look through Adler's print
edition for the eight entries that use the ancient Greek word for <q>cat,</q> or to dig out
the entries that give etymologies.  The indexes of a print edition facilitate the kinds of searching
that the author or editor felt would be useful, and there is a necessary trade-off between providing
indexes and the time and space required to produce and print them.  Automatically generated indexes,
on the other hand, can be replicated nearly infinitely.  SOL allows direct access to entries by Adler
number, headword, original translator, and editor.  It is also possible to search either in specific
fields (translation, notes, bibliography) or without restriction, and there is also a search mechanism
for the Greek text of all entries, translated or not.  As a result, SOL not only provides more
information than the plain text of the <title>Suda</title> (in whatever language), it also makes it
easier to find and organize that information.</p>
            <p>SOL's organization reflects that of the original text.  Every entry in SOL comes
from the <title>Suda</title>;  since the original book had no entry for <q>Old Comedy,</q> 
for example (the particular type of comedy written by Aristophanes
and others in fifth-century Athens), there is no general article on this genre in SOL.  As a result,
absolute beginners in classical studies might find SOL a difficult place to get basic orientation.
Once a reader knows some of the basic terms of the field, however, it is straightforward to find
the <title>Suda</title>'s quotations from comedy and biographies of the major playwrights.  Within
those entries, the annotations and references direct the reader to more current work.  The audience
for SOL, then, is not only the specialist classical scholars who have always used the <title>Suda</title>
in the original Greek, but also scholars in other areas (religion, for example), students,
and general readers.<note>SOL also makes the <title>Suda</title> available to classicists
who do not have access to Adler's edition.  Large universities with doctoral programs in
classics will certainly have these volumes in their libraries, but smaller colleges or
high schools probably will not.</note>
            </p>
            <p>If SOL is not quite the same as other on-line encyclopedias, it is also not quite the same as
other works of classical scholarship.  The <title>Suda</title> itself, as an encyclopedia, is a 
type of commentary on classical texts.  Commentaries as a genre are perhaps more familiar to
classicists than to scholars in other literary fields, as Most points out <ptr target="#most1999"/>.  Writing a commentary 
is still a prestigious, if nowadays somewhat old-fashioned, project for a classical scholar,
and classicists generally read, study, and teach texts with commentaries close at hand.<note>In
addition to Most, see the articles in <ptr target="#gibson2002"/> on commentaries as a genre.</note>
SOL makes the commentary nature of the <title>Suda</title> more explicit by identifying and labelling
quotations, providing specific references, and fleshing out the <title>Suda's</title> discussions.
SOL is therefore almost the inverse of the <q>Do-It-Yourself Commentary</q> envisioned by Willard McCarty
as one of the ways the Web empowers scholars <ptr target="#mccarty2002" loc="376"/>.  Instead of sending readers out to make whatever
links they want, the SOL presents links created by the translators;  these may be hyperlinks in the technical
sense, or links of the kind long familar to readers of classical commentaries:  references to well-known
texts by their standard reference schemes.  On the other hand, every SOL translator may add links
in the course of annotating an entry — not only the expert editors, but anyone who knows
enough Greek to take part in the project.  Thus the links within SOL are not restricted to the
expected references, produced by classicists highly socialized in the discipline's thought patterns,
but may include anything at all that a translator finds useful.  Some two dozen entries link
to Wikipedia, for example;  others link to curious sites like the <q>Table of Nations</q> at
               <ref target="http://www.mazzaroth.com/tableofnations/tableofnations2.htm">http://​www.mazzaroth.com/​TableOfNations/​TableOfNations2.htm</ref>, purporting to
  list the descendants of Noah (<ref target="http://www.stoa.org/sol-bin/search.pl?searchstr=epsilon,38&amp;field=adlerhw_gr">from Epsilon 38, <q>Hebrews</q>
               </ref>).  Although the range
of relevant references may be quite broad, nonetheless annotating a <title>Suda</title> entry for SOL is
very much the same kind of work as writing commentary notes for any other classical text:  one
identifies quotations and allusions, glosses difficult grammar or obscure words, and perhaps mentions
similar passages in other works.  That is, SOL's editors extend the commentary already implicit
within the <title>Suda</title>, giving SOL's readers help both with reading the <title>Suda</title> itself
and with reading the texts the <title>Suda</title> discusses.</p>
            <p>Because SOL is also a translation, it is, in Rydberg-Cox's taxonomy, 
               a project based on <quote rend="inline">providing access to texts</quote> and <cit>
                  <quote rend="inline">helping readers understand scholarship</quote> 
                  <ptr target="#rydberg-cox2006" loc="22–24"/>
               </cit>.
In translating the <title>Suda</title>, or commenting on translations, contributors are in
general not producing new knowledge either about the classical
world that is the subject of the <title>Suda</title> or about the Byzantine world that produced it.
Boyer has called this kind of work <cit>
                  <quote rend="inline">scholarship of integration</quote> 
                  <ptr target="#boyer1990" loc="18"/>
               </cit>, and argues
    that academic work must go beyond the <cit>
                  <quote rend="inline">scholarship of discovery</quote> 
                  <ptr target="#boyer1990" loc="17"/>
               </cit>, which is research
in the traditional sense.  The importance of SOL is not primarily in helping professional classicists
make new discoveries, but in making this material more accessible and more comprehensible to
a wider audience.  SOL is among other things a form of outreach, a priority of the classics profession
(see for example the APA's Outreach Division, <ref target="http://www.apaclassics.org/outreach/outreach.html">http://​www.apaclassics.org/​outreach/​outreach.html</ref>).</p>
         </div>
         <div>
            <head>Conclusions</head>
            <p>As we have already observed, SOL's translation of the <title>Suda</title> is roughly
two-thirds done, and virtually all of the translated entries have been raised from <q>draft</q>
to <q>low</q> status by an initial vetting.  The project is quite usable already, though
    Dickey is correct to point out that readers must pay attention to the amount
    of editorial attention each entry has received <ptr target="#dickey2007" loc="91"/>.  Based on usage statistics and external links,
moreover, SOL is being read.  According to the usage statistics page at the Stoa (SOL's home),
SOL's search engine has received an average of 7589 hits in each of the last six months,
with a range from 9591 in January 2007 to 6226 in April.<note>To be precise, the statistics
  page <ref target="http://www.stoa.org/stats/">http://www.stoa.org/stats/</ref> reports 6440 hits on SOL's search program in June 2007,
7128 in May, 6226 in April, 8550 in March, 7597 in February, and 9591 in January.  It does not
report hits for the editing and vetting routine or for SOL's home page, nor does it distinguish
between hits from actual users and those from indexing crawlers.</note>  Various classics portal
pages provide links to SOL, notably the UK's Intute
(in the Arts and Humanities section, <ref target="http://www.intute.ac.uk/artsandhumanities/">http://​www.intute.ac.uk/​artsandhumanities/</ref>),
and several blogs have mentioned it, for example
  <ref target="http://curculio.org">http://curculio.org</ref> and <ref target="http://gypsyscholarship.blogspot.com">http://gypsyscholarship.blogspot.com</ref>.
Not surprisingly, the Wikipedia article on the <title>Suda</title> mentions SOL.  Medieval
and Byzantine studies sites also link to SOL, for example at 
  <ref target="http://www.library.nd.edu/byzantine_studies/digital_resources.shtml">Notre Dame</ref>,
at the  <ref target="http://home.vicnet.net.au/~byzaus/links.html">Australian Association for Byzantine Studies</ref>,
at the  <ref target="http://www.uba.uva.nl/humanities/object.cfm/objectid=93038d9f-f02c-40fa-9959ae8b5dfacdb7">University of Amsterdam</ref>,
  at the  <ref target="http://www.lib.uchicago.edu/e/ets/efts/medieval.html">University of Chicago</ref>,
and even in Google's directory for 
<ref target="http://directory.google.com/top/society/history/by_time_period/middle_ages/byzantine_empire/">Medieval and Byzantine studies</ref>.</p>
            <p>As a rule, only classics specialists would use the <title>Suda</title> in Greek,
because of its uneven quality and un-classical Greek style.  The uneven quality is mitigated
by editorial annotations, pointing out where the <title>Suda</title> has confused two similar
names or the like.  The problem of the gnarled Greek, of course, is solved by the translators.
Finally, the problem of figuring out where to look in the <title>Suda</title> for potentially
relevant information is solved, at least in part, by the search and index mechanisms.
SOL therefore makes this resource available to people who could never have used it before.</p>
            <p>In less than ten years, then, with minimal funding and largely volunteer labor (the student
programmers were paid), this project has gone from a query on an email list to a fairly widely-known
resource for the study of the classical world.  The technical decisions made by the project were
appropriate given available technology in 1998, when implementation began.  At that time, most
prospective translators did not have access to Unicode, so the project chose beta-code, the established
standard encoding for classical Greek.  Wikis existed but were not well known.  If the project
team had been aware of this technology, it could perhaps have adapted a Wiki to manage parallel
Greek and English versions of articles, yet it was hardly an irrational decision to write a
custom system.  Moreover, implementing and maintaining the system was a useful exercise for several
students, exposing them to humanities computing and to classical scholarship.  The underlying
system is not intended to be general;  it was written for the <title>Suda</title> and therefore embodies
several assumptions about the project, for example that the base text is in Greek, that it is divided into
entries identified by <q>Adler numbers,</q> and that those entries are generally fairly short.  It would
be a challenge to retro-fit this code for another project, even one conceptually similar like, for
example, translating the <title>Rig Veda</title> from Sanskrit to English.  While this means that
SOL has not been technologically seminal, it did make the project simpler to implement.</p>
            <p>The organizational decisions require even less argument.  SOL was from the beginning governed
by a small team of managing editors, and in 10 years it has added only two people to that group.
Because the project requires knowledge of ancient Greek, it was sensible to check prospective translators'
qualifications before giving them access to the text.  And because the project was intended to be
scholarly, it was appropriate to divide contributors into translators and editors, requiring greater
expertise from the latter group.</p>
            <p>What has made SOL successful, however, is its focus.  Instead of setting out to produce a
complete reference on all of classical antiquity, the project team chose to translate and annotate
a single text — a large, complex one, to be sure, but nonetheless a single, bounded text.  As a 
result, there were natural milestones:  first hundred entries done, half the entries done, and so on.
This helped keep the project moving, as there is always a goal in sight.  Moreover, no one faced the
problem of figuring out what to say.  The entries already existed, so all the contributors had to do
was translate them, then explain them.  Translating an existing entry, even a long one like Homer (omicron 251)
or Jesus (iota 229), seems much easier than writing an essay about the life and works of such a figure.
Citizendium has created what might function as a similar focusing mechanism, dividing the topics
it wishes to cover into a series of disciplinary groups and listing the articles to be written
in each topic, though not every topic's editors have yet created a comprehensive list.  (For classics,
for example, the <q>priority articles</q> to be written are Herodotus, Latin language, Vergil, Ovid, and
Cicero — barely a beginning.)  Wikipedia, on the other hand, has no set topic list, but accepts entries
on everything from classical authors to American professional soccer players.  As a result, Wikipedia
will never be <q>finished</q> in any meaningful sense.  It might be possible to have a complete set of articles
on classical antiquity within Wikipedia, but the encyclopedia as a whole is deliberately open-ended.</p>
            <p>The linguistics community has proposed a collaborative project to update the linguistics-related
entries in Wikipedia, at least some of which are taken over from <title rend="italic">Encyclopedia Britannica</title>
               and have not been updated at all (see <ref target="http://www.linguistlist.org/issues/18/18-1831.html">http://​www.linguistlist.org/​issues/​18/​18-1831.html</ref> for
the announcement).  Classicists, or other disciplinary groups, could do the same.  To begin with,
such a project would be bounded in the same way as SOL, because scholars would be working on the entries that
are already in Wikipedia.  But this project could also have the opposite advantage:  scholars would not
be constrained to only the existing entries and their structure, but could add or reorganize as appropriate.
SOL has shown us that this sort of collaboration can work;  as <title>Suda</title> translation comes to a 
close, perhaps translators looking for another project could follow the linguists' lead.</p>
            <p>As a tool for scholarly work, SOL makes the <title>Suda</title> accessible as it has not been before.
SOL makes the Greek text available to those who can read it and supplies an English translation
for those who cannot.  Its searching and indexing make the <title>Suda</title> easier to use than it is
in print form.  The commentaries both within the <title>Suda</title> itself and added by the SOL
translators bring the somewhat random 10th-century encyclopedia up to date.  As a collaboration
SOL demonstrates the feasibility of open peer review and the value of incremental progress.</p>
            <p>For readers interested in getting the flavor of the <title>Suda</title>, the following entries
are good starting points:
<list>
                  <item>
                     <ref target="http://www.stoa.org/sol-bin/search.pl?searchstr=iota,229&amp;field=adlerhw_gr">Iota 229, Jesus</ref>, translated by Catharine Roth</item>
                  <item>
                     <ref target="http://www.stoa.org/sol-bin/search.pl?searchstr=omicron,251&amp;field=adlerhw_gr">Omicron 251, Homer</ref>, translated by Malcolm Heath</item>
                  <item>
                     <ref target="http://www.stoa.org/sol-bin/search.pl?searchstr=alphaiota,230&amp;field=adlerhw_gr">Alphaiota 230, ainos (fable)</ref>, translated by Ross Scaife</item>
                  <item>
                     <ref target="http://www.stoa.org/sol-bin/search.pl?searchstr=alpha,3932&amp;field=adlerhw_gr">Alpha 3932, Aristophanes</ref>, translated by Jennifer Benedict</item>
                  <item>
                     <ref target="http://www.stoa.org/sol-bin/search.pl?searchstr=kappa,2287&amp;field=adlerhw_gr">Kappa 2287, Constantinople</ref>, translated by David Whitehead</item>
               </list>
            </p>
         </div>
      </body>
      <back>
         <listBibl>
            <bibl xml:id="adler1938" label="Adler 1938" key="adler1938">Adler, Ada (ed). <title rend="italic">Suidae Lexicon</title>. Lepizig: Teubner, 1928-1938.</bibl>
            <bibl xml:id="boyer1990" label="Boyer 1990" key="boyer1990">Boyer, Ernest L. <title rend="italic">Scholarship Reconsidered: Priorities of the Professoriate</title>. Carnegie Foundation for the Advancement of Teaching, 1990.</bibl>
            <bibl xml:id="cancick2002" label="Cancick 2002" key="cancick2002">Cancick, Hubert and Helmut Schneider (eds). <title rend="italic">Brill's New Pauly: Encyclopedia of the Ancient World</title>. Leiden and Boston: Brill, 2002.</bibl>
            <bibl xml:id="damrosch2006" label="Damrosch 2006" key="damrosch2006">Damrosch, David. <title rend="italic">The Buried Book: The Loss and Rediscovery of the Great Epic of Gilgamesh</title>. New York: Henry Holt and Company, 2006.</bibl>
            <bibl xml:id="dickey2007" label="Dickey 2007" key="dickey2007">Dickey, Eleanor. <title rend="italic">Ancient Greek Scholarship: A Guide to Finding, Reading, and Understanding Scholia, Commentaries, Lexica, and Grammatical Treatises, from Their Beginnings to the Byzantine Period</title>. Oxford: Oxford University Press, 2007.</bibl>
            <bibl xml:id="dionisotti1990"
                  label="Dionisotti 1990"
                  key="dionisotti1990">Dionisotti, A. C. <title rend="italic">Robert Grosseteste and the Greek encyclopaedia</title>. In <title rend="italic">Rencontres de Cultures dans la Philosophie Médiévale</title>, ed. Jacqueline Hamesse and Marta Fattori (Louvain-la-Neuve: Publications de l'Institut d'études médiévales, 1990): 337-353.</bibl>
            <bibl xml:id="finkel2000" label="Finkel 2000" key="finkel2000">Finkel, Raphael, William Hutton, Patrick Rourke, Ross Scaife, Elizabeth Vandiver. <title rend="quotes">The Suda On Line.</title> 
               <title rend="italic">Syllecta Classica</title> 11 (2000): 178-190.</bibl>
            <bibl xml:id="shuttleworthkraus2002" label="Shuttleworth-Kraus 2002" key="shuttleworthkraus2002">Gibson, Roy K. and Christina Shuttleworth Kraus, eds. <title rend="italic">The Classical Commentary: Histories, Practices, Theory</title>. Leiden and Boston: Brill, 2002.</bibl>
            <bibl xml:id="henderson1998" label="Henderson 1998" key="henderson1998">Henderson, Jeffrey. <title rend="italic">Aristophanes: Clouds, Wasps, Peace</title>. Loeb Classical Library. Cambridge: Harvard University Press, 1998.</bibl>
            <bibl xml:id="herrin1996" label="Herrin 1996" key="herrin1996">Herrin, Eric H., II, and Raphael Finkel. <title rend="quotes">Schema and Tuple Trees: An Intuitive Structure for Representing Relational Data.</title> 
               <title rend="italic">Computing Systems</title> 9.2 (1996): 93-118.</bibl>
            <bibl xml:id="hornblower1996"
                  label="Hornblower 1996"
                  key="hornblower1996">Hornblower, Simon, and Anthony Spawforth, eds. <title rend="italic">Oxford Classical Dictionary</title>, 3rd edition. Oxford: Oxford University Press, 1996.</bibl>
            <bibl xml:id="macdowell1995" label="MacDowell 1995" key="macdowell1995">MacDowell, Douglas M. <title rend="italic">Aristophanes and Athens: An Introduction to the Plays</title>. Oxford: Oxford University Press, 1995.</bibl>
            <bibl xml:id="mccarty2002" label="McCarty 2002" key="mccarty2002">McCarty, Willard. <title rend="quotes">A Network with a Thousand Entrances: Commentary in an Electronic Age?</title> In Gibson and Kraus (eds). <title rend="italic">The Classical Commentary: Histories, Practices, Theory</title> (Leiden and Boston: Brill, 2002): 359-402.</bibl>
            <bibl xml:id="most1999" label="Most 1999" key="most1999">Most, Glenn W. (ed). <title rend="italic">Commentaries = Kommentare</title>. Göttingen: Vanhoeck and Ruprecht, 1999.</bibl>
            <bibl xml:id="pfeiffer1999" label="Pfeiffer 1999" key="pfeiffer1999">Pfeiffer, Rudolf. <title rend="italic">History of Classical Scholarship: 1300-1850</title>. Oxford: Oxford University Press, 1976; reprinted Sandpiper Books, 1999.</bibl>
            <bibl xml:id="reynolds1991" label="Reynolds 1991" key="reynolds1991">Reynolds, L. D. and N. G. Wilson. <title rend="italic">Scribes and Scholars: A Guide to the Transmission of Greek and Latin Literature</title>, third edition. Oxford: Oxford University Press, 1991.</bibl>
            <bibl xml:id="rydbergcox2006"
                  label="Rydberg-Cox 2006"
                  key="rydbergcox2006">Rydberg-Cox, Jeffrey A. <title rend="italic">Digital Libraries and the Challenges of Digital Humanities</title>. Oxford: Chandos Publishing, 2006.</bibl>
            <bibl xml:id="winchester2003"
                  label="Winchester 2003"
                  key="winchester2003">Winchester, Simon. <title rend="italic">The Meaning of Everything: The Story of the Oxford English Dictionary</title>. Oxford: Oxford University Press, 2003.</bibl>
            <bibl xml:id="zecchini1999" label="Zecchini 1999" key="zecchini1999">Zecchini, Giuseppe (ed). <title rend="italic">Il lessico Suda e la memoria del passato a Bisanzio: Atti della giornata di studio</title>. Bari: Edipublia, 1999.</bibl>
         </listBibl>
      </back>
   </text>
</TEI>
