<?xml version="1.0" encoding="UTF-8"?>
<?oxygen RNGSchema="../../common/schema/DHQauthor-TEI.rng" type="xml"?>
<?oxygen SCHSchema="../../common/schema/dhqTEI-ready.sch"?>
<TEI xmlns="http://www.tei-c.org/ns/1.0"
     xmlns:dhq="http://www.digitalhumanities.org/ns/dhq"
     xmlns:rdf="http://www.w3.org/1999/02/22-rdf-syntax-ns#"
     xmlns:cc="http://web.resource.org/cc/">
   <teiHeader>
      <fileDesc>
         <titleStmt>
            <title>Service-Oriented Software in the Humanities: A Software Engineering Perspective</title>
            <author>Nicolas Gold</author>
            <dhq:authorInfo>
               <dhq:author_name>Nicolas 
    <dhq:family>Gold</dhq:family>
               </dhq:author_name>
               <dhq:affiliation>King's College London, Department of Computer Science</dhq:affiliation>
               <email>nicolas.gold@kcl.ac.uk</email>
               <dhq:bio>
                  <p>Nicolas Gold is a Senior Lecturer in Computer Science at King's College London, having previously worked at UMIST and the University of Durham.  He received his PhD in software engineering from the University of Durham in 2000.  His research interests encompass digital humanities, in particular computational musicology, and software maintenance.  He has published many international conference and journal papers and has led or participated in research projects funded by the UK Engineering and Physical Sciences Research Council (EPSRC), EU, and industry.  He is a member (and former deputy-director) of the Centre for Research in Evolution, Search, and Testing (CREST), and led the EPSRC Service-Oriented Software Research Network.</p>
               </dhq:bio>
            </dhq:authorInfo>
         </titleStmt>
         <publicationStmt>
            <idno type="DHQarticle-id">000072</idno>
            <idno type="volume">003</idno>
            <idno type="issue">4</idno>
            <dhq:articleType>article</dhq:articleType>
            <date when="2010-03-20">20 March 2010</date>
            <dhq:articleType>article</dhq:articleType>
            <availability>
               <cc:License xmlns="http://digitalhumanities.org/DHQ/namespace"
                           rdf:about="http://creativecommons.org/licenses/by-nc-nd/2.5/"/>
            </availability>
         </publicationStmt>
         <sourceDesc>
            <p>Authored for DHQ; migrated from original DHQauthor format</p>
         </sourceDesc>
      </fileDesc>
      <encodingDesc>
         <classDecl>
            <taxonomy xml:id="dhq_keywords">
               <bibl>DHQ classification scheme; full list available in the <ref target="http://www.digitalhumanities.org/dhq/taxonomy.xml">DHQ keyword taxonomy</ref>
               </bibl>
            </taxonomy>
            <taxonomy xml:id="authorial_keywords">
               <bibl>Keywords supplied by author; no controlled vocabulary</bibl>
            </taxonomy>
         </classDecl>
      </encodingDesc>
      <profileDesc>
         <langUsage>
            <language ident="en"/>
         </langUsage>
      </profileDesc>
      <revisionDesc>
         <change>Encoded document</change>
         <change when="2009-10-19" who="Alyssa">made corrections</change>
      </revisionDesc>
   </teiHeader>
   <text>
      <front>
         <dhq:abstract>
            <p>Software Engineering, as a sub-discipline of the broader field of computer science, is concerned with the production, use, and maintenance of large, complex software systems. On first inspection, the set of managerial and technical activities involved in software engineering appears to be somewhat orthogonal to core research activity in the humanities, being concerned more with the production of research-enabling software systems than the research itself. However, as the scale of software used in digital humanities has increased, it is becoming clear that there are ways in which software engineering can inform, inspire, and aid in the management of the larger-scale software systems now being constructed in these disciplines. In particular, the development of service technology to aid in the production of flexible software systems for business now offers opportunities, not only for collaborative data sharing, but also the modelling, capture, provenancing, and replay of the research (and possibly creative) process itself.</p>
            <p>This paper examines, from the perspective of a software engineer relatively new to the digital humanities, how the recent developments in service-oriented architectures could be used to enable new approaches to digital enquiry in the arts and humanities. The first part of the paper presents a brief history of software engineering, with particular reference to the aspects that have led to service-oriented architectures. In the second part, the paper offers some thoughts on how certain aspects of service-oriented architectures could be used to enable new kinds of computer-based research and practice in the arts and humanities. It also introduces important national initiatives in this area, such as the JISC e-Framework programme for Higher Education.</p>
         </dhq:abstract>
         <dhq:teaser>
            <p>This paper looks at how recent advances in software engineering can help the digital humanities.</p>
         </dhq:teaser>
      </front>
      <body>
         <head>Service-Oriented Software in the Humanities: &#x2028;A Software Engineering Perspective</head>
         <div>
            <head>The Road to Services: An SE Perspective</head>
           <p>Recent developments in the context of arts and humanities e-science have highlighted the possibilities of service-oriented approaches in arts and humanities research. These centre around new ways of describing and documenting research workflows, and in connecting academic users with the kinds of tools and data resources described elsewhere in this volume. Some of these methods and related projects were discussed at a series of international seminars, <title rend="italic">Service Oriented Computing and the Humanities</title>, organized jointly by the AHRC ICT Methods Network <ref target="http://www.methodsnetwork.ac.uk">http://​www.methodsnetwork.ac.uk</ref> and the EPSRC Service Oriented Software Research Network <ref target="http://sosornet.dcs.kcl.ac.uk/">http://​sosornet.dcs.kcl.ac.uk/</ref>, the most recent of which was held in conjunction with the Digital Humanities 2008 conference in Oulu, Finland <ref target="http://www.ekl.oulu.fi/dh2008/">http://​www.ekl.oulu.fi/dh2008/</ref>.</p>
            <p>Looking back, one can see that as software systems began to increase in size and complexity,
    organisations increasingly came to depend on them and it became clear that the production of
    software was a discipline requiring far more than simply programming.  In 1968, the term
    <q>software engineering</q> was first used to describe a particular branch of the
    nascent computing field concerned with building software systems on time and on budget <ptr target="#naur1969"/>.   Software engineering (SE) is now defined as
    <cit>
                  <quote rend="block">The application of a systematic, disciplined, quantifiable approach to the development, operation, and maintenance of software...</quote>
                  <ptr target="#ieee1990"/>
               </cit>
    As such, SE encompasses both technical and managerial (perhaps also organisational and inter-organisational) processes and techniques.</p>
            <p>Although much emphasis is placed on the delivery of new systems, the maintenance of existing
    software consumes at least 50% of the lifetime cost of a software system <ptr target="#lientz1980"/>.  Constant and rapid organisational change leads to new requirements for
    functionality and changes to accommodate new operating environments, and the implementation of
    these changes creates bugs that must be fixed (perfective, adaptive, and corrective maintenance,
    respectively <ptr target="#swanson1976"/>).  The increasing complexity of software has led to the development of abstraction mechanisms to allow the well-defined <q>packaging</q> of functionalities in such a way that larger-scale software can be built from these discrete elements.  This allows the software engineer to maintain his or her understanding through manipulating the higher-level abstractions and ignoring the detail.</p>
            <p>In all cases, these abstractions rely on the principle of <q>information hiding</q> first
    introduced by Parnas <ptr target="#parnas1972"/>.  This principle establishes the idea that information about the way in which a section of a program (or a data structure) is implemented should not be made available to other parts of that program.  The advantage of such an approach, beyond the fact that details can be abstracted away, is that other programmers cannot rely on the method of implementation to achieve a particular result, thus that method can be changed with no adverse effect elsewhere.  From a software maintenance perspective, the <q>ripple</q> effect of a change is then minimised.</p>
            <p>Initially, such abstractions took the form of programming language features like SECTIONS in
    COBOL (for more information on COBOL see the latest version of the international standard <ptr target="#iso2002"/>) where all variables are visible to the whole program (<emph>global
    scope</emph>) but functional code can be separated into blocks linked by PERFORM and GOTO
    statements.  At this stage, the abstraction operated only on the sequence of code statements (so
    statements relating to a particular operation could be gathered together separately).  As the
    field developed, other languages (e.g. C <ptr target="#kernighan1988"/>) were created to allow <emph>local scope</emph>, variables that exist only in the context of a particular block of code.  Local scoping allowed a better segmentation of the program into functional units since data relevant to a particular computation (e.g. a temporary result) could be stored in a variable that existed only for the duration of the computation.  Transfer of values from one part of a program to another takes place through global variables (those visible everywhere) or through a mechanism of procedure calls.  The advantage of these <q>block-structured</q> approaches is that reusing a procedure elsewhere becomes nothing more than supplying data that conforms to the prescribed sizes, types, and number of data items required when calling it.  In addition, if a change is to be made to the body of the procedure (e.g. perhaps one sorting algorithm is replaced with another) then no other part of the program is affected.  The functionality is thus separated by an interface from the rest of the program.</p>
            <p>Although functionality and data could now be separated, reused, and maintained more easily,
    data itself was still somewhat a second-class citizen since it was stored separately in
    databases and files.  The development of <term>abstract data types</term> (ADTs) began to raise data to a first-class entity in programming, by going beyond simple procedures for operating on data (such as calculating with integers or splicing strings), to allow the definition of entirely new data types and the operations on them.  Again, a well-defined interface was used as the means of communicating the necessary incoming and outgoing parameters.  From here it was a small step to object-orientation and the modern programming languages used today.</p>
            <p>It is now the norm for global variable usage to be minimised, for data to be managed inside an object through an interface that defines the operations and types of that data, and for data to persist (i.e. be stored beyond the timespan of a single program execution) behind that interface also.  The encapsulation of data and function in this way has progressively allowed the construction of larger and more complex software as the amount of functionality captured in a single <q>chunk</q> of functionality has increased.</p>
            <p>From an organisational perspective, the development of interface-oriented programming allowed
    companies to sell independent components of software for others to buy.  This Component-Based
    Software Engineering (CBSE) approach (e.g. see <ptr target="#szyperski2002"/>) allowed organisations to buy-in pre-tested components of software with well-defined interfaces that could be integrated into systems under construction.</p>
            <p>Despite all these advances in the construction of software systems and similar advances in the management of software projects, the problem of maintaining old legacy systems has become increasingly difficult.  Making a change to a software system involves impact analysis (assessing the extent of a change and its impact on the rest of the system), design, implementation, regression testing (to ensure nothing that was working has broken), and upgrade management.  These problems can be more complex for organisations relying on externally-sourced components since a change or update in the component (outside the customer’s control) could impact internal systems.  Equally, failure of the component supplier could lead to support for a potentially critical piece of software vanishing without warning.  Many of the lessons of component-based software engineering are relevant to the service-oriented approaches currently in vogue.</p>
            <p>Against this backdrop, in 1995 BT <ref target="http://www.bt.com">http://www.bt.com</ref>
    formed a Distributed Centre of Excellence (DiCE) in Software Engineering to study the future of
    software.  This group identified  a service-oriented approach as a way of increasing software
    flexibility through the apparently simple means of changing the emphasis of organisational IT
    from ownership to use <ptr target="#brereton1999"/>.  The group envisaged a situation where
    software would be created by composing (through well-defined interfaces) a set of
    remotely-offered services, procured at the time of need to meet current requirements (see <ptr target="#bennett2001a"/>, <ptr target="#bennett2001b"/>).  When system execution was complete,
    the services would be de-coupled until the next execution.  At that point, if the requirements
    had changed, a slightly different set of services would be procured, composed and executed.  In
    this way, there would never be a single legacy system to be maintained and thus greater flexibility and rapid change would be available.  This approach requires considerably more inter-organisational co-operation and exacerbates the problems first found in component-based software engineering when component (service) interfaces changed or their suppliers failed.</p>
            <p>Web service technologies that support this, and similar approaches, have been developed since
    about 2000 and are now widely used (e.g. Web Service Description Language (WSDL) for endpoint description, Simple Object Access Protocol (SOAP) for messaging, and Web Service Choreography Description Language (WS-CDL)  for choreography description).</p>
            <p>In a sense, services represent the ultimate extension of the information-hiding principle.  Procedures allowed the separation of related parts of code, scope rules allowed the separation of local and global data, ADTs and objects allowed related data and functionality to be associated and have persistence, and services now allow the hiding of the execution and location of the code and data behind a well-defined interface.</p>
         </div>
         <div>
            <head>Key Principles of a Service-Oriented Architecture</head>
            <p>Krafzig et al. define a service-oriented architecture thus:
    <cit>
                  <quote rend="block">A Service-Oriented Architecture is a software architecture
     that is based on the key concepts of an application frontend, service, service repository, and
     service bus.  A service consists of a contract, one or more interfaces, and an implementation.</quote>
                  <ptr target="#krafzig2004"/>
               </cit>
    Although this definition reflects its authors’ terminology, it nonetheless sets out clearly the
    key elements required to adopt a service-oriented approach to software engineering.  There must
    be a user interface (frontend), a populated collection of services (the repository), and a mechanism for connecting them (the bus). In much the same way as users/customers of commercial services need a frontend, repository and bus when using a Service-Orented Architecture, so researchers employing the academic research cycle have well-established needs for published outputs, formal research methods, and raw data.  For each service, the contract describes informally what it does, the interfaces define this technically, and the implementation is self-explanatory <ptr target="#krafzig2004"/>.</p>
            <p>Whilst this approach is sufficient within a single organisation that has control over all
    aspects of the architecture and can work at any functional granularity in combining services,
    cross-organisational systems (such as those likely to be used in the digital humanities) also
    require standardisation in terms of the description of execution ordering (choreography and
    orchestration).  Languages such as Web Service Business Process Execution Language (WS-BPEL)
    (OASIS 2007) and WS-CDL (defined above) (W3C 2005) provide the framework within which such
    knowledge can be captured, represented, and used.  Choreography allows each party to describe
    their role in an interaction whereas orchestration defines an executable process specifying how
    services work with each other from the perspective of a single party <ptr target="#peltz2003"/>.  The two are complementary allowing both single-point and global views of the control and data flow through a process.</p>
         </div>
         <div>
            <head>Services in the Humanities</head>
            <p>The opportunities afforded by services have been recognised in many fields including the
    humanities since the promise of such enabling technology is very great.  The JISC e-framework
    presents the utopian vision of a fully-connected, totally-interoperable environment in which
    data sources can simply be connected on demand in Higher Education <ptr target="#jisc2007"/>.  
    It aims to facilitate technical interoperability within the education and research communities through the use of, among other things, a service-oriented approach to system and process integration <ptr target="#jisc2007"/>.  However, it should noted for balance that many fundamental technical problems in services-technology have yet to be fully resolved, e.g., 
   <list type="unordered">
                  <item>reliable and predictable composition (in other words, a means by which services can be put together to achieve a known goal, every time, and with predictable characteristics)</item>
                  <item>version control (the means by which revisions to services for bug fixes or new functionality can be managed and publicised to users)</item>
                  <item>data description</item>
                  <item>function description (the means by which the operation of a service can be described for both humans and machines)</item>
                  <item>problem description (the means by which the operation or problem solved by workflows and choreographies can be described)</item>
                  <item>performance</item>
                  <item>and reliability</item>
               </list>
   There has been a strong emphasis on encoding (rather than content) that has led to the
   development of many description and representation languages for web services.  Less
   understanding has been developed of how best to use these.  The problem of describing
   functionality has long been recognised and became particularly pertinent when component-based
   software engineering became more widespread.  Describing the function of a service can be
   difficult because the way in which that description should be expressed often reflects the domain of application rather than the anticipated usage of the service-creator.  Some progress has been made using ontologies but it is not clear that these will resolve all the outstanding issues.</p>
            <p>Beyond the technical, major organisational and infrastructure issues have yet to be resolved.  Although service-orientation is beginning to become more widespread in commercial IT, cross-organisational services are still relatively rare, particularly on a large scale, and most service-oriented implementations are intra-organisational.  This is unsurprising since IT is business-critical to many organisations and the necessary trust and payment mechanisms have not yet matured sufficiently in the technical realm to be relied upon for ad-hoc commercial collaboration.  When collaborating off-line, many hours are devoted to the construction of complex contractual agreements between organisations to ensure that obligations are clearly stated, can be monitored, and penalties applied in the event of non-compliance.  These exist within the legal framework of the jurisdiction in which the contract is made.  The international and multi-jurisdictional nature of the internet makes it very difficult to make such contractual arrangements, especially on an ad-hoc basis and monitoring is similarly difficult.  On-line payment mechanisms for flexible and re-configurable tasks do not really exist yet.  In addition, legal restrictions on the transmission and use of personal data limit the ability of organisations to collaborate in this way.</p>
            <p>Organisations can, nonetheless, derive significant benefit from <emph>internal</emph>
    service-oriented systems.  The nature of the architecture means that, for medium to large
    organisations, their software maintenance burden can be decreased through the incremental
    adoption and use of service-orientation (see <ptr target="#krafzig2004"/>).</p>
            <p>By espousing an inter-organisational data- and process-sharing vision for the humanities, the field is placing itself at the forefront of research in service-oriented software engineering.  It is likely that many of the challenges faced by commercial implementations of services will also be faced by those adopting this technology in the digital humanities.  However, this less commercial nature of services use may allow the necessary time and space to experiment and drive forward the field as a whole.</p>
            <p>One further significant issue is that of long-term maintenance of the services-infrastructure.  Commercial organisations have long recognised the risk of supplier failure (e.g. in component-based software engineering and now in inter-organisational services) and this has to some extent restricted the adoption and use of these technologies.  If a component supplier fails, the customer organisation is usually insulated for a short period from the effect of this by virtue of owning the executable code and thus being able to continue operating their system even if they are unable to change it as rapidly as desired.  In a service-based software system, the effect of supplier failure is immediate since workflows using the services offered will be unable to continue.</p>
            <p>What is being proposed for the digital humanities (by visions such as the e-framework <ptr target="#jisc2007"/>) is effectively a very large, multi-organisational, distributed and somewhat
    uncoordinated IT infrastructure, where many service providers are autonomous and with differing
    <q>business</q> goals.  There has been some work aimed at data integration in such
    situations, for example, the IBHIS project (see <ptr target="#kotsiopoulos2003"/>).  This project
    developed a broker for integrating healthcare data sources on-the-fly using a meta-ontology and
    registry <ptr target="#kotsiopoulos2003"/>. Although there have been proposals for adapting and
    enhancing such approaches for applications in the humanities, the field is by no means mature in
    this respect <ptr target="#dunn2007"/>.</p>
            <p>Long-term support for the archives and services created as this technology is adopted is vital to carry out the software maintenance that will, as long experience in the software evolution field has shown, be necessary to sustain the infrastructure.  In many respects, this is more critical in an academic field than commercially.  An organisation finding that it no longer has a current need for a particular piece of IT can retire it without significant loss, thus freeing resources for new developments to support current business needs.  It would be considerably more difficult to plan obsolescence in an academic field where services encapsulating data may have lain dormant for some years before being found to be critical to some enquiry in the future.  Organisations providing service-oriented access to data, archives, or functionality will therefore need to ensure that a reliable delivery platform exists in the long-term.  Moreover, they will also need to make provision for adaptive maintenance to keep pace with changing interconnection languages, and also to meet perfective maintenance requests for exposing that data or functionality in new ways.  Without such planning and long-term support, there is a risk that considerable investment will be made in service-oriented <q>island</q> solutions, precisely the type of solutions that service-oriented architectures are designed to avoid.</p>
         </div>
         <div>
            <head>Beyond Building the Systems</head>
            <p>Having discussed how software engineering experience has and continues to provide a perspective on IT in the humanities, the next sections set out some ideas for the adaptation of services-technology to become part of the research and creative processes themselves.</p>
            <div>
               <head>Contribution to the research process</head>
               <p>SOAs offer the opportunity to go beyond just providing the infrastructure for sharing
     resources, allowing the steps of a research process to be made explicit and reused in the form
     of a workflow or choreography.  For example, by assembling appropriate functional and data
     services using a workflow expressed in WS-CDL, the research method itself is documented in use.
     Service-based systems for undertaking research thus become self-documenting and repeatable.  In
     addition to providing the capability for transferring traditional research methods to the
     digital realm, this offers the opportunity to develop new research methods that can only be
     used with online resources.  These can then be studied, criticised and improved because their
     representation is explicit.  Similar approaches have been used to great effect in scientific
     discovery where the process of reaching a result can be as important as the result itself (e.g.
     <ptr target="#syed2006"/> and <ptr target="#deroure2008"/>).  Using an explicit representation
     also allows for versioning and provenancing to allow a historical record of the development of
     such techniques.  Many of these ideas are embodied in the myExperiment platform (see <ptr target="#deroure2008"/>).  The application of similar principles has also been discussed in the
     context of archaeology <ptr target="#dunn2007"/>.</p>
               <p>Current technology, whilst sufficient to describe the necessary control and data flow conditions to connect services, may need to be extended to allow the expression and representation of domain-specific constraints.  For example, a text-processing service pipeline designed to extract metadata under a given methodology may need to have constraints applied to describe the kinds of text sources or services to which it may be applied.  This kind of constraint goes beyond simply describing the data type and format and relates more to the semantics of the domain of application.</p>
            </div>
            <div>
               <head>Contribution to Creative Practice</head>
               <p>Moving even further from simple infrastructure provision, an additional step beyond representing research methods as service-workflows is to involve services and workflow definitions in creative practice, thus creating a self-documenting record of the creative process.  The naturally distributed paradigm may also allow for new forms of collaboration.</p>
               <p>Whilst not applicable to all artistic forms, one can imagine digital visual art created from
     the successive application of services (perhaps written by one artist, perhaps by many), the
     sequence, repetition, and conditions of service application being defined using workflow
     languages by the artist <q>composing</q> the work.  Since services do not need to
     exist locally, complexity in image rendering, for example, could take place on-the-fly at a
     remote, high-power computing facility with the results delivered to the artist.  A forerunner
     of this kind of approach can be found in Whitbread’s <title rend="quotes">In the Womb of the
     Rose</title> project where artists collaborate by placing images using placeholder slots to
     form an artwork as a whole <ptr target="#whitbread2007"/>.  A service-oriented approach would
     allow alternative creative flexibility since collaboration could take place in the form of a
     re-arrangeable production process (i.e. the software embodying methods for producing art has
     been created as services), not just the results.  Indeed, it is possible to envisage
     distributed, interactive installations based on services technology where the execution of the
     service functionality may not be fully automated (the information hidden behind the interface
     being the presence and interaction of a human artist, rather than software).  Although
     approaches to distribution have been previously used (e.g. distributed performances and
     installations using Open Sound Control <ptr target="#cnmat2007"/>), the use of standardised service languages would allow the easier study of the artistic process as well as the resulting artwork.</p>
            </div>
         </div>
         <div>
            <head>Essence and Accidents</head>
            <p>This paper has envisioned a world where fine-grained services can be composed to allow new possibilities for enquiry in the digital humanities.  It is an attractive vision with the potential to transform the nature of research in this field.  However, consideration should be given to the possible effect (or lack of effect) of such a change.</p>
            <p>In 1987, Brooks analysed the field of software engineering and technological development
    therein <ptr target="#brooks1987"/>.  He characterised software engineering in terms of its essence (aspects intrinsic to software itself), and its accidents (aspects related to the production of software but not inherent in it).  Brooks’ position was that, no matter what technological means may be brought to bear on the production of software, it would remain an essentially conceptual and difficult activity.  Progress in software engineering has largely borne out this position.</p>
            <p>It is possible, therefore, that despite the apparent potential of services, they are only the next step in a line of <q>accidental</q> developments in the software engineering field.  If so, then they will only achieve a small improvement in system flexibility.</p>
            <p>However, system flexibility is only one advantage posited by this article.  A case has also been made for the opportunities to transform and record the research process in digital humanities using service-orientation.  Whether services will have this envisaged impact on the digital humanities will depend to some extent on what might be seen as the <q>essence</q> and <q>accidents</q> of enquiry in the digital humanities.  There is no question that digitisation offers many advantages, but the granularisation inherent in service-orientation may actually restrict rather than enhance research practice.  A comparison might be drawn between modelling with clay or plastic construction bricks.  Both achieve similar ends but have different characteristics, advantages and disadvantages.  Modelling with clay offers limitless possible shapes for the end result but it takes a comparatively long time to reach simple shapes.  Modelling with bricks is quick, especially for simple shapes but ultimately there is less flexibility.  It is clear that, whatever advantages may be conferred by technological developments such as services (such as quick access and integration of data), there will always be a role for the individual researcher to deal with the <q>essential</q> enquiry.  The insight, intuition, knowledge, and expertise that the researcher brings to bear on a research question (the <q>essence</q>), combined with the ability to digitally encapsulate and combine data and methods (the <q>accidents</q>) offers great potential for the future of digital humanities.</p>
         </div>
         <div>
            <head>Summary</head>
            <p>This paper has attempted to draw together key concepts from software engineering, chart their development, and discuss their application to the digital humanities.  In particular, the principle of information hiding and its embodiment in service-oriented architectures is discussed and related to possible applications in both research and creative practice.  The paper has also discussed the organisational and inter-organisational implications of widespread adoption of service-technology in the digital humanities.</p>
         </div>
         <div>
            <head>Acknowledgements</head>
            <p>As a relative newcomer to the digital humanities, I am very grateful to the many people with whom I have discussed problems, solutions and ideas over the past year.  In particular, I would like to thank Lorna Hughes, Stuart Dunn, Neta Spiro, John Rink, Nicholas Cook, Daniel Leech-Wilkinson and Craig Sapp for the many useful meetings we have held.</p>
         </div>
      </body>
      <back>
         <listBibl>
            <bibl xml:id="bennett2001a" label="Bennett 2001a" key="bennett2001a">Bennett, K., M. Munro, et al. (2001). <title rend="italic">An Architectural Model for Service-Based Software with Ultra Rapid Evolution</title>. 17th IEEE International Conference on Software Maintenance (ICSM'01).</bibl>
            <bibl xml:id="bennett2001b" label="Bennett 2001b" key="bennett2001b">Bennett, K. H., J. Xu, et al. (2001). An Architectural Model for Service-Based Flexible Software. <title rend="italic">Proceedings of the 25th International Computer Software and Applications Conference on Invigorating Software Development</title>, IEEE Computer Society.</bibl>
            <bibl xml:id="brereton1999" label="Brereton 1999" key="brereton1999">Brereton, P., D. Budgen, et al. (1999). <title rend="quotes">The future of software.</title> 
               <title rend="italic">Commun. ACM</title> 42 (12): 78-84.</bibl>
            <bibl xml:id="brooks1987" label="Brooks 1987" key="brooks1987">Brooks, F. P. (1987). No Silver Bullet: Essence and Accidents of Software Engineering. <title rend="italic">IEEE Computer</title>. 20: 10-19.</bibl>
            <bibl xml:id="deroure2008" label="DeRoure 2008" key="deroure2008">De-Roure, D., C. Goble, et al. (2008). <title rend="quotes">The design and realisation of the myExperiment Virtual Research Environment for social sharing of workflows.</title> 
               <title rend="italic">Future Generation Computer Systems</title>.</bibl>
            <bibl xml:id="dunn2007" label="Dunn 2007" key="dunn2007">Dunn, S., N. E. Gold, et al. (2007). <title rend="italic">CHIMERA: A Service-Oriented Computing Model for Archaeological Research</title>. Computer Applications and Quantitative Methods in Archaeology (CAA), April 2-6 2007, Berlin.</bibl>
            <bibl xml:id="ieee1990" label="IEEE 1990" key="ieee1990">IEEE (1990). IEEE Standard Glossary of Software Engineering Terminology, IEEE Standard 610.12-1990.</bibl>
            <bibl xml:id="iso2002" label="ISO/IEC 2002" key="iso2002">ISO/IEC (2002). ISO/IEC 1989:2002 Information technology - Programming languages - COBOL International Organization for Standardization/International Electrotechnical Commission.</bibl>
            <bibl xml:id="jisc2007" label="JISC 2007" key="jisc2007">JISC (2007). <title rend="quotes">e-Framework for education and research.</title> Retrieved 21st September 2007, from <ref target="http://www.e-framework.org/">http://www.e-framework.org/</ref>.</bibl>
            <bibl xml:id="kernighan1988" label="Kernighan 1988" key="kernighan1988">Kernighan, B. W. and D. M. Ritchie (1988). <title rend="italic">The C Programming Language</title>. Englewood Cliffs, NJ, Prentice-Hall.</bibl>
            <bibl xml:id="kotsiopoulos2003"
                  label="Kotsiopoulous 2003"
                  key="kotsiopoulos2003">Kotsiopoulos, I., J. Keane, et al. (2003). <title rend="italic">IBHIS: integration broker for heterogeneous information sources</title>. Computer Software and Applications Conference, 2003. COMPSAC 2003. Proceedings. 27th Annual International.</bibl>
            <bibl xml:id="krafzig2004" label="Krafzig 2004" key="krafzig2004">Krafzig, D., K. Banke, et al. (2004). <title rend="italic">Enterprise SOA: Service Oriented-Architecture Best Practices</title>, Prentice Hall PTR.</bibl>
            <bibl xml:id="lientz1980" label="Lientz 1980" key="lientz1980">Lientz, B. P. and E. B. Swanson (1980). <title rend="italic">Software Maintenance Management</title>, Addison-Wesley Publishing Company.</bibl>
            <bibl xml:id="naur1969" label="Naur 1969" key="naur1969">Naur, P. and B. Randell, Eds. (1969). <title rend="italic">Software Engineering: Report on a Conference Sponsored by the NATO Science Committee, Garmisch, Germany,  7-11 Oct. 1968</title>, Brussels: Scientific Affairs Division, NATO.</bibl>
            <bibl xml:id="oasis2007" label="OASIS 2007" key="oasis2007">OASIS. (2007). <title rend="quotes">Web Services Business Process Execution Language Version 2.0.</title>   Retrieved 21st September 2007, from <ref target="http://docs.oasis-open.org/wsbpel/2.0/OS/wsbpel-v2.0-OS.html">http://docs.oasis-open.org/wsbpel/2.0/OS/wsbpel-v2.0-OS.html</ref>.</bibl>
            <bibl xml:id="parnas1972" label="Parnas 1972" key="parnas1972">Parnas, D. L. (1972). <title rend="quotes">On the Criteria To Be Used in Decomposing Systems Into Modules.</title> 
               <title rend="italic">Communications of the ACM</title> 5(12): 5.</bibl>
            <bibl xml:id="peltz2003" label="Peltz 2003" key="peltz2003">Peltz, C. (2003). Web Services Orchestration and Choreography. 36: 46-52.</bibl>
            <bibl xml:id="swanson1976" label="Swanson 1976" key="swanson1976">Swanson, E. B. (1976). <title rend="italic">The Dimensions of Maintenance</title>. Second International Conference on Software Engineering, San Francisco.</bibl>
            <bibl xml:id="syed2006" label="Syed 2006" key="syed2006">Syed, J., M. Ghanem, et al. (2006). <title rend="quotes">Supporting Scientific Discovery Processes on Discovery Net.</title> 
               <title rend="italic">Concurrency Computat.: Pract. Exper.</title> 19 (2).</bibl>
            <bibl xml:id="szyperski2002" label="Szyperski 2002" key="szyperski2002">Szyperski, C., D. Gruntz, et al. (2002). <title rend="italic">Component Software - Beyond Object-Oriented Programming</title>, Addison-Wesley / ACM Press.</bibl>
            <bibl xml:id="cnmat2007" label="CNMAT 2007" key="cnmat2007">The Center For New Music and Audio Technology (CNMAT), U. B. (2007). <title rend="quotes">Open Sound Control.</title>   Retrieved 21st September 2007, from <ref target="http://opensoundcontrol.org">http://opensoundcontrol.org</ref>.</bibl>
            <bibl xml:id="kavantzas2005" label="Kavantzas et al 2005" key="kavantzas2005">W3C. (2005). <title rend="quotes">Web Services Choreography Description Language Version 1.0.</title>   Retrieved 21st September 2007, from <ref target="http://www.w3.org/tr/ws-cdl-10/">http://www.w3.org/TR/ws-cdl-10/</ref>.</bibl>
            <bibl xml:id="whitbread2007" label="Whitbread 2007" key="whitbread2007">Whitbread, D. (2007). <title rend="quotes">In the Womb of the Rose.</title>   Retrieved 21st September 2007, from <ref target="http://www.wombrose.co.uk">http://www.wombrose.co.uk</ref>.</bibl>
         </listBibl>
      </back>
   </text>
</TEI>
