<?xml version="1.0" encoding="UTF-8"?>
<?oxygen RNGSchema="../../common/schema/DHQauthor-TEI.rng" type="xml"?>
<?oxygen SCHSchema="../../common/schema/dhqTEI-ready.sch"?>
<TEI xmlns="http://www.tei-c.org/ns/1.0"
     xmlns:cc="http://web.resource.org/cc/"
     xmlns:rdf="http://www.w3.org/1999/02/22-rdf-syntax-ns#"
     xmlns:dhq="http://www.digitalhumanities.org/ns/dhq">
    <teiHeader>
        <fileDesc>
            <titleStmt>
                <!-- Author should supply the title and personal information-->
                <title type="article">Grid-enabling Humanities Datasets</title>
                <dhq:authorInfo>
                    <!-- Include a separate <dhq:authorInfo> element for each author -->
                    <dhq:author_name>Mark <dhq:family>Hedges</dhq:family>
               </dhq:author_name>
                    <dhq:affiliation>Centre for e-Research, King’s College London</dhq:affiliation>
                    <email>mark.hedges@kcl.ac.uk</email>
                    <dhq:bio>
                  <p>Mark Hedges is Deputy Director of the Centre for e-Research at King's
                        College London, and before that of the UK Arts and Humanities Data
                        Service. He is active in a number of research and development projects
                        related to e-research infrastructures, digital repositories, digital
                        libraries and virtual research environments, especially but not
                        exclusively in the humanities. Prior to becoming involved in
                        e-research, he worked for 17 years in the software industry, taking
                        the technical lead on a number of large-scale development projects for
                        industrial and commercial clients. His academic background is in
                        mathematics and philosophy and, more recently, in Byzantine studies.</p>
               </dhq:bio>
                </dhq:authorInfo>
            </titleStmt>
            <publicationStmt>
                <!-- This information will be completed at publication -->
                <idno type="DHQarticle-id">000078</idno>
                <idno type="volume">003</idno>
                <idno type="issue">4</idno>
                <dhq:articleType>article</dhq:articleType>
                <date when="2010-03-20">20 March 2010</date>
                <availability>
               <cc:License rdf:about="http://creativecommons.org/licenses/by-nc-nd/2.5/"/>
            </availability>
            </publicationStmt>
            
            <sourceDesc>
                <p>This is the source</p>
            </sourceDesc>
        </fileDesc>
        <encodingDesc>
            <classDecl>
                <taxonomy xml:id="dhq_keywords">
                    <bibl>DHQ classification scheme; full list available at <ref target="http://www.digitalhumanities.org/dhq/taxonomy.xml">http://www.digitalhumanities.org/dhq/taxonomy.xml</ref>
               </bibl>
                </taxonomy>
                <taxonomy xml:id="authorial_keywords">
                    <bibl>Keywords supplied by author; no controlled vocabulary</bibl>
                </taxonomy>
            </classDecl>
        </encodingDesc>
        <profileDesc>
            <langUsage>
                <language ident="en"/>
            </langUsage>
            <textClass>
                <keywords scheme="#dhq_keywords">
                    <!-- Authors may suggest one or more keywords from the DHQ keyword list, visible at http://www.digitalhumanities.org/dhq/taxonomy.xml; these may be supplemented or modified by DHQ editors -->
                    <list type="simple">
                        <item/>
                    </list>
                </keywords>
                <keywords scheme="#authorial_keywords">
                    <!-- Authors may include one or more keywords of their choice -->
                    <list type="simple">
                        <item/>
                    </list>
                </keywords>
            </textClass>
        </profileDesc>
        <revisionDesc>
            <change when="03-01-2010" who="Alyssa">Encoded article</change>
        </revisionDesc>
    </teiHeader>

    <text>
        <front>
            <dhq:abstract>
                <p>The term <q>grid-enabling</q> is sometimes (or even often) used without a
clear idea of what is meant. In this article we attempt to clarify
some of the possible meanings of grid-enabling data resources. In
particular, we examine how researchers in the humanities may benefit
from using such approaches, and examine some concrete case studies in
which grid technologies have been used to support data-driven research
in the humanities.</p>
            </dhq:abstract>
            <dhq:teaser>
                <p>Clarifying some of the possible meanings of <q>grid-enabling</q> with case studies from data-driven research in the humanities.</p>
            </dhq:teaser>
        </front>
        <body>
            <head>Grid-enabling Humanities Datasets</head>
            <div>
                <head>Introduction: What Do We Mean by Grid-enabling Data?</head>
                <p>Like many vogue expressions of technological origin, <q>grid-enabling</q> is a term that is sometimes (or even often) used without a clear idea of what is meant. While it may seem inappropriately techno-centric to take as point of departure a technology rather than the issues that one might address with the technology, the uses and abuses of this expression may justify this inversion as a way of clearing the ground of confusion. To begin with, then, let us consider for a moment what we mean when we talk about grid-enabling data resources, before we move on to the more specific topic of humanities data, and provide some concrete case studies.</p>
                <p>Grid computing has been defined in a variety of ways, encompassing a variety of
                    types of distributed computer systems.<note>Useful definitions of the term
                        <term>grid computing</term> are offered in <ptr target="#foster2002"/>; <ref target="http://gridcafe.web.cern.ch/gridcafe/whatisgrid/whatis.html">http://gridcafe.web.cern.ch/gridcafe/whatisgrid/whatis.html</ref>;
                        <ptr target="#buyya2005"/>; <ptr target="#foster1999"/>.</note> The term
                    <term>grid</term> alludes not to the image of a linked network of computers, but
                    rather to the analogy of public utilities, for example an electricity grid,
                    where a consumer can connect a diversity of electrical appliances, making use of
                    open and standard interfaces (e.g. a plug), and consume electricity, without
                    knowing or caring about its origin. Similarly, a diversity of electricity
                    sources (coal, nuclear, solar) can contribute electricity to the grid, without
                    reference to who is going to consume it. From the point of view of the consumer,
                    this diverse reality is virtualised as a single source of electricity. A related
                    but not identical concept is <q>utility</q> or <q>cloud</q> computing<note>For
                        more information on <term>utility computing</term> see <ptr target="#yeo2007"/>
                        and <ptr target="#hand2007"/>.</note>, used to describe services such as Amazon's EC2 and S3<note>See
                            <ref target="http://aws.amazon.com/">http://aws.amazon.com/</ref>.</note>, which respectively provide computation and storage services. However, despite the similarity of the metaphor, the functionality that grids aim to provide is considerably more extensive.</p>
                <p>Irrespective of these definitions or metaphors, when people speak of grids they
                    frequently mean computer systems that have in common the fact that they are powered by one or more of a particular group of technologies, which fall under the category of <q>grid middleware.</q> In this context, to grid-enable data resources means to make them available via a grid, or by using some form of grid middleware. But this technical answer doesn’t help us much in understanding what we mean. Unlike technologists, researchers do not in general make the effort to use such technologies for their own sake. We need rather to look at the question of what we want to achieve by making resources available in such a fashion, and what researchers and other users will gain thereby. So what can we enable by grid-enabling data? One basic step is to enable sharing of a data resource, widening its availability and increasing its use and effectiveness. For instance, a data resource may be held on a departmental or institutional file system, or in the <q>deep web,</q> that is to say regions of the World Wide Web that for one reason or another are not accessible by search engines, and thus while in principle accessible are not discoverable using generally applied techniques. Resources of this kind can be shared by putting them on a publicly available website within the reach of web crawlers, or in an institutional repository, which can themselves be opened up to web indexing agents. Such access is a necessary precondition, though not in itself sufficient to constitute true grid-enablement.</p>
                <p>More significant possibilities exist in expanding research capacity, through the virtualisation of data and access to data, by means of abstracted and standardised interfaces and protocols. This virtualisation may operate with respect to a number of different factors:
                    <list type="bulleted">
                  <item>Location. Access is provided independently of where the datasets reside.</item>
                        <item>Autonomy. Data may be governed by independent management regimes, owned by different communities and subject to different rights. Access is made more uniform while respecting the integrity of the original data and the environments in which it is managed.</item>
                        <item>Heterogeneity, both the infrastructural heterogeneity of the storage, and the structural heterogeneity of the data. Virtualisation means that datasets do not need to be accessed in possibly idiosyncratic ways.</item>
                    </list>
                </p>
                <p>Virtualisation can hide <q>irrelevant</q> (for whatever purpose we have in mind) differences between data resources, giving the user more seamless access to them. Distributed, autonomous and heterogeneous datasets can be federated and regarded as a single resource, enhancing the visibility of the data and multiplying the uses to which it can be put.</p>
            </div>
            <div>
                <head>Grid Applications in Data-driven Research?</head>
                <p>In order to see what grid-enabling may mean, and what it can do for the humanist, let us examine some applications of grid technologies in scientific disciplines, where they have been more widely used.</p>
                <p>The earlier focus of grid technologies was a computational one, enabling the
                    distribution of very large computational tasks and simulations in the <q>big</q>
                    sciences, such as physics or the environmental sciences. The grid-enabling of data in these disciplines was concerned to a great extent with enabling fast access to and transfer of very large data sets distributed over multiple, collaborating research centres.</p>
                <p>The capture of extremely large data sets and their availability via the Internet
                    has also led to a new model of carrying out scientific research. Instead of the
                    direct observation of natural phenomena (experimental science), the creation of
                    (usually) mathematical models accounting for natural phenomena (theoretical
                    science), or the generation of knowledge through large scale simulations
                    (computational science), the researcher works on, gains knowledge from and adds
                    value to already existing collections of digital data. We meet in particular the
                    model of the <hi rend="italic">in silico</hi> experiment (Goble et al. 2006),
                    where data from multiple, distributed and heterogeneous sources is processed by
                    software tools to create new information and generate new discoveries, for
                    example, sky survey data held in <cit>
                  <quote rend="inline">virtual
                    observatories</quote> 
                  <ptr target="#walton2005"/>
               </cit>, or databases of
                    protein or genomic data.<note>See <ref target="http://www.wwpdb.org/">http://www.wwpdb.org/</ref> and <ref target="http://insdc.org/">http://insdc.org/</ref>. </note>
            </p>
                <p>These examples are apposite for the humanities. On the one hand, increasingly
                    numerous corpora of data are being produced by research projects in the
                    humanities, as well as by digitisation programmes at libraries, archives and museums, producing digital surrogates of valuable primary source material for humanities research. On the other hand, however, the creation of digital data and the tools to process that data need to advance hand in hand. Although many data sets of value to the humanities have been produced, a situation in itself of value to researchers who (for example) no longer need to travel to a particular archive and search through documents by hand, the tools (whether grid-based or not) to carry out new modes of research using that data have lagged behind.</p>
                <p>
               <ptr target="#blanke2009a"/> contains a survey of recent and current projects
                    in the UK that are applying grid technologies and other e-science techniques to
                    humanities disciplines, and most of this work may be described as data-centric.
                    It is noteworthy that, among these projects, those that involve a significant
                    degree of intensive computation do so precisely because of the character of the
                    data they are addressing<note>Note in this connection the ReACH (Researching
                        e-Science Analysis of Census Holdings) workshops held at UCL (see Section
                        2.2 of <ptr target="#blanke2009a"/> and <ref target="http://ahessc.ac.uk/files/active/0/ReACH-report.pdf">http://ahessc.ac.uk/files/active/0/ReACH-report.pdf</ref>),
                        and the Medieval Warfare on the Grid: The Case of Manzikert project at the
                        University of Birmingham (see Section 3.3 of <ptr target="#blanke2009a"/> and <ref target="http://www.iaa.bham.ac.uk/research/projects/manzikert/index.shtml">http://www.iaa.bham.ac.uk/research/projects/manzikert/index.shtml</ref>).</note>,
                    rather than because of a need for fast access or because of the size of the data
                    sets involved (although the latter should not be overlooked<note>The volume of
                        digital content available to the humanities and cultural heritage
                        communities has increased rapidly in recent years. For example, much
                        material is being produced by the large scale digitisation of archives or primary sources, particularly in relation to high resolution images or audio-visual material; disciplines that use <q>scientific</q> techniques such as LIDAR and high-resolution 3D laser scanning, such as archaeology or the study of material culture, generate very large datasets (see <ref target="http://ads.ahds.ac.uk/project/bigdata/final_report/bigdata_final_report_1.3.pdf">http://ads.ahds.ac.uk/project/bigdata/final_report/bigdata_final_report_1.3.pdf</ref>); modern archives are increasingly <q>born digital,</q> forming rapidly expanding resources of unprecedented detail for future historical research.</note>). Data-driven research in the humanities is, and will continue to be, motivated by a different set of requirements and use cases that arise from the very nature of the research data and of the research that is based on it.</p>
            </div>
            <div>
                <head>Integrating Humanities Data: A Case Study</head>
                <p>To illustrate the particular challenges raised by data in the humanities let us
                    consider a specific example. The LaQuAT (Linking and Querying Ancient Texts)
                    project <ptr target="#blanke2009"/> investigated the use of grid middleware for providing integrated views across diverse humanities data resources. Specifically, these resources related to classical epigraphy and papyrology, and included relational databases with different schemas implemented using different data technologies, together with a corpus of XML data, all of them genuine resources developed by research projects in the humanities. These resources were used as exemplars because although they contain data which overlaps in terms of time period, geographical extent and area of historical interest, they were created by different research groups for different purposes. They use different vocabularies to describe the data they contain, they are structured and presented differently, they use different field headings and, in many cases, the same or similar objects  have been entered using different  epigraphic terms and/or metadata. In other words, they realistically illustrate the actual variability of humanities data sets. The resources chosen were: 
                    <list type="bulleted">
                  <item>The Heidelberg Gesamtverzeichnis der griechischen
                        Papyrusurkunden Ägyptens (HGV: <ref target="http://www.rzuser.uni-heidelberg.de/~gv0/">http://​www.rzuser.uni-heidelberg.de/​~gv0/</ref>), a
                        database containing metadata on some 55,000 papyri, mostly from Roman Egypt
                        and its environs, including bibliography, dates and places (e.g. findspots
                        and provenances).<note>See <ref target="http://www.rzuser.uni-heidelberg.de/~gv0/Texte/HGV-Texte.html">http://​www.rzuser.uni-heidelberg.de/​~gv0/​Texte/​HGV-Texte.html</ref>.</note>
                  </item>  
                        <item>Projet Volterra <ref target="http://www.ucl.ac.uk/history2/volterra/">http://​www.ucl.ac.uk/​history2/​volterra/</ref>,
                            a database of Roman legal pronouncements and associated metadata, from
                            various sources, whether epigraphic, papyrological, juristic or
                            literary.<note>See <ref target="http://www.ucl.ac.uk/history2/volterra/index.htm">http://​www.ucl.ac.uk/​history2/​volterra/​index.htm</ref>.</note>
                  </item>
                        <item>The Inscriptions of Aphrodisias <ref target="http://www.insaph.kcl.ac.uk/index.html">http://www.insaph.kcl.ac.uk/index.html</ref>,
                            an XML corpus of 1500 inscriptions from the ancient city in Asia Minor,
                            including transcribed texts and metadata marked up using EpiDoc TEI, as
                            well as images.<note>See <ref target="http://insaph.kcl.ac.uk/iaph2007/">http://insaph.kcl.ac.uk/iaph2007/</ref>.</note>
                  </item>
                    </list>
            </p>
                <p>These resources were just three examples from a larger pool of related datasets that might have been included in a larger scale project to support the classics researcher; they were selected in order to investigate the feasibility of the approach and to identify issues that might arise. Considering both these three datasets and the researcher’s broader data environment, we may make the following observations:
                    <list>
                  <item>Data formats are very diverse, and involve multiple media and standards. Databases rarely follow standard database schemas. The use of mark-up can vary significantly, particularly in resources developed before much effort had been made towards standards (such as EpiDoc), but natural variation occurs even in applying these standards.</item> 
                    <item>The material may be highly complex, with many structural and semantic relationships both internal (for example within a TEI document) and contextual. The interpretation of an object (e.g. an inscription) may depend on its relationships to other resources and collections (e.g. other inscriptions, literary texts, archaeological surveys, concordances), which are moreover not necessarily digital.</item>
                    <item>Data may be incomplete, or indeed incompletable in cases where the capture of the data cannot be repeated nor the data enhanced to fill in the gaps. For example, an inscription may be damaged, the provenance of a papyrus not recorded, a corpus of texts fragmentary, the date of an event unknown.</item>
                    <item>Data may be fuzzy or uncertain, or even contradictory. For example, there may be several sources for the date of an event, with various degrees of precision (to the year, to the decade) and various degrees of reliability.</item>
                    <item>The resources are not easily available for use. In many cases, they are locked away on departmental machines; in other cases they are <q>published</q> on a website but not in a way that makes the resources particularly usable by a researcher.</item>
                    <item>Even when a resource is available it is often available only in isolation. Many of these resources may be regarded as fragments of a larger picture, and would have vastly more value if researchers could have access to this larger picture rather than just the parts.</item>
                    <item>The resources may be owned by different communities and subject to different rights; the scholars who created them may be unwilling to accept anything that affects the integrity of the original resources. Consequently, any integration initiative must respect this autonomy and integrity, if it is to be successful.</item>
               </list>
                </p>
                <p>We would not argue that such issues arise with respect to data only in the
                    humanities, nor that all humanities data can be characterised in this way. These
                    issues will however be recognised by a significant number of researchers in humanities disciplines.</p>
                <p>While the LaQuAT project demonstrated the feasibility of such an approach, we
                    would not claim that integrating these three data resources in itself
                    facilitated useful research in the classics. However, these resources were just
                    three examples; there are many small, scattered yet related resources that would
                    be much more useful to researchers if they were linked along these lines. Their
                    utility would increase greatly once a certain critical mass is reached, and
                    together they would form a whole much greater than the sum of the parts <ptr target="#kintigh2006"/>, enabling researchers to ask questions that would not otherwise have been possible. An analogy might be a map, where each dataset represents a small area, say a few houses within a street; integrating a few of them is of limited utility, but after a certain point is reached there will be sufficient information to navigate from one place to another. Ultimately, this approach could lead to a broader vision of a <q>virtual data centre.</q>
            </p>
                <p>It is however difficult to address the generation of meaningful links between these data resources in a purely automated fashion. The fuzzy, uncertain and interpretative nature of the data complicates the semantics of integration, and makes it difficult to describe the semantics of the relationships between data sets. For example, it was not always clear whether similarly named columns in independent databases really represented the same sort of information and could validly be linked. In some cases there were deeper semantic issues, for example when two independent data sets contained contradictory information. While automated linking of data proved problematic and uncertain, it would be useful to describe, rationalise, or quantify this uncertainty. Often this is a matter of judgement for the researcher, based on other evidence both internal and external to the resource, and in such a situation researchers will want to define for themselves how resources relate to one another. The results of one query may, taken together with other information available to a researcher, influence the questions that are asked of others, and a more natural view would be a complex workflow with the researcher at the centre.</p>
            </div>
            <div>
                <head>Digital Repositories and the Grid</head>
                <p>One of the issues addressed in the previous case study was structural and
                    semantic diversity. While there are a variety of standardisation activities with
                    the aim of increasing interoperability between digital resources and enabling them to be used in combination, standardisation alone is unlikely to solve all problems related to linking up data. Humanists still have to deal with legacy data in diverse and often obsolete formats, and even when standards are used the sheer variety of data and research means that there is a great deal of flexibility in how the standards are applied. Moreover, standards are generally developed within particular disciplines or domains, whereas research is often inter-disciplinary, making use of varied materials, and incorporating data conforming to different standards. There will inevitably be diversity of representation when information is gathered together from different domains and for different purposes, and consequently there will always be a need to integrate this diversity.</p>
                <p>Let us look now at technologies with the potential for managing data diversity.
                    The outputs of research or digitisation programmes are increasingly being held
                    in formally managed digital repositories, based on particular digital repository
                    software, the most popular examples of which are EPrints, DSpace and
                    Fedora.<note>See <ref target="http://www.eprints.org/">http://www.eprints.org/</ref>; <ref target="http://www.dspace.org/">http://www.dspace.org/</ref>; <ref target="http://www.fedora-commons.org/">http://www.fedora-commons.org/</ref>
               </note> In the UK, the Joint Information Systems committee (JISC) has funded several programmes to encourage the uptake and enhancement of such systems, and research into improving their utility.</p>
                <p>In their earlier incarnations, repositories were used to manage relatively simple
                    content, primarily research articles, sometimes less formal material such as
                    presentations. However, digital repositories have been changing, both in the type of content that they hold, and the ways in which they are used. Repository software has become more sophisticated, allowing complex digital content to be stored in such a way that its internal structure and external context can be explicitly represented, managed, described and exposed. In particular, they are beginning to be used to manage research data in a variety of disciplines. This approach is useful for research in the humanities, and for the digitised resources, such as archives, that often form the primary sources of such research. It enables researchers, in collaboration with information scientists, to put a degree of formal order into our digital objects while not restricting their essential variation.</p>
                <p>Digital repositories are likely to be a key component of any future
                    e-infrastructure for the humanities, or indeed for any other discipline<note>See
                        Tony Hey’s keynote address <title rend="quotes">e-Science and Scholarly
                        Communication</title> at Open Repositories 2007 (<ref target="http://openrepositories.org/2007/program/speakers">http://openrepositories.org/2007/program/speakers</ref>).</note>,
                    not only providing a mechanism for making academic research available in away
                    that does not require other institutions to acquire replicas of that work (e.g.
                    journals), but also generic mechanisms for representing the vast body of
                    potential material that traditional publishing does not accommodate easily. The
                    topology of the emerging repository ecology is not as yet clear. On the one
                    hand, in the UK at least there is a drive towards the creation of
                    institutionally-based repositories<note>See <ref target="http://www.jisc.ac.uk/whatwedo/programmes/programme_rep_pres/repositories_sue.aspx">http://www.jisc.ac.uk/whatwedo/programmes/programme_rep_pres/repositories_sue.aspx</ref>.</note>
                    to hold the research outputs of that institution. However, if repositories are
                    to manage complex material as indicated above, discipline-specific knowledge and
                    expertise will be required, and we may expect that bodies specialising in
                    certain fields may arise, along the lines of the now defunct Arts and Humanities
                    Data Service in the UK.<note>See <ref target="http://www.ahds.ac.uk/">http://www.ahds.ac.uk/</ref>.</note>
            </p>
                <p>Whatever the outcome, given the increasingly cross-institutional and
                    cross-disciplinary nature of much research, it is likely to involve material
                    across repositories that are distributed and independently managed. The work undertaken by the grid community on the integration of structured information may be able to help us interact with these highly structured repositories and the complex data they contain, which will thus become virtualised data resources on a grid, like the storage devices and databases considered above. In particular such an approach may be used to hide the idiosyncratic heterogeneity of digital objects whose degree of standardisation will only decrease as their complexity grows, allowing data resources within repositories to be discovered, integrated and delivered in a form appropriate to the work to be done.</p>
            </div>
            <div>
                <head>Another Case Study: gMan</head>
                <p>The LaQuAT project concluded that there was a need for the human element in
                    identifying connections between data resources. This led us to investigate the
                    potential for a more interactive annotation environment that would allow
                    researchers to create such connections and associate with them additional
                    information, such as confidence levels or details of the evidence on which a
                    decision was made. This provides another example of the use of grid technologies
                    to facilitate the integration and re-use of humanities data, based on the
                    promising gCube, which was developed within the European D4Science
                    project<note>See <ref target="http://www.gcube-system.org/">http://www.gcube-system.org/</ref>.</note>,
                    and which moreover illustrates the potential synergies between grid technologies
                    and digital library systems. The gCube system is designed to support research by
                    facilitating the creation of on-demand data-centric Virtual Research
                    Environments (VREs) that are tailored to the needs of specific research groups,
                    and are built on top of grid infrastructures that use the gLite middleware, the
                    most notable example being the European EGEE infrastructure.<note>See <ref target="http://www.eu-egee.org/">http://www.eu-egee.org/</ref>; <ref target="http://glite.web.cern.ch/glite/">http://glite.web.cern.ch/glite/</ref>.</note> These environments provide virtual repositories that allow pre-existing data resources, diverse in terms of formats and metadata standards, to be combined, manipulated and annotated. The utility of
                    the gCube system for the humanities is being investigated by the gMan
                    project.<note>See <ref target="http://gman.cerch.kcl.ac.uk/">http://gman.cerch.kcl.ac.uk/</ref>.</note>
            </p>
                <p>To take a simple example from LaQuAT — the symbol <hi rend="italic">?</hi> was frequently used in the
                    original data sources to indicate that an entry in a database table was unknown.
                    An annotator might fill in these unknown entries, and either determine their value fully or associate an uncertainty measure with the inserted data, as well as recording the basis on which the decision was made. Suppose, for example, that a researcher is looking for a date in the Volterra database that turns out to be unknown. In an annotation environment, the researchers might replace such an unknown entry with an actual entry of 100 BC, adding 80% as a confidence value, and providing links to the external data sources on which the decision was based. To take another example, it may be impossible to determine in automated fashion whether two occurrences of the same name, or two non-identical variants of a name, refer to the same historical person. The annotation environment would allow such connections to be expressed, tagged with additional information about confidence and provenance.</p>
                <p>Our investigations led us to conclude that there is a need among at least some
                    humanities researchers for tools supporting collaborative processes that involve
                    access to and use of complex, diverse and geographically distributed data
                    resources, including both automated processing and human manipulation, in
                    environments where research groups (in the form of <q>virtual
                    organisations</q>), research data and research outputs may all cross
                    institutional boundaries and be subject to different, autonomous management
                    regimes. These tools may form part of a collaborative Virtual Research
                    Environment (VRE) (see <ptr target="#fraser2005"/>) and may focus on a specific
                    discipline or even research question. Such environments may, but need not, make
                    use of grid middleware. Thus gCube provides a mechanism for creating VREs that
                    exploits existing grid software and infrastructure.<note>Another example from the
                        humanities is the TextGrid project, which has created an environment for the
                        collaborative editing, annotation, analysis and publication of texts. See <ref target="http://www.textgrid.de/">http://www.textgrid.de/</ref>.</note>
            </p>
            </div>
            <div>
                <head>Conclusion</head>
                <p>It is probably still not clear what people mean by grid-enabling data; indeed it
                    is safe to say that they use it to mean different things, with varying degrees
                    of precision, in different contexts. We have seen that the term has its origin in a certain class of technologies, and that researchers’ focus when using grids in data management was at the outset a technical one, addressing fast access to very large, distributed datasets on virtualised, <q>joined up</q> storage devices.</p>
                <p>Although both the gMan and LaQuAT experiments could be described as
                    <q>grid-enabling</q> the data in question, as each makes use of a grid technology to
                    link up the datasets, the aims and results of the two projects are quite
                    different. Thus the grid should not be viewed as a single technology that joins
                    things together, but rather as a range of different technologies, possessing
                    among themselves a <q>family resemblance,</q> which can be used to join things
                    together in a range of different, but related, ways. Moreover, it is not the
                    only sort of technology that can play such an integrating role; Web technologies
                    are a more mainstream example, particularly the emerging Linked Data
                    technologies.<note>See
                        <ref target="http://www.semanticgrid.org/presentations/DEROURERepo3.pptx">http://www.semanticgrid.org/presentations/DEROURERepo3.pptx</ref>, in particular
                        Slides 28-31.</note>
               <note>See <ref target="http://linkeddata.org/">http://linkeddata.org/</ref>.</note>
            </p>
                <p>Whatever combination of technologies is used, however, data in the humanities
                    cannot be addressed in isolation from the researchers who create and use the
                    data, and who also, of course, interpret the results. Research in the humanities
                    can be highly interpretative, and will continue to be so even when supported by technological or scientific methods. It is necessary to link up not only data, but also services and researchers — in the plural. Research in the humanities need no longer be an activity carried out by a single scholar, but rather by collaborating researchers interacting within an extended network of data resources, digital repositories and libraries, tools and services, and other researchers, a shared environment that facilitates and sustains collaborative scholarly processes.</p>
                <p>Of greatest interest to humanities researchers, whose data resources may be more
                    notable for their complexity, diversity and fuzziness than for their size, is
                    <q>grid enabling</q> in the sense of joining and modelling disparate information. Arguably this contrasts with the emphasis of the grid’s origins in <q>big science,</q> where the principal challenges involved processing queries and distributing very large datasets. By equipping humanities data to be interoperable using grid technologies, we can aggregate the answers it provides to research queries, and thus strengthen existing research practice and methods. In the examples discussed above, <q>grid-enabling</q> amounts to integrating or mediating between autonomous resources with disparities in structure, form or semantics, thereby enabling research driven by that broader corpus of data that would not otherwise have been possible. Through the creation of Virtual Research Environments, grid technologies can also be used to create that allow humanities researchers to manipulate and combine datasets from scattered sources.</p>
            </div>
        </body>
        <back>
            <listBibl>
                <bibl xml:id="blanke2009b" label="Blanke et al. 2009b" key="blanke2009b">Blanke, Tobias, Gabriel Bodard,
                    Stuart Dunn, Mark Hedges, Shrija Rajbhandari. <title rend="quotes">LaQuAT:
                        Integrating and querying diverse digital resources in classical
                        epigraphy,</title> 
               <title rend="italic">Proceedings of Computer Applications
                        and Quantitative Methods in Archaeology</title> (CAA), 2009
                    (forthcoming). <ref target="http://laquat.cerch.kcl.ac.uk/">http://laquat.cerch.kcl.ac.uk/</ref>.</bibl>
                
                <bibl xml:id="blanke2009" label="Blanke et al. 2009" key="blanke2009">Blanke, Tobias, Mark Hedges,
                    and Stuart Dunn. <title rend="quotes">Arts and humanities e-science — Current
                    practices and future challenges.</title> 
               <title rend="italic">Future
                        Generation Computer Systems</title> 25:4 (April 2009), 474-480. <ref target="http://dx.doi.org/10.1016/j.future.2008.10.004">http://dx.doi.org/10.1016/j.future.2008.10.004</ref>.</bibl>
                
                <bibl xml:id="buyya2005" label="Buyya &amp; Venugopal 2005" key="buyya2005">
               <title rend="quotes">A Gentle Introduction to
                Grid Computing and Technologies.</title> 
               <title rend="italic">CSI
                    Communications</title> 29:1 (July 2005), 9-19.  <ref target="http://www.buyya.com/papers/GridIntro-CSI2005.pdf">http://www.buyya.com/papers/GridIntro-CSI2005.pdf</ref>.</bibl>
                
                <bibl xml:id="foster2002" label="Foster 2002" key="foster2002">Foster, Ian. <title rend="quotes">What is the Grid? A Three
                Point Checklist.</title> July 20, 2002. <ref target="http://www.mcs.anl.gov/~itf/Articles/WhatIsTheGrid.pdf">http://www.mcs.anl.gov/~itf/Articles/WhatIsTheGrid.pdf</ref>.</bibl>
                
                <bibl xml:id="foster1999"
                  label="Foster &amp; Kesselman 1999"
                  key="foster1999">Foster, Ian, and Carl
                    Kesselman (eds.). <title rend="italic">The Grid: Blueprint for a New Computing Infrastructure</title>. San Francisco: Morgan Kaufmann Publishers Inc., 1999.</bibl>
                
                <bibl xml:id="fraser2005" label="Fraser 2005" key="fraser2005">Fraser, Michael. <title rend="quotes">Virtual Research
                Environments: Overview and Activity.</title> 
               <title rend="italic">Ariadne</title> 44 (July 2005). <ref target="http://www.ariadne.ac.uk/issue44/fraser/">http://www.ariadne.ac.uk/issue44/fraser/</ref>.</bibl>
                
                <bibl xml:id="goble2006" label="Goble et al. 2006" key="goble2006">Goble, C., K. Wolstencroft, A.
                    Goderis, D. Hull, J. Zhao, P. Alper, P. Lord, K. Belhajjame, D. Turi, R.
                    Stevens, D. De Roure. <title rend="quotes">Knowledge Discovery for in silico
                    Experiments with Taverna.</title> In <title rend="italic">Semantic Web:
                    Revolutionizing Knowledge Discovery in the Life Sciences</title>. Springer,
                    2006. <ref target="http://eprints.ecs.soton.ac.uk/13628/">http://eprints.ecs.soton.ac.uk/13628/</ref>.</bibl>
                
                <bibl xml:id="hand2007" label="Hand 2007" key="hand2007">Hand, Eric. <title rend="quotes">Head in
                    the clouds,</title> 
               <title rend="italic">Nature</title> 449, 963 (2007). <ref target="http://www.nature.com/news/2007/071024/full/449963a.html">http://www.nature.com/news/2007/071024/full/449963a.html</ref>.</bibl>
                
                <bibl xml:id="kintigh2006" label="Kintigh 2006" key="kintigh2006">Kintigh, Keith W. <title rend="quotes">The Promise and Challenge of Archaeological Data
                    Integration,</title> 
               <title rend="italic">American Antiquity</title> 71(3) (2006): 567-568.</bibl>
                
                <bibl xml:id="walton2005" label="Walton et al. 2005" key="walton2005">Walton, N. A., A. M. S.
                    Richards, P. Padovani and M. G. Allen. <title rend="quotes">The Virtual
                        Observatories: a major new facility for astronomy.</title> 
               <title rend="italic">Proceedings of the International Astronomical Union</title> 1: 398-403 (2005).</bibl>
                
                <bibl xml:id="yeo2007" label="Yeo et al. 2007" key="yeo2007">Yeo, Chee Shin, Rajkumar Buyya, Marcos Dias de Assunção, Jia Yu,
                    Anthony Sulistio, Srikumar Venugopal, and Martin Placek. <title rend="quotes">Utility Computing on Global Grids.</title> Chapter 143,
                    Hossein Bidgoli (ed.), <title rend="italic">The Handbook of Computer
                    Networks</title>. New York: John Wiley &amp; Sons, 2007. <ref target="http://www.gridbus.org/papers/HandbookCN_Utility_Grids.pdf">http://www.gridbus.org/papers/HandbookCN_Utility_Grids.pdf</ref>.</bibl>
                
            </listBibl>
           
        </back>
    </text>
</TEI>
