<?xml version="1.0" encoding="UTF-8"?>
<?oxygen RNGSchema="../../common/schema/DHQauthor-TEI.rng" type="xml"?>
<?oxygen SCHSchema="../../common/schema/dhqTEI-ready.sch"?>
<TEI xmlns="http://www.tei-c.org/ns/1.0"
     xmlns:dhq="http://www.digitalhumanities.org/ns/dhq"
     xmlns:rdf="http://www.w3.org/1999/02/22-rdf-syntax-ns#"
     xmlns:cc="http://web.resource.org/cc/">
   <teiHeader>
      <fileDesc>
         <titleStmt>
            <title>Teaching and Learning from the U.S. South in Global Contexts: A Case Study of <title rend="italic">Southern Spaces</title> and Southcomb</title>
            <author>Sarah Toton</author>
            <dhq:authorInfo>
               <dhq:author_name>Sarah
                <dhq:family>Toton</dhq:family>
               </dhq:author_name>
               <dhq:affiliation>Emory University</dhq:affiliation>
               <email>stoton@learnlink.emory.edu</email>
               <dhq:bio>
                  <p>Sarah Toton is a PhD Candidate in the Institute of the Liberal Arts at
Emory University. She is also the managing editor of the online
journal <title rend="italic">Southern Spaces</title>.</p>
               </dhq:bio>
            
            </dhq:authorInfo>
            <author>Stacey Martin</author>
            <dhq:authorInfo>
               <dhq:author_name>Stacey <dhq:family>Martin</dhq:family>
               </dhq:author_name>
               <dhq:affiliation>Emory University</dhq:affiliation>
               <email>slmart3@emory.edu</email>
               <dhq:bio>
                  <p>Stacey Martin has an MA in Geography and an MS in Animal Science.  She is a Strategist for Library and GIS Technologies at Emory University.</p>
               </dhq:bio>
            </dhq:authorInfo>
         </titleStmt>
         <publicationStmt>
            <idno type="DHQarticle-id">000047</idno>
            <idno type="volume">003</idno>
            <idno type="issue">2</idno>
            <dhq:articleType>article</dhq:articleType>
            <date when="2009-06-18">18 June 2009</date>
            <availability>
               <cc:License xmlns="http://digitalhumanities.org/DHQ/namespace"
                           rdf:about="http://creativecommons.org/licenses/by-nc-nd/2.5/"/>
            </availability>
         </publicationStmt>
         <sourceDesc>
            <p>Authored for DHQ; migrated from original DHQauthor format</p>
         </sourceDesc>
      </fileDesc>
      <encodingDesc>
         <classDecl>
            <taxonomy xml:id="dhq_keywords">
               <bibl>DHQ classification scheme; full list available in the <ref target="http://www.digitalhumanities.org/dhq/taxonomy.xml">DHQ keyword taxonomy</ref>
               </bibl>
            </taxonomy>
            <taxonomy xml:id="authorial_keywords">
               <bibl>Keywords supplied by author; no controlled vocabulary</bibl>
            </taxonomy>
         </classDecl>
      </encodingDesc>
      <profileDesc>
         <langUsage>
            <language ident="en"/>
         </langUsage>
         <textClass>
            <keywords scheme="#authorial_keywords">
               <list>
                  <item>Online learning environments</item>
                  <item>scholarly communication</item>
                  <item>online learning communities</item>
                  <item>U.S. South</item>
                  <item>Southern Studies</item>
                  <item>American Studies</item>
                  <item>Global Souths</item>
               </list>
            </keywords>
         </textClass>
      </profileDesc>
      <revisionDesc>
         <change when="2008" who="AR">Encoded document</change>
         <change when="2013-06-20" who="Tassie Gniady">Changed "dhq:caption" to "head."</change>
      </revisionDesc>
   </teiHeader>
   <text>
      <front>
         <dhq:abstract>
            <p>This paper examines the internet journal <title rend="italic">Southern Spaces</title>, launched in February 2004 and the online learning community SouthComb, started in 2006. We examine the development of these online tools, exploring pedagogical implications as well as the tools and avenues they bring to the field of Southern Studies, American Studies and scholarly communication online. We also explore the potential uses for these resources as well as their efforts to elucidate a broader understanding of the U.S. South in regional, national and global contexts. </p>
         </dhq:abstract>
         <dhq:teaser>
            <p>An internet journal of the South</p>
         </dhq:teaser>
      </front>
      <body>
         <epigraph>
            <cit>
               <quote rend="block">
                  <p>The great ruptures, the great oppositions, are always negotiable, but not the
                     little crack, the imperceptible ruptures which come from the south. We say
                     <q>south</q> without attaching any importance to this... but everyone has his
                     south — it doesn’t matter where it is — that is, his line of slope or flight.</p>
               </quote>
               <ref target="#deleuze1987" loc="99">Gilles Deleuze, <title rend="italic">Dialogues</title>, 99.
               </ref>
            </cit>
         </epigraph>
         <p>On the surface, it is not immediately apparent that that there is a correlation between digital learning communities, U.S. Southern Studies, and major league soccer. However, the 2006 World Cup highlighted the emergent relationship and subsequent online discussion regarding traditional icongraphy of the U.S. South and its contemporary global applications. In June 2006, thousands of soccer fans gathered in Germany to watch national teams compete for the FIFA World Cup.  Dressed in team colors and waiving national, regional and team flags, these lively spectators made for almost as much discussion on blogs and message boards as the teams they supported. The Confederate Navy Jack (also known as the <q>rebel</q> flag) was apparently observed by some television viewers, waving from the Spanish stands at the Spain v. Tunisia match.  American and European fans exchanged theories suggesting perhaps they had mistaken the Basque Flag for the Confederate flag, or that those waiving the Confederate colors were supporters of the <foreign xml:lang="es">Atlético de Madrid</foreign> team, whose fans reportedly routinely bring the rebel flag to soccer events.  It was cited during the course of some of these online discussions that, in the context of European soccer however, the seemingly out-of-place Confederate flag has been used for years to represent self identified <q>rebel</q> and <q>southern</q> teams such as <foreign xml:lang="es">Atlético de Madrid</foreign>, Naples and even Ireland’s Cork GAA. This popular and seeming culturally remote identification and adoption of the Rebel flag suggests a complex and intriguing cross-cultural identification with the U.S. South, both historic and imagined, that transcends regional, national and even continental boundaries. </p>
         <figure xml:id="figure01">
            <graphic url="resources/images/figure01.jpg"/>
            <figDesc>A photo of the Confederate flag among other flags</figDesc>
            <head>Confederate Flag at Naples Restaurant (from the <ref target="http://www.napoli.com/english/blog09.php">
                  <title rend="italic">Around Naples Encyclopedia</title>
               </ref> by Jeff Matthews; used by permission).</head>
         </figure>
         <p>While icons of the U.S. South appear at soccer matches across Europe, new technologies enter classrooms and living rooms across the world. Learners of varying interests and levels can now search online for information on everything from World Cup soccer to the Confederate flag, and at message boards like those run by the American-based <ref target="http://boards.history.com/thread.jspa?threadid=800008872&amp;messageid=800137876">History Channel</ref> (a channel marketed towards life-long learners that uses the slogan <q>where history lives</q>) participants can discuss both topics with other interested parties throughout the world.</p>
         <p>Although this ready access to individuals and content thousands of miles away presents a unique opportunity for today’s students, it also offers a host of new online issues that teachers and researchers must take into consideration. For example, in many cases the content itself can become confusing as users attempt to sort through sites determining what is reputable and what is electronic dreck. At institutions of higher education, this has posed a major problem to instructors as the present generation of university students (dubbed <q>the millenials</q>) routinely begin scholarly research online by googling research topics before consulting the proverbial card catalogue at their local library. As Wikipedians become the new popular authorities on topics marginal and mainstream instructors in higher education attempt to discern internet technology’s place in the classroom. While some professors simply ban students from using any electronic resources with a URL, others parties such as the <ref target="http://www.reading.ac.uk/internal/studyadvice/learnhigher/sta-learnhigher.asp">LearnHigher</ref> Project — a partnership of sixteen universities forming a HEFCE-funded Centre for Excellence in Teaching and Learning (CETL) — seek to make online tools for students, training them in how to use the internet as an effective research tool (see <ref target="http://www.vts.intute.ac.uk/detective/about.html">Internet Detective: Wise up to the Web</ref>). Information technologist Peter Morville, in addition, tackles this question of information overload in his book <title rend="italic">Ambient Findability</title>, noting that information literacy, information architecture, and usability remain just as critical and interrelated components to web tool design as author and home institution.</p>
         <p>Taking into account issues of access, multimedia literacy and the emerging role of web-based technology in classrooms in the U.S. and beyond, the MetaScholar Initiative at Emory University’s Robert W. Woodruff Library has launched two electronic projects designed to challenge students’ understanding of the U.S. South and provide instructors with new pedagogical tools as well as online spaces for scholarly development. After briefly identifying some of the many concerns with integrating technology and the process of scholarship and pedagogy, this paper will highlight two projects dedicated to elucidating a broader understanding of the U.S. South as well as providing tools, resources and spaces for online-based learning communities.</p>
         <p>Both supported by the Andrew W. Mellon Foundation, the internet journal <title rend="italic">Southern Spaces</title> and the new online learning environment SouthComb work to broaden the traditional print-based journal and physical research archive by combining scholarly standards like the blind peer-review process with emergent technology and software development techniques.</p>
         <div>
            <head>The Metascholar Initiative: A Brief History</head>
            <p>Established in 2000, The MetaScholar Initiative of the Robert W. Woodruff Library at Emory University encompasses more than a dozen digital library projects undertaken in the past six years. The Initiative has received funding from various U.S.- based sources, including the Andrew W. Mellon Foundation, the Institute for Museum and Library Services (IMLS), the National Endowment for the Humanities (NEH), the National Science Foundation (NSF), and the Library of Congress.  Since 2002, the MetaScholar Initiative has been engaged with bringing U.S. Southern Studies to a broader audience. An initial attempt, the now defunct AmericanSouth.org (a free scholarly discovery service for primary research materials related to American South) provided the conceptual foundation for Southern Spaces and SouthComb.<note>American South's OAI collection was
used as a seed set for SouthComb. See <ptr target="#americansouth2002"/>.</note>
            </p>
         </div>
         <div>
            <head>Writing the South: An Overview of Southern Spaces</head>
            <p>American examples of born-digital publications and presses like the <ref target="http://www.bepress.com/">Berkeley Electronic Press</ref>, the internet journal <ref target="http://www.vectorsjournal.org/">Vectors</ref> and the online-only revival of <ref target="http://online.wsj.com/public/article/sb115275720041205358-86er1j1h9klbt9epkslqztt8hxa_20060812.html?mod=tff_main_tff_top">Rice University Press</ref> point to a recent growth within the digital realm of the humanities. However, while many publishing initiatives seek to embrace the study of new media through their format and subject matter, the internet journal <ref target="http://www.southernspaces.org">Southern Spaces</ref> reaches toward a different objective. Rather than engaging with issues of new media chiefly through its topical focus, <title rend="italic">Southern Spaces</title> works to bridge the digital divide among print-based scholarship, teaching and new media by publishing on subjects conducive to an American history or literature course, but employing many of the multimedia formats (text, audio, video, images, etc.) available through the World Wide Web. In addition, the journal (hosted by <ref target="http://web.library.emory.edu/">Emory University’s Robert W. Woodruff Library</ref>) remains committed to digital preservation standards as well as serving multiple browsers, platforms and connection speeds.</p>
            <p>Founded in the spring of 2004, <ref target="http://www.southernspaces.org">Southern Spaces</ref> is a born-digital, peer reviewed scholarly journal that explores notions of space and place in the U.S. South. Its topical focus is on the analyses of multiple south’s and specific southern regions; the critical scrutiny of depictions of an imagined monolithic <q>South</q>; and the mapping of expressive cultural forms associated with place. Multimedia pieces published in this journal range from broad topical overviews parsed by southern region to detailed analyses of specific places over time. Through multimedia essays and streaming excerpts from conferences, interviews, presentations, performances and events, <title rend="italic">Southern Spaces</title> presents work concerned with representation of spaces and places in the South, as well as work that addresses the interrelationships of southern regions with other places and spaces beyond U.S. borders.</p>
            <figure xml:id="figure02">
               <graphic url="resources/images/figure02.jpg"/>
               <figDesc>Screenshot of the Southern Spaces homepage</figDesc>
               <head>Southern Spaces main page on Firefox, (March 8, 2006)</head>
            </figure>
            <p>Unlike many peer-reviewed scholarly journals in the humanities and social sciences, <title rend="italic">Southern Spaces</title> has no subscription fee. As an <ref target="http://www.doaj.org">
                  <q>open access</q>
               </ref> journal, it is freely available to individuals as well as institutions. <title rend="italic">Southern Spaces</title> thus reaches a broader audience than most journals, from researchers and secondary school teachers to students, independent scholars, library patrons and the general public. The journal includes a variety of publication types, all of which share one important feature: each relies integrally on the multimedia publication environment provided by this journal. Within <title rend="italic">Southern Spaces</title>, users find such content modes as <ref target="http://www.southernspaces.org/con_ess.html">“essays”</ref> (structured much like traditional articles with deep investigation of a focused topic) and <ref target="http://www.southernspaces.org/con_gate.html">“gateways”</ref> (annotated guides to particular areas of study compiled by scholars), as well as <ref target="http://www.southernspaces.org/con_eve_con.htm">scholarly talks</ref>, <ref target="http://www.southernspaces.org/con_int_per.htm">poetry performances</ref>, and <ref target="http://www.southernspaces.org/con_int_per.htm">interviews</ref>.</p>
            <p>The impetus for creating this journal emerged from the work of an Advisory Board of
               scholars then involved in the Andrew W. Mellon-funded <ref target="http://www.metacombine.org/">MetaCombine Project</ref> (2003-2006) of Emory University’s <ref target="http://www.metascholar.org/">MetaScholar Initiative</ref>. This project sought to provide a modular scholarly communications toolkit for Southern Studies faculty and students that encompassed new search and retrieval methods as well as new forms of digital scholarship. The Advisory Board of this project became the journal’s founding <ref target="http://www.southernspaces.org/edi_boa.html">Editorial Board</ref>, and they determined that the digital medium offered as yet untapped potential for peer-reviewed scholarly publishing. Through this journal, they sought to pioneer a new model for academic publishing in the humanities. Even such well respected and exclusively web-based journals as <ref target="http://www.iath.virginia.edu/pmc/">Postmodern Culture</ref> had thus far published only text-based pieces — articles that could have been produced in print. <title rend="italic">Southern Spaces</title> distinguished itself by publishing scholarly works that depended upon a multimedia environment, not by using the internet as a dissemination medium for text-based scholarship.</p>
            <div>
               <head>Structure, Issues and Inception</head>
               <p>As they began planning the journal’s structure, the Editorial Board determined that the success of a new model for digital publication would require two major accomplishments. First, the model would need to resolve several major barriers to adoption of the digital framework for scholarly work, including publishing its contents in a permanently citable location. Second, it would need to promote a fusion of multimedia elements, including interactive maps, images, sound and video files, and data sets, into the scholarly productions such that these became integral parts of the publication, not mere auxiliary materials.</p>
               <p>At its inaugural meeting in 2004, the Editorial Board established several important policies and procedures for the journal. With regard to barriers to adoption, they carefully approached four key issues: copyright, citation, version control, and cataloging. They created a copyright statement that favored the rights of the author, granting only first publication rights to the forum. By providing authors with explicit rights to republish their materials elsewhere, the Board sought to embody the principles of <ref target="http://www.arl.org/sparc/openaccess/">
                     <q>open access</q>
                  </ref> and <ref target="http://www.opencontentalliance.org/">
                     <q>open content</q>
                  </ref> publications. This is unusual within scholarly publishing, as most publishers claim that the ownership of published material resides with the publisher, not the author. Further, this move anticipated the conundrum of tenure review that has plagued digital publications. As most tenure review boards do not yet consider digital publications — even peer-reviewed journal articles — in the same light as peer-reviewed print scholarship, many scholars are unwilling to risk publishing in this medium. By providing scholars with the right to republish their materials elsewhere, the Editorial Board hoped to allay the fears of this significant community of tenure-seeking academics.</p>
               <p>The Editorial Board likewise addressed the barrier of citation. Scholars and independent researchers have reported their reluctance to cite Internet-based resources due to the ephemeral nature of these resources. Many digitally published websites change their content at-will without alerting readers of the changes, move locations or Uniform Resource Locators (URLs) repeatedly, and a large number of sites disappear altogether without warning. As a result, citing web pages often yields frustration, both for authors and readers of their work. The cited content may change after a scholar has cited it; it may move to a different location; or it may vanish altogether, leaving the author and her/his readers in unverifiable terrain. The Board elicited the support of the Robert. W. Woodruff Library at Emory University, the website’s host, to provide stable URLs for the site’s content. All <title rend="italic">Southern Spaces</title> publications are given a standard URL that encodes key information about the piece, including the author’s name and the publication year. These URLs do not change; nor does the content listed at each page. The Library has made a commitment to maintaining this content in its current locations <foreign xml:lang="la">
                     <hi rend="italic">ad infinitum</hi>
                  </foreign>. Information regarding this policy is relayed to the reader through the website on a <ref target="http://www.southernspaces.org/contents/con_cit.htm">“Cite This Page”</ref> link that appears on every publication page.</p>
               <p>This citation policy relates to a third issue addressed by the Editorial Board in 2004: that of version control. In the print medium, it is not possible to make changes to a publication unless the publisher is willing to print a new edition. As such, authors cannot add to, subtract from, or even correct typos from their work after it appears — not because doing so is undesirable, but because it is too costly. One of the chief benefits of publishing within the digital medium is that the cost of changing a word, a link, an image, or any other component of a site is negligible. If an author comes across new information relevant to a previous web-based publication, s/he can even add this information to the existing piece, and in doing so, enrich its scholarly value.</p>
               <p>The Editorial Board wanted to capitalize on this feature of digital publishing, but wanted to do so in such a way that every change is transparent to the reader, and every version of a piece is accessible through its original citation (or URL). The Board thus established procedures for amendments to published works, and determined that such amendments could not be made to the original piece, but would instead be made within a new <hi rend="italic">version</hi> of that piece. The original piece remains at its published URL — no changes can be made to that piece in order to ensure that the content matches any citation a reader may include in her/his own work. New versions are given clearly identifiable URLs that connect it to the original publication without replacing it. Likewise, every publication that contains versions also contains a version-management page that links to every published version of the piece, and that provides a <q>tracked-changes</q> option to enable readers to quickly identify what changes were made between each version. This maintains both the permanence of content expected by researchers and the flexibility of the medium for published authors.</p>
               <p>Finally, the Board broached the issue of cataloging published essays, gateways, and other <title rend="italic">Southern Spaces</title> formats. Libraries have long cataloged scholarly journals; however, they have done so by issue, not by individual publication. The convention of issue-based publication was constructed in order to allow newspapers, magazines, journals and other periodicals to publish batches of works at particular temporal moments — a cost-saving mechanism in the print medium. Such a convention does not naturally apply to the digital medium, where publication can occur on a rolling basis without incurring additional cost. Given that another strength of the digital medium is the relatively quick turn-around time from submission to publication, releasing pieces on a rolling basis is a highly desirable quality for a Web-based journal. Southern Spaces adopted a policy of publishing content on a rolling basis, but needed a way to catalog contents to make them more visible through library catalogs and other indices of published works. The Editorial Board charged the <ref target="http://www.southernspaces.org/abo_con.html">Managing Editor and Editorial Associates</ref> with resolving this issue.</p>
               <p>Working in tandem with the Woodruff Library’s Technology and Metadata Librarian, the Managing Editor and Editorial Staff created a cataloging format based on a current library standard, MODS (<ref target="http://www.loc.gov/standards/mods/">Metadata Object Description Schema</ref>), to catalog the journal’s contents at the publication level. Each essay, gateway, interview, performance, and presentation published in <title rend="italic">Southern Spaces</title> is provided with a full catalog record. This record is stored in the code of the lead html-encoded page of the published piece and is submitted to relevant indices, including Emory University’s library catalog.</p>
               <p>With these important policies and procedures established, the Editorial Board next concentrated on the critical feature that distinguished <title rend="italic">Southern Spaces</title> from other digital journals — its focus on publishing works that cannot be published in print. The Board wrote a call for submissions and <ref target="http://www.southernspaces.org/abo_sub_gui.html">submission guidelines</ref> that explicitly sought scholarship that fully integrated text and multimedia elements. The Board and staff have worked collaboratively with authors since the release of that call in order to fulfill this mission.</p>
            </div>
            <div>
               <head>Digital Literacy and Southern Spaces authorship</head>
               <p>Despite accounting for publication rights, preservation, cataloguing and version control, a prospective author’s multimedia literacy and technological comfort level still significantly impacts his or her decision to publish in a born-digital journal. <title rend="italic">Vectors: Journal of Culture and Technology in a Dynamic Vernacular</title>, housed at University of Southern California’s Institute for Multimedia Literacy, resolved this issue by both soliciting completed multimedia works and commissioning projects produced through a collaboration between scholars, tech-savvy designers and the <title rend="italic">Vectors</title> creative team.  While Southern Spaces staff (which includes a videographer, web designer and copy editors) work with authors during publication process, accepted submissions generally come in a digital format, complete with some multimedia components and references.  This is not to say, however, that all authors published on <title rend="italic">Southern Spaces</title> possess a high comfort level with emergent technology. In fact, most authors publishing in the journal have not previously published a multi-media piece... </p>
            </div>
            <div>
               <head>Current Pedagogical Applications</head>
               <p>In recent months, <title rend="italic">Southern Spaces</title> has been used in a variety of classrooms from an undergraduate U.S. Southern History course at University of Nebraska to an introductory telecommunication policy class at Michigan State University to an Emerging Media course in the Moving Image Studies Program at Georgia State University. In most instances, the content of the <title rend="italic">Southern Spaces</title> article rather than the format the article was delivered in remained the chief reason for assigning <title rend="italic">Southern Spaces</title> texts as reading material. However, poet and professor Natasha Trethewey recently screened <emph>Tuscaloosa: Riversong</emph>, a video poem published in 2005 on <title rend="italic">Southern Spaces</title>, for her undergraduate creative writing class at Duke University. Using the poem itself as well as the online format for poetic delivery, Prof. Trethewey offered students the option of videotaping their own work for a final project. Many of her students took this opportunity learning not only the potentially performative aspect of in creative writing, but also gaining some technical knowledge often not associated with a traditional creative writing course. </p>
               <p>
                  <title rend="italic">Southern Spaces</title>’ dynamic use of the medium to present a more innovative lecture offers one significant reason for either bringing web resources into the classroom or bringing the online classroom into the private residence. Through book and poetry readings, conference presentations and musical performances, <title rend="italic">Southern Spaces</title> not only offers online lectures and primary resources, but does so by also integrating text and web-based sources into one online freely-accessible space. Rather than offering something akin to an instructor podcast or taped lecture, <title rend="italic">Southern Spaces</title> pieces go beyond the podium and the video camera by adding supplementary materials such as field footage, maps and outside data.  Mary Odem’s lecture “<ref target="http://www.southernspaces.org/contents/2006/odem/1a.htm">Global Lives, Local Struggles: Latin American Immigrants in Atlanta</ref>,” was built from a conference presentation as she and a <title rend="italic">Southern Spaces</title> videographer crafted a piece featuring documentary footage as well as visual data difficult to present on an overhead projector (let alone a video of an overhead projector). Similarly, acclaimed author Darnell Arnoult’s <ref target="http://www.southernspaces.org/contents/2006/arnoult/1a.htm">“Work”</ref> offers a short film of the author reading her poem in the site that inspired her to write the piece. On-site tapings and the inclusion of field footage and other primary materials add to a dynamic content portal that gives learners the opportunity to view lectures from anywhere with an internet connection, and they provide valuable secondary material in a style impossible to replicate live in the classroom environment.</p>
               <p>As an internet-based interdisciplinary journal, <title rend="italic">Southern Spaces</title> combines subject matter covering fields of inquiry over a host of media and formats. Although the journal focuses on spatiality and the American South, the Editorial Board and staff endeavor to bring content applicable to courses focusing on <ref target="http://www.southernspaces.org/con_sub_lit.htm">American Literature</ref> and <ref target="http://www.southernspaces.org/con_sub_his.htm">History</ref>, as well as <ref target="http://www.southernspaces.org/con_sub_art_med.htm">Arts</ref>, <ref target="http://www.southernspaces.org/con_sub_mus.htm">Music</ref>, <ref target="http://www.southernspaces.org/con_sub_art_med.htm">Media Studies</ref>, <ref target="http://www.southernspaces.org/con_sub_eco_soc.htm">Economics</ref>, <ref target="http://www.southernspaces.org/con_sub_spo_lei.htm">Environmental Studies</ref>, <ref target="http://www.southernspaces.org/con_sub_soc_mov.htm">Social Policy</ref>, <ref target="http://www.southernspaces.org/con_sub_edu.htm">Education</ref>, <ref target="http://www.southernspaces.org/con_sub_rel.htm">Religion</ref>, <ref target="http://www.southernspaces.org/con_sub_rac_eth.htm">Race and Ethnicity Studies</ref>, <ref target="http://www.southernspaces.org/con_sub_gen_sex.htm">Gender and Sexuality Studies</ref>, <ref target="http://www.southernspaces.org/con_sub_pol_gov.htm">Government Policy</ref>, <ref target="http://www.southernspaces.org/con_sub_spo_lei.htm">Leisure Studies</ref> and <ref target="http://www.southernspaces.org/con_sub_geo.htm">Geography</ref>. With nearly sixty pieces published since 2004 and nearly twenty pieces in progress, <title rend="italic">Southern Spaces</title> presents multiple fields of humanistic inquiry through new media applications.</p>
            </div>
            <div>
               <head>Looking Beyond: Globalizing <title rend="italic">Southern Spaces</title>
               </head>
               <p>The previous section examined how <title rend="italic">Southern Spaces</title> has been and could be used in humanities classrooms in the United States, however a chief endeavor for the journal in the coming two years remains the relationships between the U.S. South and other parts of the world. Currently, <title rend="italic">Southern Spaces</title> provides a few pieces that deal with immigration policy and the importance of looking at the Global South (see <ref target="http://www.southernspaces.org/contents/2004/global_context/1a.htm">
                     <title rend="quotes">The U.S. South in Global Contexts</title>
                  </ref>, <ref target="http://www.southernspaces.org/contents/2006/odem/1a.htm">
                     <title rend="quotes">Global Lives, Local Struggles: Latin American Immigrants in Atlanta</title>
                  </ref>  and <ref target="http://www.southernspaces.org/contents/2006/baker/1a.htm">
                     <title rend="quotes">Whatwuzit? The 1996 Atlanta Summer Olympics Reconsidered</title>
                  </ref>); however, the concept of multiple souths in multiple regions and their respective identities and uses needs to be further addressed.  In <title rend="italic">Dialogues</title>, Gilles Deleuze states that <quote rend="inline">everyone has his south,</quote> regardless of physical location. In turn, these souths, real and imagined, remain loosely related through adopted ideologies, tropes and identities. The soccer fans of Cork and Naples use the U.S. Confederate flag, to identify themselves as <q>outsiders</q> and <q>rebels</q> within a larger region that they both self-identify with but also set themselves in contrast to, just as some Americans still use Confederate flag to signify a rebelliousness to a perceived national identity and/or a historical, regional (and sometimes racially-biased) solidarity.  These global southern spaces, along with those engaging in and with them, and their comparative relations along racial lines and regional boundaries remain important topics of discussion, suitable for an online space that  already transcends numerous boundaries based on its format. In identifying issues of social justice, history, cultural, ethnic and regional identity beyond the eleven states that constituted the Confederate States of America, <title rend="italic">Southern Spaces</title> seeks to bring issues in American Southern history and culture into a broader global context through the examination of relationships between American Studies and studies of South Africa, Spain, England, Italy, France and beyond.</p>
            </div>
         </div>
         <div>
            <head>SouthComb: Searching and Aggregating the U.S. South </head>
            <p>As <emph>Southern Studies</emph> moves to bring published scholarly materials to a global audience, SouthComb endeavors to provide an interactive learning community for students of Southern Studies who are geographically located inside and outside the U.S. South. As a web-based environment, SouthComb will provide a suite of useful services for a individuals seeking to research, teach, and learn about a specified subject domain. This tool, begun in early 2006, will allow scholars, researchers and students better access and understanding of Southern Studies information. Comprised of five web-based tools, SouthComb seeks to become a major destination for those interested in learning as well as teaching aspects of the U.S. South. The five tools are described as follows</p>
            <list type="ordered">
               <item>
                  <label>Combined Search</label>
                  <p>This service provides a search and browsing interface for various <q>information realms,</q> including digital archive records, web pages, collection descriptions, article abstracts &amp; library catalog entries</p>
                    <p>
                        All information sources indexed in the system are first vetted by scholars to ensure that they are reliable &amp; creditable</p>
               </item>
               <item>
                  <label>Southern Studies Directory</label>
                    <p>This directory would include descriptive entries for:
                        <list type="unordered">
                        <item>Research institutions housing Southern Studies programs (formal or informal)</item>
                        <item>Scholars who study and publish in this field, together with bibliographies of their work</item>
                        <item>Publications which publish in various areas relevant to Southern Studies</item>
                        <item>Organizations and conferences relevant to the study of Southern cultures and histories.</item>
                     </list>
                  </p>
               </item>
               <item>
                  <label>Geographic Information Service</label>
                    <list type="unordered">
                     <item>Generates and displays data overlay maps of the South based on queries and feature selection, including historical demographics, industries, political boundaries, natural resources, waterways and other topographic information</item>
                     <item>Value Added: Scholars want access to geographic views of this information. Also provides a highly desired associated map creation service for scholars interested in particular kinds of geographic displays.</item>
                  </list>
               </item>
               <item>
                  <label>Pedagogical Resources Repository</label>
                    <p>Pedagogical resources will include:
                        <list type="unordered">
                        <item>subject guides</item>
                        <item>lesson plans</item>
                        <item>automated quizzes</item>
                        <item>topical portfolios</item>
                        <item>other kinds of information packages</item>
                     </list>
                  </p>
                    <p>All of these resources will be either harvested or generated/updated semi-automatically, with some human oversight and input.</p>
               </item>
               <item>
                  <label>
                     <title rend="italic">Today's South</title> News Service</label>
                    
                    <p>This service provides a (filtered) RSS feed aggregation of various sources which include information on Southern Studies:
                        <list type="unordered">
                        <item>News Services</item>
                        <item>Blogs</item>
                        <item>Digitization Projects</item>
                        <item>Other</item>
                     </list>
                  </p>
                    <p>The resource is filtered by means of phrases and keywords, as appropriate to each RSS feed. The back file is archived and made searchable.</p>
                    
                </item>
            </list>
            <p>SouthComb promises to add a great deal of value for online learners as well as Southern Studies, American Studies and humanities scholars. The Combined Search Service will index high-quality information that is not searchable by Google, excluding low-quality information that Google often prominently displays. The Southern Studies Directory will collect and display information about the people and departments working in Southern Studies. A directory of this type has not been gathered elsewhere, and remains of great utility particularly to scholars new to the field. The Geographic Information Service will allow instructors as well as researchers the ability to access geographic views of requested data. In addition, it will provide a highly-desired map creation service that can be used to generate lecture materials as well as illustrative data. The Pedagogical Resources Repository will not only provide materials useful for teaching and study, but will allow users to generate and post their own syllabi and materials lists, in turn creating a repository and a cooperative community for Southern Studies instructors and a space for pedagogical dialogue. <title rend="italic">Today’s South</title> News Service will function as a current awareness service, keeping users up-to-date on topics relating to the U.S. South and Southern Studies, regardless of the user’s geographic location. Although SouthComb is still in the development phase as of summer 2006, the service will begin taking subscriptions and potentially offer limited open-access use as early as spring 2007. </p>
            <p>In addition to creating a program sustainable for the long-term through the SouthComb service, this project also seeks to examine how subject-based resources can be used and amended as a learning community develops around it. Although the short term focus of SouthComb is to establish an outreach program to improve networked access to humanities collections in the regional South, the program will seek to foster best practices in multimedia content dissemination, new models of digital scholarship and new rationales for learning and teaching communities. </p>
         </div>
         <div>
            <head>Conclusion</head>
            <p>In this case study of two new sites for scholarly communication and pedagogy, we have introduced Southern Spaces and SouthComb and offered insight into their construction, uses and future goals. We argue that Southern Spaces provides a forum for innovative scholarship and research by taking advantage of the internet's capabilities to deliver audio, video, interactive imagery, and text in a rapid and timely fashion. Furthermore, the vast majority of the <ref target="http://www.southernspaces.org/edi_boa.html">Editorial Board</ref> and the <ref target="http://www.southernspaces.org/edi_boa.html#reviewers">Editorial Reviewers</ref> are instructors in North American and Europe and seek to not only provide an innovative site for multimedia publication, but also to publish pieces that will bring technology into the classroom, the library, and the home of the independent learner. Similarly, SouthComb, as a new model of a scholarly communication service and online learning community, seeks to push beyond the limits of a peer-reviewed journal by offering dynamic and interactive spaces as well as research tools.  In addition to challenging the conventional definitions and boundaries of the U.S. South through our preexisting as well as upcoming content, these pieces also seek to bring Southern Studies to an audience outside the U.S. South in order to engage in historical and contemporary issues of social relations, cultural identity and geographic identification across places, spaces and contexts.</p>
         </div>
      </body>
      <back>
         <listBibl>
            <bibl xml:id="americansouth2002"
                  label="AmericanSouth 2002"
                  key="americansouth2002"> 
               <title rend="italic">AmericanSouth.org: Interim Report to the
Andrew W. Mellon Foundation</title>. August 2002,
<ref target="http://www.metascholar.org/pdfs/americansouth2.pdf">http://www.metascholar.org/pdfs/AmericanSouth2.pdf</ref>.</bibl>
             <bibl xml:id="deleuze1987" key="deleuze1987">Deleuze, Gilles. <title>Dialogues II</title>. English edition, Athlone Press, 1987.</bibl>
         </listBibl>
      </back>
   </text>
</TEI>
