<?xml version="1.0" encoding="utf-8"?>
<?oxygen RNGSchema="../../common/schema/DHQauthor-TEI.rng" type="xml"?>
<?oxygen SCHSchema="../../common/schema/dhqTEI-ready.sch"?>
<TEI xmlns="http://www.tei-c.org/ns/1.0"
     xmlns:dhq="http://www.digitalhumanities.org/ns/dhq"
     xmlns:rdf="http://www.w3.org/1999/02/22-rdf-syntax-ns#"
     xmlns:cc="http://web.resource.org/cc/">
   <teiHeader>
      <fileDesc>
         <titleStmt>
            <title>Over Uncle Tom's Dead Body: Publication Context and Textual Variation in Harriet Beecher Stowe's <title rend="italic">Uncle Tom's Cabin</title>
            </title>
            <author>Wesley Raabe</author>
            <dhq:authorInfo>
               <dhq:author_name>Wesley <dhq:family>Raabe</dhq:family>
               </dhq:author_name>
               <dhq:affiliation>Kent State University</dhq:affiliation>
               <email>wraabe@kent.edu</email>
               <dhq:bio>
                  <p>Wesley Raabe is an Assistant Professor of Textual Editing and American Literature at Kent State University. He is at work on a project entitled <title rend="quotes">
                        <title rend="italic">Uncle Tom’s Cabin</title>: A Digital Critical Edition.</title> The digital project will provide authoritative transcriptions, archival image facsimiles, and a textual apparatus for the surviving manuscript pages and for selected publication forms of Harriet Beecher Stowe’s <title rend="italic">Uncle Tom’s Cabin</title>: the <title rend="italic">National Era</title> serial version, publisher John P. Jewett’s three initial print versions, and the 1879 Houghton Osgood New Edition.</p>
               </dhq:bio>
            </dhq:authorInfo>
         </titleStmt>
         <publicationStmt>
            <idno type="DHQarticle-id">000062</idno>
            <idno type="volume">003</idno>
            <idno type="issue">3</idno>
            <dhq:articleType>article</dhq:articleType>
            <date when="2009-09-29">29 September 2009</date>
            <availability>
               <cc:License xmlns="http://digitalhumanities.org/DHQ/namespace"
                           rdf:about="http://creativecommons.org/licenses/by-nc-nd/2.5/"/>
            </availability>
         </publicationStmt>
         <sourceDesc>
            <p>Authored for DHQ; migrated from original DHQauthor format</p>
         </sourceDesc>
      </fileDesc>
      <encodingDesc>
         <classDecl>
            <taxonomy xml:id="dhq_keywords">
               <bibl>DHQ classification scheme; full list available in the <ref target="http://www.digitalhumanities.org/dhq/taxonomy.xml">DHQ keyword taxonomy</ref>
               </bibl>
            </taxonomy>
            <taxonomy xml:id="authorial_keywords">
               <bibl>Keywords supplied by author; no controlled vocabulary</bibl>
            </taxonomy>
         </classDecl>
      </encodingDesc>
      <profileDesc>
         <langUsage>
            <language ident="en"/>
         </langUsage>
      </profileDesc>
      <revisionDesc>
         <change when="2009-06-16" who="jhf">Initial encoding</change>
      </revisionDesc>
   </teiHeader>
   <text>
      <front>
         <dhq:abstract>
            <p/>
         </dhq:abstract>
         <dhq:teaser>
            <p>Serial <title rend="italic">Uncle Tom’s Cabin</title>, Simon Legree, and the Fiction of Honor: <title rend="quotes">A Dead Man at Auction</title>
            </p>
         </dhq:teaser>
      </front>
      <body>
         <div>
            <head>Poster Abstract</head>
            <p>On 18 March 1852, publisher John P. Jewett's two-volume edition of <title rend="italic">Uncle Tom's Cabin</title> was made available for sale. On the same
                day, an installment of the Stowe's ongoing serial appeared in the <title>National
                Era</title>. In the newspaper, opposite the page on which Stowe's devilish
                slaveholder Simon Legree says <quote rend="inline">I don't sell dead niggers,</quote> a brief reprint indicates that a Greenville, South Carolina slave auction had included for sale <quote rend="inline">one fellow deceased.</quote> This poster invites you to explore the newspaper article as a commentary on the interaction between Stowe's fiction and what the <title rend="italic">Era</title> reports as the Southern reality. And it invites you to contemplate Stowe's two alternate explanations for young George Shelby's punch, which levels Simon Legree. The poster promotes <title rend="quotes">Harriet Beecher Stowe's <title rend="italic">Uncle Tom's Cabin</title>: an Electronic Edition of the <title rend="italic">National Era</title> Version</title> (1996), a digital dissertation project available through the University of Virginia's <ref target="http://www.iath.virginia.edu">Institute for Advanced Technology in the Humanities</ref> at <ref target="http://www.iath.virginia.edu/~wnr4c/index.htm">http://www.iath.virginia.edu/~wnr4c/index.htm</ref>.</p>
         </div>
         <div>
            <head>Poster</head>
            <p>Download <ref target="resources/images/figure01.pdf">poster</ref> (PDF file) <graphic url="resources/images/figure03.png"/>.</p>
         </div>
      </body>
   </text>
</TEI>