<?xml version="1.0" encoding="UTF-8"?>
<?oxygen RNGSchema="../../common/schema/DHQauthor-TEI.rng" type="xml"?>
<?oxygen SCHSchema="../../common/schema/dhqTEI-ready.sch"?>
<TEI xmlns="http://www.tei-c.org/ns/1.0"
     xmlns:dhq="http://www.digitalhumanities.org/ns/dhq"
     xmlns:rdf="http://www.w3.org/1999/02/22-rdf-syntax-ns#"
     xmlns:cc="http://web.resource.org/cc/">
   <teiHeader>
      <fileDesc>
         <titleStmt>
            <title>Aporias of the Digital Avant-Garde</title>
            <author>Steve F. Anderson</author>
            <dhq:authorInfo>
               <dhq:author_name>Steve F. <dhq:family>Anderson</dhq:family>
               </dhq:author_name>
               <dhq:affiliation>University of Southern California</dhq:affiliation>
               <email>sfanders@usc.edu</email>
               <dhq:bio>
                  <p>Steve Anderson teaches Interactive Media and directs the
                interdivisional PhD program in Media Arts and Practice at the USC School of Cinematic
                Arts. He is also Associate Editor of Vectors Journal of Culture and Technology in a
                Dynamic Vernacular. His research interests include historiography, the theory and
                history of emerging technologies, documentary and experimental film and video and
                interactive media design. He has a PhD in Film, Literature and Culture from USC and an
                MFA in Film and Video from CalArts.</p>
               </dhq:bio>
            </dhq:authorInfo>
         </titleStmt>
         <publicationStmt>
            <idno type="DHQarticle-id">000011</idno>
            <idno type="volume">001</idno>
            <idno type="issue">2</idno>
            <dhq:articleType>article</dhq:articleType>
            <date when="2007-09-12">12 September 2007</date>
            <availability>
               <cc:License xmlns="http://digitalhumanities.org/DHQ/namespace"
                           rdf:about="http://creativecommons.org/licenses/by-nc-nd/2.5/"/>
            </availability>
         </publicationStmt>
         <sourceDesc>
            <p>Authored for DHQ; migrated from original DHQauthor format</p>
         </sourceDesc>
      </fileDesc>
      <encodingDesc>
         <classDecl>
            <taxonomy xml:id="dhq_keywords">
               <bibl>DHQ classification scheme; full list available in the <ref target="http://www.digitalhumanities.org/dhq/taxonomy.xml">DHQ keyword taxonomy</ref>
               </bibl>
            </taxonomy>
            <taxonomy xml:id="authorial_keywords">
               <bibl>Keywords supplied by author; no controlled vocabulary</bibl>
            </taxonomy>
         </classDecl>
      </encodingDesc>
      <profileDesc>
         <langUsage>
            <language ident="en"/>
         </langUsage>
      </profileDesc>
      <revisionDesc>
         <change when="2009-03-05" who="CRB">Added bio from bios.xml</change>
         <change when="2008-06-16" who="Ashwini">Updated revisionDesc format, added
                    publicationStmt, changed xref to ref, changed file attribute of graphic element
                    to url attribute for validation with new schema, added "#" to target attribute
                    of ref and ptr elements</change>
         <change when="2007-08-30" who="Ashwini Athavale">commented out the repeating header</change>
         <change when="2007-08-29" who="Julia Flanders">Added teaser</change>
         <change when="2007-08-28" who="Julia Flanders">Changed author address to
                    affiliation, consistent with other articles. Fixed small typo/encoding error.</change>
         <change when="2007-08-06" who="Ashwini Athavale">Replaced ref tag with xref for
                    external links</change>
         <change when="2007-07-14" who="Julia Flanders">Added abstract.</change>
         <change when="2007-07-11" who="Julia Flanders">Added images.</change>
         <change when="2007-07-09" who="Julia Flanders">Final validation and fixes.</change>
         <change when="2007-06-05" who="Steve Anderson">Revisions</change>
         <change when="2007-01-18" who="Julia Flanders">Encoded document</change>
         <change when="2007-01-18" who="Julia Flanders and Melanie Kohnen">Copyedited
                document</change>
         <change when="2013-06-20" who="Tassie Gniady">Changed "dhq:caption" to "head."</change>
      </revisionDesc>
   </teiHeader>
   <text>
      <front>
         <dhq:abstract>
            <p>This article maps two divergent trajectories within a narrowly defined sphere of
                short-form, time-based digital media created between 1995 and 2005. These works are
                considered in relation to the historical avant-garde - particularly the Structural
                film movement of the 1960s and 70s - and analyzed as responses to a range of
                cultural concerns specific to the digital age. The analysis identifies movement
                toward two terminal points: first, a mode of remix-based montage inspired by open
                source programming communities and peer-to- peer networks; and second, the emergence
                of a mode of imaging termed the <q>digital analogue</q>, which foregrounds
                the material basis of digital production.</p>
         </dhq:abstract>
         <dhq:teaser>
            <p>Film, remix and the future of digital media.</p>
         </dhq:teaser>
      </front>
      <body>
         <div>
            <head>Introduction</head>
            <p>The title of this article refers to Hans Magnus Enzensberger's 1962 essay <title rend="quotes">The Aporias of the Avant-Garde</title>
                <ptr target="#enzensberger1974"/>, a cautionary tale and critique of the dangers
                that arise from tying the ideology of the <quote rend="inline">avant garde</quote>
                to radical social agendas. Enzensberger warns against the pretensions of movements
                like Futurism that were so easily swept up into the political ideology of fascism,
                and the avant-garde's general tendency to slip toward variously doctrinaire forms of
                political sloganeering. As Enzensberger argues, an avant-garde that is unconscious
                of its aporias — its internal contradictions and obfuscations
                — is even more dangerous than the reactionary politics that inevitably
                surface to resist it. Criticism about digital media, which has too often strayed
                into the realm of the utopian, would do well to heed such warnings. And while my
                present argument is largely framed in optimistic terms, it is particularly important
                to recognize the limitations of contemporary <quote rend="inline">avant-garde</quote> media practices, given the largely hostile political and
                economic climate in which they have emerged. </p>
            <p>As lines between categories of digital art making continue to blur, it is also
                necessary to re-examine outmoded distinctions between the practices and tools of
                cinema, video, music, animation, graphic design and motion graphics. Just as digital
                practitioners move fluidly across these boundaries, theorists and historians of new
                media must develop similarly mobile strategies of critical practice unencumbered by
                the burden of past media and analytical paradigms. Whereas the Modernist avant-garde
                privileged materiality as a means of exploiting the formal potentials of medium
                specificity, the privileged objects in this essay preserve a relation to the
                material world that grounds them historically. Ultimately, it is not an avant-garde
                free of contradictions that we seek, but one that illuminates the position of
                digital media in relation to systems of control — including the rules of
                representation, technology, and history. </p>
            <p>To do this, we will focus on a small number of short-form, time-based, digital media
                — a disparate array of music videos, short films and motion graphics
                created during the past ten years. Despite the fact that the work under
                consideration here has rapidly proliferated and resonated with many of the key
                theoretical issues in cinema and visual culture studies of the past three decades,
                it has been largely neglected by theorists and critics of digital culture.<note>Of
                    course there are notable exceptions, especially Holly Willis' <title>New Digital
                        Cinema: Reinventing the Moving Image</title>
                    <ptr target="#willis2005"/>. This is as good a time as any to acknowledge my
                    profound indebtedness to Holly Willis' thoughtful engagement with this body of
                    work during her four year tenure as editor-in-chief of <title>Res
                    Magazine</title> and co-curator of the ResFest, a traveling festival responsible
                    for promoting and exhibiting some of the most interesting short form media of
                    the past decade. Also of interest is Andrew Darley's <title>Visual Digital
                        Culture: Surface Play and Spectacle in New Media Genres</title>
                    <ptr target="#darley2000"/>, which dealt with a previous generation of music
                    video, and Scott Bukatman's <title>Matters of Gravity: Special Effects and
                        Supermen in the 20th Century</title>
                    <ptr target="#bukatman2003"/>, which is particularly useful for its commentary
                    on the problematic role of pleasure for academics who are concerned with popular
                    media.</note> Part of the reason for this neglect is practical. The works
                themselves are often ephemeral or difficult to access and they tend to occupy a
                liminal position between what is called <q>experimental</q> or
                    <q>avant-garde</q> film and video, and the equally broadly defined
                field of practice termed <q>new media.</q> These works therefore do not
                fit into any consistent curricular or publishing niche, are rarely a part of
                mainstream culture, do not receive theatrical distribution or broadcasting, and are
                often regarded with suspicion as proper objects of study within an academic
                    context.<note>The primary cultural vehicles for this work have been limited to
                    festivals, trade publications and specialty DVD releases, such as the US's
                        <title>Res/fest</title>; the UK's <title>onedotzero</title> and
                        <title>Ninjatune</title>; and Japan's <title>Gas TV</title>.</note>
                Nonetheless, I will argue that much of this work may be productively understood as a
                processing ground for some of the most compelling issues in contemporary digital
                culture.</p>
            <p>I am particularly interested in these works' expression of the status of narrative,
                of relations between technology and material culture, and of emergent conceptions of
                space, time, and bodies. As a point of entry, I will ask whether this work may be
                meaningfully understood in relation to the historical avant-garde, particularly the
                Euro-American Structural film movement of the 1960s and 70s. I do not, however, wish
                to spend much time justifying my use of the term <quote rend="inline">avant-garde,</quote> which admittedly carries specific historical connotations that
                are not all applicable to the present discussion.<note>I would argue that this term
                    is capacious and porous enough, even acknowledging its previous uses, to suggest
                    a type of media art practice that is formally or politically experimental,
                    innovative or provocative and I ask the reader's indulgence in accepting this as
                    an operational definition of <quote rend="inline">avant-garde</quote> media
                art.</note> Instead, I will focus on two primary vectors of consideration. The first
                is the movement toward what may be termed <q>open source</q> video
                authoring, modeled after the combined practices of open source programming
                communities and peer-to-peer file sharing networks. The second is the emergence of
                what I call the <q>digital analogue,</q> a mode of representation that
                foregrounds material aspects of production seemingly in defiance of the conventional
                wisdom that digital media are characterized by dematerialization and disconnection
                from the physical world. </p>
            <p>Because the title of this essay features the rather glaring oxymoron <q>digital
                    avant-garde,</q> it may be useful to define these terms in isolation in
                order to frame the use I hope to make of them in juxtaposition. The term
                    <q>digital</q> rarely denotes a set of cohesive practices. Digital
                media are notoriously hybrid, often bringing together images, sounds, and objects
                that are computer-generated or mediated with others that originate in the analogue,
                photochemical, or textual worlds. There is, however, a certain utility to
                    <q>digital</q> as a historicizing term, particularly as it implies its
                own eventual obsolescence. I am less interested, therefore, in defining
                    <q>digital culture</q> in terms of technology than in attempting to
                identify the social practices and preoccupations that are particular to the digital
                age. One of the things at stake within the consumer culture that surrounds digital
                media is the growing invisibility of its underpinning technology. Given the current
                movement toward ubiquitous computing and wireless networks, this is of particular
                relevance; even flat panel monitors and microprocessors that are embedded in
                everyday objects seem to negate the physical infrastructure of the computer and by
                implication, its socio-industrial base. </p>
            <p>For the purposes of this essay, the <q>avant-garde</q> may be defined as a
                non-singular and contradictory range of minor practices that are dialectically
                related to — i.e., both resistant to and constitutive of —
                dominant media systems. These works are characterized by multiplicity,
                micro-politics and formal experimentation, and perhaps most disquietingly, they are
                often exo-commercial — that is, positioned in a marginal but necessary
                relationship to the economically sustaining infrastructure of the entertainment and
                advertising industries. This working definition is indebted to David James' work on
                American avant-garde film of the 1960s, which debunks the old avant-garde /
                commercial binary as both false and misleading.<note>See David James,
                        <title>Allegories of Cinema: American Film in the Sixties</title>
                    <ptr target="#james1989"/>.</note> At the level of both institutions and
                individuals, James argues for a historical model that acknowledges the fundamentally
                cross-pollinating relationship between commercial and experimental film practice. </p>
            <p>My desire to reclaim the concept of the avant-garde for the digital age stems from a
                firm belief in the relevance of media to politics and culture. I see great potential
                benefit in developing a critical apparatus for understanding these exo-commercial
                practices as embedded in a broader context with economic and social implications.
                Holly Willis has further argued for the value of seriously considering these works
                as symptomatic indicators of cultural obsessions: <cit>
                  <quote rend="block">Despite the general dismissal of these works, many music
                        videos, as well as design shorts, offer a compelling examination of some of
                        the central issues that we face as a culture, and indeed, one might argue
                        that these rather disparate artworks offer a map of contemporary anxieties,
                        fascinations and concerns.</quote>
                  <ptr loc="51" target="#willis2005"/>
               </cit>What is ultimately at issue in both <q>digital</q> and
                    <q>avant-garde</q> is our ability to relate these terms to the needs
                and struggles of everyday life. Put more simply, the goal is to ascribe relevance to
                particular practices of digital culture in a historical context. Thus, I believe it
                is possible to deploy the term <q>avant-garde</q> with respect for its
                historical specificity, but at the same time, to make a claim for its continuing
                usefulness in discussing contemporary art practices that have evolved in parallel
                with commercial-industrial media. </p>
         </div>
         <div>
            <head>Digital Ontology</head>
            <p>Within visual culture, digital imaging has come to signify an ontological shift away
                from the indexical trace of the photograph. Where photochemical imaging could lay
                claim to a direct relation to the physical world, both conventional wisdom and
                everyday experience suggest that digital images more commonly function as hybrid
                constructions of the world they purportedly represent. Although the problematic of
                representing reality long predates the appearance of digital technology, the early
                1990s marked a point of no return for the representational capacity of images. In
                his 1991 book <title>Representing Reality</title>, documentary film theorist Bill
                Nichols offered this almost sheepish disclaimer: <cit>
                  <quote rend="block">[through digital sampling] The image becomes a series of
                        bits, a pattern of yes/no choices registered within a computer's memory […]
                        There is no original negative […] against which all prints can be compared
                        for accuracy and authenticity. There may not even be an external referent.
                        The implications of all this are only beginning to be grasped. They clearly
                        set a historical framework around the discussion presented in this book,
                        which continues to emphasize the qualities and properties of the
                        photographic image. </quote>
                  <ptr target="#nichols1991" loc="4"/>
               </cit> The previous year, in his influential book on 19th century visual culture
                    <title>Techniques of the Observer</title>, Jonathan Crary noted that digital
                imaging constitutes a categorical break from the photographic processes that were
                developed in the early 19th century. With digital imaging, Crary asserts, vision is
                relocated to <cit>
                  <quote rend="block">a plane severed from a human observer […] Most of the
                        historically important functions of the human eye are being supplanted by
                        practices in which visual images no longer have any reference to the
                        position of an observer in a <quote rend="inline">real,</quote> optically
                        perceived world. If these images can be said to refer to anything, it is to
                        millions of bits of electronic, mathematical data.</quote>
                  <ptr loc="2" target="#crary1990"/>
               </cit> The problem with digital images, as Crary defines them, is that they are not
                linked in an indexical relationship to the <quote rend="inline">real world</quote>
                (which he revealingly equates with the <quote rend="inline">optically
                perceived</quote> world).<note>From my perspective, both Nichols and Crary choose
                    highly unfortunate terms for describing the <emph>real</emph> world. Where
                    Nichols writes about the <quote rend="inline">historical</quote> world; Crary
                    opts for <quote rend="inline">optically perceived</quote> world, both of which
                    introduce more complications than they dissolve.</note> What is at stake here
                are not merely the technical affordances of competing technologies of vision but a
                philosophical metaphor describing the way we attain knowledge about the world. But
                in characterizing the ontological shift represented by digital imaging in terms of
                loss, it is all too easy to find ourselves in a nostalgic desire for the
                prelapsarian authenticity of the photograph — a concept that is itself
                dubious at best.</p>
            <p>In his essay <title rend="quotes">Avant-Garde as Software,</title> Lev Manovich
                extends this loss to the failure of the avant-garde to sustain the convergence of
                formal and political interests: <cit>
                  <quote rend="block">The old media avant-garde came up with new forms, new ways
                        to represent reality and new ways to see the world. The new media
                        avant-garde is about new ways of accessing and manipulating information […]
                        The new avant-garde is no longer concerned with seeing or representing the
                        world in new ways but rather with accessing and using in new ways previously
                        accumulated media.</quote>
                  <ptr target="#manovich1999" loc="12"/>
               </cit>Manovich aptly describes the development of database structures and
                recombinant media that are crucial to networked culture. However, his model
                overlooks the potential of this new media avant-garde to engage new ways of seeing
                the world that are rooted not in optical perception but in the harnessing of data
                flows. This shift, summarized by Peter Weibel as a move <quote rend="inline">from
                    the ruins of representation to the practices of processing</quote>
                <ptr target="#weibel2002" loc="2"/>, highlights the need for rethinking networks in
                epistemological terms. This article aims to position the functioning of digital
                networks as not merely a vehicle for the transmission of data, but also a means of
                    <q>seeing</q> and understanding the world. At stake in this
                investigation is an emergent understanding of the ways media practitioners are
                enacting new forms of networked subjectivity and creativity that are characteristic
                of an <q>open source</q> authoring mode. These networked practices should
                not be uncritically privileged — they are as readily deployed for evil as
                for good — but I want to probe the transformative impact of networks on
                historical avant-garde tactics of appropriation and recombination. </p>
         </div>
         <div>
            <head>Modernism and Avant-Garde</head>
            <p>In her book <title>The Originality of the Avant-Garde and Other Modernist
                Myths</title>, Rosalind Krauss challenges the discourse of originality on which the
                concept of the Modernist avant-garde was based, arguing that <quote rend="inline">the actual practice of vanguard art tends to reveal that 'originality' is a
                    working assumption that itself emerges from a ground of repetition and
                    recurrence.</quote> Indeed, she argues, originality and repetition are often
                bound together through shared formal and structural constructs, and she identifies
                one such construct — the grid — as a privileged technique of
                spatial organization within the painted modernist frame. For Krauss, photography
                provided the final seeds of destruction of originality as the <foreign>sine qua
                non</foreign> of modernist art. Her argument turns approvingly to the photographic
                work of Cindy Sherman and Sherrie Levine as marking a break with the modernist
                notion of origin, moving instead into an era characterized by the postmodernist
                discourse of the copy. Now, the operative question is whether the <q>discourse
                    of the copy</q> that so aptly described the Appropriationist movement of
                the 1980s (of which Levine and Sherman were a part) still applies to digital media. </p>
            <p>In digital media, the act of copying has moved from figure to ground, whether at the
                level of the individual pixel, the sample, or the peer-to-peer network. In other
                words, the status of the copy is no longer at stake — it is as much of a
                given to digital composition as brush strokes are to painting. To further update
                Krauss' take on the dynamic interplay between originality and repetition, we must
                revisit her privileging of the grid as a structuring framework. The grid, for
                Krauss, marked Modern art's categorical withdrawal from representation and mimesis. <cit>
                  <quote rend="block">Flattened, geometricized, ordered, it is antinatural,
                        antimimetic, antireal. It is what art looks like when it turns its back on
                        nature. In the flatness that results from its coordinates, the grid is the
                        means of crowding out the dimensions of the real and replacing them with the
                        lateral spread of a single surface</quote>
                  <ptr loc="158" target="#krauss1993"/>
               </cit>Krauss goes on to ruminate on the irony of the avant-garde artist turning,
                again and again, in a celebration of his own originality to the form of the grid for
                its realization: <cit>
                  <quote rend="block">That so many generations of 20th-century artists should have
                        maneuvered themselves into this particular position of paradox —
                        where they are condemned to repeating, as if by compulsion, the logically
                        fraudulent original — is truly compelling </quote>
                  <ptr target="#krauss1993" loc="160"/>
               </cit> She further argues that nothing less than the collusion of museums,
                historians, and makers of art has served to continually assert the superiority of
                originality over repetition in modern art, a conundrum that was left to
                postmodernism to outstrip.</p>
            <p>Within digital media, however, it seems clear that the two-dimensional X-Y axis of
                Krauss' modernist grid has given way to work that places equal if not greater fetish
                value on the Z-axis, and the possibility, if not the imperative, of composing in
                depth using 3-D modeling software, video game engines, immersive and telepresent
                technologies, mobile media, etc. In his book <title>Snap to Grid,</title> Peter
                Lunenfeld identifies the two-dimensional grid as the enemy of the digital designer,
                whose first act upon opening an application is to turn off the snapping function so
                as not to be constrained by the quantum logic of arbitrarily imposed Cartesian
                coordinates <ptr target="#lunenfeld2000"/>. In the work under consideration here, it
                is possible to identify two responses to this tendency that suggest alternatives to
                the privileging of the Z-axis. Within the realm of the <q>digital
                analogue,</q> there is frequently a gravitation toward work that foregrounds
                the tension between flatness and depth, a kind of resistance to immersion that
                arguably un-privileges three-dimensionality. And in the zone of networked
                communication, a figurative Z-axis may be understood to signify the dimensional
                structure of the Internet or the datasphere of wireless media that concerns
                practitioners of mobile and distributed media. </p>
         </div>
         <div>
            <head>Open Source Paradigm</head>
            <p>Within the realm of what may be termed <q>open source video</q>
                — i.e., re-edited videos that are distributed online and via file-sharing
                networks — it is possible to view the rhizomatic structure of the
                Internet as a corrective to the Cartesian coordinates of three-dimensional space.
                This is particularly realized in the structure of global peer-to-peer distribution
                networks, which can no longer be regarded as external and posterior to the digital
                artwork itself. Instead, I believe we are witnessing a transformation of the digital
                artwork's position as fundamentally entangled with circuits of replication,
                recombination, dissemination, and along with them, endless potentials for productive
                mutation. Both Lunenfeld and Manovich have described this transformation as a shift
                to <quote rend="inline">information-based aesthetics,</quote> impacting a broad base
                of digital practices from art and architecture to film and computational media. When
                addressing works that emerge from the informational space of the network, we are
                dealing not with originals and reproductions but memes and mutants —
                circuits of data flow and transformation that assert their own ontological status.
                Perhaps most importantly, we must address these networks in both material and
                functional terms, as cultural formations that are the products of material and
                ideological necessity and not merely passive conduits for data. </p>
            <figure xml:id="figure01">
               <graphic url="resources/images/figure01.jpg"/>
               <figDesc>Image of the Beatles performing, with a placard reading <quote rend="inline">DJ Danger Mouse</quote>
               positioned in front of the drum set</figDesc>
                <head/>
            </figure>
            <p>A recent cultural object to emerge from this space is the <title>Grey Video</title>,
                which was created and released anonymously in October 2004, only to be shut down by
                the record label EMI as part of its continuing efforts to enforce control over their
                copyright of the Beatles' <title>White Album</title>. The background to this story
                is widely known: on February 24, 2004, a group called Downhill Battle organized a
                day-long electronic civil disobedience action called Grey Tuesday. Downhill Battle
                sought to protest the legal action taken by EMI to suppress a remix by DJ Danger
                Mouse that combined rhythm tracks from the Beatles' <title>White Album</title> with
                vocal tracks from Jay-Z's <title>Black Album</title> to create the underground
                sensation, the <title>Grey Album</title>. During the 24 hours of Grey Tuesday, over
                100,000 copies of the <title>Grey Album</title> were reportedly downloaded from
                hundreds of sites across the Internet and an estimated million more copies were
                traded over file sharing networks. At the same time, hundreds more websites
                demonstrated their support by converting their home page color palette to all grey.
                Although its impact was largely symbolic, Grey Tuesday is still regarded as the most
                successful instance of organized civil disobedience against the music industry. Nine
                months later, the <title>Grey Album</title> was followed by the <title>Grey
                Video</title>, which was created and released anonymously by the design firm Ramon
                &amp; Pedro. The <q>official</q>
                <title>Grey Video</title> website was predictably shut down within a few weeks of
                its launch, although the video continues to circulate on mirror sites and peer
                networks across the Internet. </p>
            <p>The <title>Grey Video</title> begins with a performance by the Beatles before a live
                television studio audience. Just moments into the song, images of the rapper Jay-Z
                begin to encroach on the performance and his own lead vocals are added to the
                background music of a cut-up Beatles song. Images of bumbling and ineffectual
                broadcast engineers may be understood as a metaphorical jab at the RIAA, who are
                powerless to recover control of the images being disseminated, first as Jay-Z's
                image appears on one and then all three television monitors in the control booth and
                later as the musical remix causes a breakdown of both artists' performance. As
                Ringo's drum kit is replaced by a set of turntables and the words <quote rend="inline">DJ Danger Mouse,</quote> the vestigial musicians Paul and George
                are perfunctorily replaced by dancers, and John performs a virtuosic break dance
                punctuated by a protracted round of spinning on his head and a screen-exiting
                backflip that leaves the singer's signature mop-top wig lying symbolically on the
                stage. On one level, all of this amounts to little more than a parodic gesture, but
                the electronic civil disobedience of Grey Tuesday and the visuals of the obviously
                hastily produced <title>Grey Video</title> eloquently speak both to consumer
                frustrations with increasingly restrictive copyright laws and to the growing power
                of peer networks to subvert their enforcement. </p>
            <p>Apart from the barely noticeable R+P logo that flashes on screen at the end of the
                video, Ramon &amp; Pedro nowhere acknowledge responsibility for the <title>Grey
                    Video</title>, which was made with no possibility of direct profit for the
                design team. Indeed, a disclaimer at the head of the video announces that it was
                made as an experiment and not for commercial purposes. But the video was also made
                in full knowledge that the official site would be shut down and trusting in the hope
                that a decentered grassroots network would step in and take over distribution of the
                video. I don't necessarily want to offer Ramon &amp; Pedro as outlaw media
                hackers — they are rather savvy entrepreneurs who understand the economy
                of value in viral marketing and the power of aligning themselves (albeit slightly
                disingenuously) with the anti-industry, anti-commercial sentiments of today's remix
                culture. Taken in aggregate, however, I believe the Downhill Battle protest, coupled
                with the widespread, illicit circulation of the <title>Grey Video</title> is
                exemplary of a mode of practice that is defined by the logic of the open source
                network at the level of production, distribution, and reception. Another direct
                legacy of Downhill Battle's Grey Tuesday action is the group's own spinoff
                organization, The Participatory Culture Foundation, a non-profit advocacy group
                which seeks to create tools that facilitate the conjunction of culture and
                    politics.<note>The group's initial software release, Democracy Player, is a
                    free, open source program that supports a democratic vision of Internet-based
                    television: <ref target="http://www.getdemocracy.com">http://www.getdemocracy.com</ref>. </note> As legal and cultural struggles
                over copyright and control of the internet continue, the networks and tools of such
                organizations, along with widespread cultural practices based on participation and
                collective action, offer crucial sites of potential resistance. </p>
         </div>
         <div>
            <head>Digital Resistance? </head>
            <p>Among the most vocal advocates of the concept of a digital avant-garde that is
                directly engaged in resisting corporate domination of media is the Critical Art
                Ensemble (CAE), which argues unabashedly for work that places <quote rend="inline">a
                    high value on experimentation and on engaging the unbreakable link between
                    representation and politics.</quote>
               <note>This position, of course, grows
                    increasingly ironic in light of the case mounted by the Justice Department
                    against CAE member Steve Kurtz as retaliation for the group's activism with
                    regard to biotechnology.</note> In their 2002 manifesto <title>Digital
                    Resistance</title>, CAE elaborate on their call for a critically engaged <quote rend="inline">electronic civil disobedience</quote>
               <note>
                  <title>Electronic Civil
                        Disobedience and Other Unpopular Ideas</title> was also the title of CAE's
                    previous book <ptr target="#cae2001"/>.</note> that explicitly works to bridge
                the formal and political dimensions of avant-garde practice. CAE argues that, just
                as capitalism has become increasingly nomadic, mobile, dispersed and electronic,
                artists and activists must respond in kind: modeling forms of digital resistance
                that are equally liquid, but preferably operating by means that are less compatible
                with the status quo functioning of the entertainment industries: <cit>
                  <quote rend="block">After all, an avalanche of literature from very fine
                        postmodern critics has for the past two decades consistently told us that
                        the avant-garde is dead and has been placed in a suitable resting plot in
                        the Modernist cemetery alongside its siblings, originality and the author.
                        In the case of the avant-garde, however, perhaps a magic elixir exists that
                        can reanimate this corpse</quote>
                  <ptr target="#cae2002"/>
               </cit> The elixir they refer to is digital technology and the increasing dependence
                of late capitalist economics on global communication networks and their
                vulnerability to cultural hacking. As CAE insists, <quote rend="inline">The
                    avant-garde today cannot be the mythic entity it once was. No longer can we
                    believe that artists, revolutionaries, and visionaries are able to step outside
                    of culture to catch a glimpse of the necessities of history as well as the
                    future.</quote> In practical terms, CAE propose <quote rend="inline">cellular
                    constructions aimed at information disruption in cyberspace.</quote> They thus
                advocate hacking as both an art form and political weapon, which points to the
                importance of thinking not just in terms of media objects and practices but also of
                their evolving contexts of distribution and exhibition. Unfortunately, the
                vocabulary of Hollywood film distribution obscures the functioning of networks and
                communities — some physical, some online or virtual — within
                which digital files are copied, reproduced, and traded. Within such a network,
                distinctions between viewers and producers are irretrievably blurred, and the
                one-way logic of television broadcasting and theatrical distribution becomes the
                multi-directional, many-to-many dialogue of the BitTorrent network. But how might
                this abstract cultural transformation manifest itself in terms of actual production?
                Part of the answer may be found in the extraordinary proliferation of remix-based
                videos currently in circulation via the internet and peer-to-peer networks.</p>
         </div>
         <div>
            <head>Remix as Politics</head>
            <figure xml:id="figure02">
               <graphic url="resources/images/figure02.jpg"/>
               <figDesc>TV image of George W. Bush</figDesc>
                <head/>
            </figure>
            <p>Mike Nourse's short remix video <title>Terror Iraq Weapons</title> is one of many
                short, remix videos that appeared during the lead-up to the 2004 American
                presidential election. The video was created by means of executing a single
                algorithm: each occurrence (or variation) of the words <quote rend="inline">terror,</quote>
                <quote rend="inline">Iraq</quote> and <quote rend="inline">weapons</quote> was
                extracted from a single speech by President George W. Bush and grouped in the order
                in which they occurred. Nourse's deceptively simple conceit poses a surprisingly
                effective critique of both the Bush campaign's mendacious association of al Qaeda's
                attack on the World Trade Center with the regime of Saddam Hussein and the central
                canard of the administration's advocacy of war, namely the existence of weapons of
                mass destruction in Iraq prior to the American military onslaught in 2003. At the
                same time, Nourse's video invites us to think about the functioning of the news
                media as a passive echo chamber for campaign and administration talking points. The
                low-tech simplicity of Nourse's process invites viewers to imagine creating their
                own variations on this project, transforming virtually any electronic broadcast into
                potential raw materials for re-editing and redistribution.<note>Robert Greenwald's
                    well-meaning but overwrought documentary about Fox News, <title>Outfoxed: Rupert
                        Murdoch's War on Journalism</title>
                    <ptr target="#greenwald2004"/>, performs a similarly manipulative rhetorical
                    maneuver in illustrating its critiques against the network with rapid fire
                    montage sequences culled from hundreds or perhaps thousands of hours of recorded
                    broadcasts. The result is a kind of temporary, rhetorical assault that might
                    seem discursively dishonest and unconvincing to anyone who is not already
                    aligned with the film politically. For me, what makes Outfoxed interesting is
                    Greenwald's decision to release his original interview materials into the public
                    domain to be freely used by others — which again underscores the
                    importance of the peer network over the individual artwork as a primary site of
                    political resistance.</note>
            </p>
            <p>Nourse's deployment of an explicitly algorithmic process also exemplifies one aspect
                of art production in the database age by emphasizing the importance of keywords as a
                means of understanding and reprocessing the content of media broadcasts. The
                attribution of metadata, such as keywords, to any media set constitutes a similar
                process — the distillation of key concepts from a field of possibilities.
                The result, as with the information-handling capacity of a database system, is to
                amplify the power of recombination and use of the data set, in this case, turning
                media consumers into producers of alternative or resistant meanings.<note>I view the
                    linguistic mutation of Nourse's video as distinct from other appropriative
                    practices in politically engaged documentary and avant-garde film, such as Emile
                    de Antonio's <title>In the Year of the Pig</title> (1968) or Charles Ridley's
                        <title>Panzer Ballet</title> (1940), in which propaganda images are given
                    oppositional meanings through reediting and recontextualization.</note> Nourse's
                video and many others like it, including Lenka Clayton's <title>qaeda quality
                    question quickly quickly quiet</title> (2002), operate in a specifically
                linguistic realm, with almost total disregard for the visual. Clayton's film, which
                has also been released in audio-only format on LP (thereby underscoring its relation
                to DJ culture), takes every one of the 3814 words in Bush's infamous <title rend="quotes">Axis of Evil</title> State of the Union speech and simply re-edits
                them into alphabetical order. In both Nourse's and Clayton's videos, the image of
                the president jumps spastically around the screen, enslaved by the syntactic
                rearrangement taking place in the verbal register. This welcome reversal of the
                usual image-sound hierarchy has its most disruptive impact on the performative
                aspects of the political speeches, whose constructed inflections and cadences are
                simultaneously subverted and revealed by the imposed structure of the re-edit. </p>
         </div>
         <div>
            <head>Structural Film as Archetype </head>
            <p>This type of algorithmic manipulation strongly resembles the Euro-American Structural
                film movement of the late 1960s and early 1970s, which was associated with
                filmmakers such as Michael Snow, Hollis Frampton, Ernie Gehr, Paul Sharits, Joyce
                Wieland, and Peter Kubelka, and which finds an active legacy in the continuing work
                of filmmakers such as James Benning, Su Friedrich, Morgan Fisher, and Martin Arnold.
                Although highly influential among experimental filmmakers, this work was deservedly
                criticized for its makers' decision to pursue a set of artistic interests that were
                fundamentally apolitical and inward-looking, even in the midst of the cultural
                turmoil surrounding the Vietnam war and civil rights movements. For David James,
                this movement aligns seamlessly with the conceptual and minimalist movements in the
                art world — posing an institutional critique of the art world's
                persistent effacement of the materiality of its objects. <quote rend="inline">Pure
                    film,</quote> as James calls it, constituted cinema's response to Clement
                Greenberg's call for medium specificity, drawing attention to the surfaces and
                planes of the film image and its unique, artistic properties by using techniques
                such as scratched emulsion, loop printing, and mathematically derived editing
                structures. </p>
            <p>Structural film is often misunderstood as a fundamentally reductive and solipsistic
                practice when, in fact, much of the most interesting work is engaged in broader
                questions of historiography, narrative, memory, perception, and cognition in the
                cinematic processing of space and time. Ernie Gehr's work is exemplary in this
                regard, fulfilling both the rigid structural impulse of the movement's most extreme
                adherents, while simultaneously engaging in broader philosophical,
                historiographical, and perceptual concerns. Likewise, Morgan Fisher's body of work,
                which offers cinema's most esoteric and monomaniacal examination of the processes
                and mechanics of the cinematic apparatus, also constitutes one of its most erudite
                commentaries on otherwise too-easily-suppressed aspects of the Hollywood film
                industry. </p>
            <p>While Structural film has been largely regarded as a footnote within film studies, it
                has resonated with remarkable tenacity in certain sectors of digital media art.
                Lunenfeld's decision to include a chapter on Structural filmmaker Hollis Frampton in
                    <title>Snap to Grid</title>, for example, has been much commented upon as a
                bizarre anachrony in a book ostensibly devoted to digital culture and design. But
                Lunenfeld's gravitation toward work by Frampton and other Structuralists is not
                merely idiosyncratic. The majority of Structural films are themselves mathematical
                or algorithmic in conception — characteristics that are consonant with
                the workings of digital media. Indeed Lunenfeld argues, <quote rend="inline">the
                    ascendancy of the digital image has rendered experimental film ripe for a
                    renaissance […] the experimental cinema can serve as a model for
                    computer-inflected art. I believe, in fact, that the most interesting new media
                    works aspire to the condition of the experimental cinema without quite realizing
                    it.</quote>
                <ptr target="#lunenfeld2000" loc="120–1"/>. In her book <title>New
                    Digital Cinema</title>, Holly Willis likewise identifies Ernie Gehr's Structural
                classic <title>Serene Velocity</title> (1970) as a key progenitor of digital media's
                fascination with space as <quote rend="inline">our era's primary focus of
                concern,</quote> noting that <title>Serene Velocity</title> was created within a few
                months of the prototype network that would become the Internet. </p>
            <p>A somewhat more literal case in point may be found in the work of artist Barbara
                Lattanzi, who has created a series of image processing systems called <quote rend="inline">idiomorphic software,</quote> which function as handlers for
                online media.<note>
                    <ref target="http://www.wildernesspuppets.net">http://www.wildernesspuppets.net</ref>
                </note> These include <title>EG Serene</title>, which is named after Ernie Gehr's
                    <title>Serene Velocity</title> and which takes any piece of Quicktime video and
                provides controllers that allow users to approximate the editing patterns found in
                    <title>Serene Velocity</title> (1970)<note>The system works with any piece of
                    video footage but Lattanzi recommends using content such as pornography,
                    surveillance footage, or home movies.</note>; and <title>HF Critical
                Mass</title>, which operates on the same principle in order to mimic the editing of
                Hollis Frampton's <title>Critical Mass</title> (1971).<note>Another example is
                    Japanese filmmaker Sueoka Ichiro, who has completed a series of short films and
                    gallery-based installations titled <title rend="quotes">Requiem for Avant-Garde
                        Film.</title> Sueoka's body
                    of work includes titles such as <title>A Film in Which There did NOT Appear
                        Sprocket Holes, Edge Lettering without Dirt Particles</title>, which
                    references George Landow's <title>Film in Which There Appear Sprocket Holes,
                        Edge Lettering, Dirt Particles and etc.</title> (1966, 16mm, 4mins, US);
                        <title>A flick film in which there appear Liz and Franky is composed under
                        the score of ARNULF RAINER by P. Kubelka on NTSC</title> (2000), which uses
                    footage of Elizabeth Taylor from <title>Elephant Walk</title> (1954) and Frank
                    Sinatra from <title>Come Blow Your Horn</title> (1963) to substitute for the
                    alternating white and black frames of Kubelka's <title>Arnulf Rainer</title>
                    (1960); and <title>Studies for Serene Velocity</title> (2003), which offers a
                    direct homage to Ernie Gehr's <title>Serene Velocity</title>, exploring the
                    length of a hallway through rapidly varying focal lengths.</note> Lattanzi's
                tongue-in-cheek homage to Gehr and Frampton, whose obsession with film's materiality
                represents the apotheosis of cinematic medium specificity, highlights a key
                distinction between film and digital media. Structural filmmakers' fetishistic
                relationship to their apparatus of production is largely denied to makers of digital
                media, whose creative interactions largely take place within the domain of software
                and therefore rarely reference the role of the computer as object-machine.
                Lattanzi's work instead places its emphasis on interface over physicality and on
                constructing systems that handle and reconfigure pre-existing media into new
                patterns. Idiomorphic software offers users a form of empowerment and control that
                is of an entirely different order than conventional interactive narratives. It also
                suggests ways to talk about the specificity of digital media that do not simply
                replicate the formalist impulses of Structural film. </p>
         </div>
         <div>
            <head>The Digital Analogue </head>
            <figure xml:id="figure03">
               <graphic url="resources/images/figure03.jpg"/>
               <figDesc>Image showing a sample of Virgil Widrich's work, appearing to be of folded
                    paper with the faces of Cary Grant and Grace Kelly displayed in a structure
                    resembling an automobile.</figDesc>
                <head/>
            </figure>
            <p>Although materiality is often elided within digital media, the physicality of film
                images remains a source of explicit fascination for certain media artists. Perhaps
                the most remarkable of these is Austrian experimental filmmaker Virgil Widrich.
                Along with the filmmakers Peter Tscherkassky and Martin Arnold, Widrich is part of a
                    <quote rend="inline">third generation</quote> of Austrian experimental
                filmmakers who all share an obsessive interest in fragmenting and decomposing film
                frames and working with movement and repetition within the frame. Until recently,
                Widrich was the only one of the three to work digitally. Both Arnold and
                Tscherkassky have prided themselves on rejecting digital technology, even as they
                create works that are deeply connected to the logic of digital media in their use of
                repetition and recombination. Widrich's work is additionally provocative in its
                return to paper as a substrate for moving images. In the last few years Widrich has
                completed two films — <title>Copy Shop</title> (2001) and <title>Fast
                    Film</title> (2003) — that are based on a method of production that
                requires thousands of digital video frames to be printed out on paper, folded, torn,
                and then re-animated. On one level, this work constitutes a return to primitive
                cinema, the kind of frame-by-frame, hand-made production described by Lev Manovich
                as characteristic of digital cinema<note> In <title>The Language of New Media</title>
                    <ptr target="#manovich2001"/>, Manovich somewhat ominously predicts a day when
                        <quote rend="inline">given enough time and money, one can create what will
                        be the ultimate digital film: 90 minutes, 129,600 frames completely painted
                        by hand from scratch, but indistinguishable in appearance from live
                        photography.</quote>
               </note> — but on another level, it
                demonstrates a process that calls an unusual degree of attention to the material
                substrate of cinema. The result for viewers is an acute awareness not only of the
                materiality of the film they are watching but also of the layering of moments in
                time that is allegorized through the production process. </p>
            <p>
               <title>Fast Film</title> also presents an extreme and literal use of intertextuality,
                in which characters from nearly three hundred different films move seamlessly
                through a single narrative space. The film suggests a re-assertion of the individual
                subject as the associative consciousness of the narrative and assures that each
                viewing experience will be different, as viewers recognize different clips,
                characters and moments from each sampled film. The structure of <title>Fast
                Film</title> is that of a recombinant database that serves as both homage and parody
                in its affectionate pillaging of Hollywood history. Arguably, it is the anxiety
                attending the ethereality of digital technology that occasions this extreme
                foregrounding of material processes — namely the crazy, obsessive work of
                printing, numbering, folding, tearing and then re-photographing tens of thousands of
                film frames. Another factor is our immersion in an era when questions of copyright
                and intellectual property have moved from the expert discourses of litigation and
                technology into the forefront of many people's everyday lives.<note>Ironically,
                        <title>Fast Film</title> shares a material mode of production with the films
                    in the Library of Congress' Paper Print Collection. This collection was
                    responsible for the preservation of about 3000 films made prior to 1912 when
                    printing images on rolls of paper was the only way to register a copyright; and
                    while the nitrate originals have long since disintegrated or combusted, the
                    paper prints have remained in good condition. A related area to consider are the
                    continuities with the paper base of early computing, including the Turing
                    machine and the punch card-based Hollerith machine. </note>
            </p>
            <p>Widrich's rejection of the ease of digital compositing in favor of laboriously
                captured, printed, torn and folded origami animations provides part of the
                justification for its existence. This labor, in fact, gives the lie to contemporary
                discourses about the ease and simplicity of digital piracy and the lack of
                creativity among those who remix copyrighted materials. The underlying labor is
                self-consciously referenced only once in the film, when a train chase ends by
                plummeting off the side of a cliff. After plunging downward through space, the
                animated cutouts crash through the Mardi Gras cemetery scene from <title>Easy
                Rider</title>. The chaotic trains puncture this moment of relative calm, burrowing
                down through the film plane into a thick stack of animation cells as if descending
                through the earth's core. In this moment, Widrich lays bare the part of his
                filmmaking process that would ordinarily be suppressed. We may view this as a return
                to Krauss' modernist grid, which has been deliberately tipped over and laid on its
                side along the Z-axis, while a similar violence is done to the frame —
                that other inviolable rectangle of modern art: nearly every image is torn, folded,
                sawed or crinkled and thereby committed to a new context before being
                rephotographed. <title>Fast Film</title> is perhaps the quintessential instance of
                the <q>digital analogue</q> — a small but growing subset of
                work that attempts to renegotiate the basic terms of digital representation as
                something that requires attention to the material substrates of even the most
                ephemeral practices. </p>
         </div>
         <div>
            <head>Against Convergence; For Syncretism</head>
            <p>It is a truism of the digital age that media have lost their specificity, that art
                history's cherished formal properties have been consigned to the dustbin of history,
                replaced by elaborately sequenced but otherwise undifferentiated combinations of
                zeroes and ones. The rhetoric of digital convergence began in the research
                laboratories at Xerox PARC in the late 1960s and has been a powerful trope of
                digital culture ever since. The concept proved agreeable to the computer and
                entertainment industries as they sought to articulate a vision of technology to
                consumers eager to purchase each successive generation of media technologies en
                route toward one vast interoperable digital system. Convergence also works
                effectively at the level of practice by describing the multifunctional software
                tools used by digital designers who often move fluidly across boundaries of sound
                and image editing, visual effects, CGI, interface design, and animation. Finally,
                convergence offers a useful model for understanding what is happening at the
                corporate level through mergers and the vertical conglomeration of media and
                technology industries. </p>
            <p>For some theorists, however, convergence marks a dangerous turn away from the
                specificity of individual media. Friedrich Kittler, in <title>Gramophone, Film,
                    Typewriter</title>
                <ptr target="#kittler1999"/>, describes the situation with what seems to be a rising
                sense of panic: <cit>
                  <quote rend="block">Before the end, something is coming to an end. The general
                        digitization of channels and information erases the differences among
                        individual media. Sound and image, voice and text, are reduced to surface
                        effects, known to consumers as interface. […] And once optical fiber
                        networks turn formerly distinct data flows into a standardized series of
                        digitized numbers, any medium can be translated into any other. […] a total
                        media link on a digital base will erase the very concept of medium</quote>
                  <ptr target="#kittler1999" loc="1"/>
               </cit> For Kittler, these undifferentiated streams of digital information threaten
                to obviate not only discrete media, but the human bodies once capable of perceiving
                them. The euphoric dissolution of media and bodies resonated in digital theories of
                the late 1990s that emphasized the transition from atoms to bits, and the
                celebratory figuring of digital media as ethereal, disembodied, <emph>cyber</emph>.
                The ideology of dematerialization — what Lunenfeld calls <quote rend="inline">vapor theory</quote> — divorces the products and
                practices of digital culture from their position in history and in the socially and
                materially grounded circumstances of their construction. </p>
            <p>According to this model, not only is it impossible for non-specialists to
                    <emph>understand</emph> the workings of digital technology, but a concomitant
                    <quote rend="inline">myth of transparency</quote> identified by Laura Marks
                renders the material substrates of computer technology
                    <emph>invisible</emph>.<note>Another way to think about this is in terms of a
                    shift, which has roughly straddled the turn of the 20th - 21st centuries, from a
                    culture that was defined by visuality — e.g., the image saturation of
                    television, movies and advertising — to one that is on its way to
                    being defined, if not by invisibility, then by the tension between visibility
                    and invisibility as intangible global networks and an information economy
                    continue to serve as a staging area for cultural anxieties. This is perhaps most
                    painfully apparent in the practice of color-coded terror alerts which seek to
                    articulate the nation's fear of invisible <q>sleeper cells</q> and
                    international terror networks in the visible register.</note> The promise of
                transparent, ideally functioning technology, Marks argues, taps into latent desires
                for virtual immortality. When we are reminded of the physicality of computers (e.g.,
                via their propensity for crashing), we are also reminded of their imminent
                obsolescence and with it our own mortality. As a corrective, Marks suggests looking
                for <quote rend="inline">digital artworks that refer to the social circumstances in
                    which they were produced, or that draw attention to the physical platforms on
                    which they were built</quote>
                <ptr target="#marks2000"/>. For Marks, one such response lies in the fetishization
                of older, deliberately low-tech art forms such as ASCII art that draws attention to
                the physical shapes of letters on the printed page.<note>Indeed a sub-genre of
                    ASCII-based videos has appeared in recent years including the Beck video for
                        <title>Black Tambourine</title> directed by Associates in Science; the all
                    ASCII short film <title>The Case of the Eidetic Child</title> directed by Ryan
                    McGinness and panOptic; and Yoshi Sodeoka's <title>ASCII Bush</title>, which
                    converts George H.W. Bush's 1991 and George W. Bush's 2003 State of the Union
                    addresses into online ASCII files; <ref target="http://www.turbulence.org/spotlight/ascii_bush/">http://www.turbulence.org/spotlight/ASCII_BUSH/</ref>. </note>
            </p>
            <p>Another alternative to the homogenizing effect of convergence may be found in the
                language of cultural anthropology. The term syncretism, which is used to describe
                the layering of cultural practices brought about by colonialism or immigration
                — the pantheistic worship of Catholic saints in the Santeria religion,
                for example — may also be repurposed to designate the layering of
                technological practices within digital culture. Unlike convergence, a syncretic
                relationship does not imply the erasure or collapse of distinct practices. Rather,
                it describes the combination of disjunctive elements into a functional relationship
                that bears the continued traces of each object's former existence. One consequence
                of the rhetorical shift from convergence to syncretism is the potential
                foregrounding of historicity. Where convergence tends to be ahistorical, syncretism
                emphasizes the temporal gaps between objects and artifacts that remain embedded in
                their historical and cultural moments — not simply in a technological
                register, but in terms of their original cultural resonance. The concept of
                technological syncretism, then, permits an understanding of digital media with
                respect for the material elements of which they are constituted. The hybrid works
                examined here announce a relationship to their medium that invites us to ask the
                    <emph>right</emph> questions about how they are constructed and about the
                potential relevance of medium specificity for understanding their importance.
                Arguably, it is through the foregrounding rather than the effacement of the material
                substrates underlying certain instances of digital media, that we find the most
                suggestive and historiographically relevant traces. </p>
         </div>
      </body>
      <back>
         <listBibl>
            <bibl xml:id="bukatman2003" label="Bukatman 2003" key="bukatman2003">
               <author>Bukatman, Scott</author>. <title>Matters of Gravity: Special Effects and
                Supermen in the 20th Century</title>. <pubPlace>Durham, NC</pubPlace>:
                <publisher>Duke University Press</publisher>, <date>2003</date>.</bibl>
            <bibl xml:id="cae2001" label="CAE 2001" key="cae2001">
               <author>Critical Art Ensemble</author>.
                <title>Electronic Civil Disobedience and Other Unpopular Ideas</title>.
                <publisher>Autonomedia</publisher>, <date>2001</date>. </bibl>
            <bibl xml:id="cae2002" label="CAE 2002" key="cae2002">
               <author>Critical Art Ensemble</author>.
                <title>Digital Resistance: Explorations in Tactical Media</title>. <pubPlace>New
                York, NY</pubPlace>: <publisher>Autonomedia</publisher>, <date>2002</date>. </bibl>
            <bibl xml:id="crary1990" label="Crary 1990" key="crary1990">
               <author>Crary, Jonathan</author>.
                <title>Techniques of the Observer: On Vision and Modernity in the Nineteenth Century</title>
               <pubPlace>Cambridge, MA</pubPlace>: <publisher>The MIT Press</publisher>,
            <date>1990</date>.</bibl>
            <bibl xml:id="darley2000" label="Darley 2000" key="darley2000">
               <author>Darley, Andrew</author>.
                <title>Visual Digital Culture: Surface Play and Spectacle in New Media
            Genres</title>. <pubPlace>London and New York</pubPlace>:
            <publisher>Routledge</publisher>, <date>2000</date>. </bibl>
            <bibl xml:id="enzensberger1974"
                  label="Enzensberger 1974"
                  key="enzensberger1974">
               <author>Enzensberger, Hans
                Magnus</author>. <title rend="quotes">Aporias of the Avant-Garde</title> in
                <title>The Consciousness Industry; On Literature, Politics and the Media</title>.
            Ed. <editor>Michael Roloff</editor>. <pubPlace>New York</pubPlace>: <publisher>Seabury
                Press</publisher>, <date>1974</date>.</bibl>
            <bibl xml:id="greenwald2004" label="Greenwald 2004" key="greenwald2004">
               <author>Greenwald, Robert</author>.
                <title rend="italic">Outfoxed: Rupert Murdoch's War on Journalism</title>.
                <date>2004</date>. <ref target="http://www.outfoxed.org">http://www.outfoxed.org</ref>.</bibl>
            <bibl xml:id="james1989" label="James 1989" key="james1989">
               <author>James, David</author>.
                <title>Allegories of Cinema: American Film in the Sixties</title>.
                <pubPlace>Princeton, NJ</pubPlace>: <publisher>Princeton University
            Press</publisher>, <date>1989</date>.</bibl>
            <bibl xml:id="kittler1999" label="Kittler 1999" key="kittler1999">
               <author>Kittler, Friedrich</author>.
                <title>Gramophone, Film, Typewriter</title>. <pubPlace>Stanford, CA</pubPlace>:
                <publisher>Stanford University Press</publisher>, <date>1999</date>.</bibl>
            <bibl xml:id="krauss1993" label="Krauss 1993" key="krauss1993">
               <author>Krauss, Rosalind</author>.
                <title>The Originality of the Avant-Garde and Other Modernist Myths</title>.
                <pubPlace>Cambridge, MA</pubPlace>: <publisher>The MIT Press</publisher>,
            <date>1993</date>.</bibl>
            <bibl xml:id="lunenfeld2000" label="Lunenfeld 2000" key="lunenfeld2000">
               <author>Lunenfeld, Peter</author>.
                <title>Snap to Grid: A User's Guide to Digital Arts, Media and Cultures</title>.
                <pubPlace>Cambridge, MA</pubPlace>: <publisher>The MIT Press</publisher>,
            <date>2000</date>.</bibl>
            <bibl xml:id="manovich1999" label="Manovich 1999" key="manovich1999">
               <author>Manovich, Lev</author>. <title rend="quotes">Avant-Garde as Software</title>. <ref target="http://www.uoc.edu/artnodes/eng/art/manovich1002/manovich1002.html">http://www.uoc.edu/artnodes/eng/art/manovich1002/manovich1002.html</ref>.
                <date>1999</date>.</bibl>
            <bibl xml:id="manovich2001" label="Manovich 2001" key="manovich2001">
               <author>Manovich, Lev</author>. <title rend="italic">The Language of New Media</title>. <pubPlace>Cambridge, MA</pubPlace>:
                <publisher>The MIT Press</publisher>, <date>2001</date>. </bibl>
            <bibl xml:id="marks2000" label="Marks 2000" key="marks2000">
               <author>Marks, Laura U.</author>
               <title rend="quotes">Lo-Tek Media: Immanence Online</title>. ISEA 2000 International
            Symposium on Electronic Art. <ref target="http://www.isea2000.com">http://www.isea2000.com</ref>.</bibl>
            <bibl xml:id="nichols1991" label="Nichols 1991" key="nichols1991">
               <author>Nichols, Bill</author>.
                <title>Representing Reality: Issues and Concepts in Documentary</title>.
                <pubPlace>Bloomington, IN</pubPlace>: <publisher>Indiana University
            Press</publisher>, <date>1991</date>.</bibl>
            <bibl xml:id="weibel2002" label="Weibel 2002" key="weibel2002">
               <author>Weibel, Peter</author>. <title rend="quotes">Jordan Crandall: Art and the Cinematographic Imaginary in the Age of
                Panoptic Data Processing</title>. In <author>Jordan Crandall</author>,
            <title>Drive</title>. <pubPlace>Karlsruhe, Germany</pubPlace>:
            <publisher>ZKM</publisher>, <date>2002</date>.</bibl>
            <bibl xml:id="willis2005" label="Willis 2005" key="willis2005">
               <author>Willis, Holly. </author>
               <title>New
                Digital Cinema</title>. <pubPlace>London, UK</pubPlace>: <publisher>Wallflower
            Press</publisher>, <date>2005</date>. </bibl>
         </listBibl>
      </back>
   </text>
</TEI>
