<?xml version="1.0" encoding="UTF-8"?>
<?oxygen RNGSchema="../../common/schema/DHQauthor-TEI.rng" type="xml"?>
<?oxygen SCHSchema="../../common/schema/dhqTEI-ready.sch"?>
<TEI xmlns="http://www.tei-c.org/ns/1.0"
     xmlns:dhq="http://www.digitalhumanities.org/ns/dhq"
     xmlns:rdf="http://www.w3.org/1999/02/22-rdf-syntax-ns#"
     xmlns:cc="http://web.resource.org/cc/">
   <teiHeader>
      <fileDesc>
         <titleStmt>
            <title>Done: Finishing Projects in the Digital Humanities</title>
            <author>Matthew G. Kirschenbaum</author>
            <dhq:authorInfo>
               <dhq:author_name>Matthew G. <dhq:family>Kirschenbaum</dhq:family>
               </dhq:author_name>
               <dhq:affiliation>University of Maryland</dhq:affiliation>
               <email>mgk@umd.edu</email>
               <dhq:bio>
                  <p>Matthew G. Kirschenbaum is an Associate Professor in the Department of
English at the University of Maryland and Associate Director of the
Maryland Institute for Technology in the Humanities (MITH), an applied
thinktank for the digital humanities. His first book, <title rend="italic">Mechanisms: New
Media and the Forensic Imagination</title>, was published by the MIT Press in
2008.</p>
               </dhq:bio>
            </dhq:authorInfo>
         </titleStmt>
         <publicationStmt>
            <idno type="DHQarticle-id">000037</idno>
            <idno type="volume">003</idno>
            <idno type="issue">2</idno>
            <dhq:articleType>frontmatter</dhq:articleType>
            <date when="2009-06-18">18 June 2009</date>
            <availability>
               <cc:License xmlns="http://digitalhumanities.org/DHQ/namespace"
                           rdf:about="http://creativecommons.org/licenses/by-nc-nd/2.5/"/>
            </availability>
         </publicationStmt>
         <sourceDesc>
            <p>Authored for DHQ; migrated from original DHQauthor format</p>
         </sourceDesc>
      </fileDesc>
      <encodingDesc>
         <classDecl>
            <taxonomy xml:id="dhq_keywords">
               <bibl>DHQ classification scheme; full list available in the <ref target="http://www.digitalhumanities.org/dhq/taxonomy.xml">DHQ keyword taxonomy</ref>
               </bibl>
            </taxonomy>
            <taxonomy xml:id="authorial_keywords">
               <bibl>Keywords supplied by author; no controlled vocabulary</bibl>
            </taxonomy>
         </classDecl>
      </encodingDesc>
      <profileDesc>
         <langUsage>
            <language ident="en"/>
         </langUsage>
      </profileDesc>
   </teiHeader>
   <text>
      <front>
         <dhq:abstract>
            <p>How do we know when we're done? This cluster of articles explores completion and incompletion
    in the digital humanities from a variety of perspectives.</p>
         </dhq:abstract>
         <dhq:teaser>
            <p>Introducing the Done cluster</p>
         </dhq:teaser>
      </front>
      <body>
         <head>Done: Finishing Projects in the Digital Humanities</head>
         <p>
            <emph>Done.</emph> Way back when I worked as the project manager for the <emph>William Blake
   Archive</emph>, there was no more satisfying sequence of characters than those five keystrokes
   (including punctuation). <emph>Record newly received transparencies in project log.</emph> Done.
   <emph>Parse files in holding directory.</emph> Done. <emph>Purchase new scanner.</emph> Done.
   <emph>Proofread documentation for image annotation applet.</emph> Done. It was easy to measure
   progress as I ticked off tasks in email messages to the archive’s editors. In time, when enough
   of these individual tasks were <q>done,</q> the project might be finished.</p>
         <p>Or would it? How do we <emph>know</emph> when we’re done? What does it mean to
   <q>finish</q> a piece of digital work? As Bill Kretzschmar points out in his essay,
   the verb <q>to finish</q> can mean to <emph>complete</emph> or something more like to
   polish or perfect. What is the measure of <q>completeness</q> in a medium where the
   prevailing wisdom is to celebrate the incomplete, the open-ended, and the extensible? Digital
   humanities and the electronic publishing ventures associated with it are used to deriving
   considerable rhetorical mileage and the occasional moral high-ground by contrasting their radical
   flexibility and mutability with the glacial nature of scholarly communication in the fixed and
   frozen world of print-based publication.</p>
         <p>It is also, let us admit, usually more exciting to begin something than to finish it. We
   partake in what Julia Flanders has aptly called the culture of the perpetual prototype: the demo,
   the proof-of-concept, the alpha and beta version. Building things is fun, for a lot of us it’s
   why we got into this business; debugging and documenting them, tweaking and patching them is not.
   This tendency extends to our grant cycles as well. In the United States, we now have the great
   benefit of digital humanities start-up grants, but not dedicated awards for finishing or closing
   projects. Granting agencies reward innovation and originality, not steady, measured progress. No
   one writes a grant application to say, <quote rend="inline">With just two more years of funding
    we can finish the good work we’ve started. No, we’re not going to be doing anything new. We just
    want finally to put this thing to bed.</quote>
         </p>
         <p>It may be tempting to write off worn out tools, abandoned projects, and occasionally even
   outright vaporware as the victims of a rapacious technological obsolescence stalking all our
   endeavors. But this doesn’t tell the whole story. Nor is the digital humanities unique in its
   uncertainty — arguably its timidity — over knowing when to call something done. As Silicon Valley
   journalist Scott Rosenberg suggests, software development has an important analog in a specific
   point of computational theory, the <q>halting problem</q> as defined by Alan Turing.
   Knowing how or when a particular version or release is finished and ready for public debut is an
   ongoing and often heated debate among coders. Rosenberg quotes from Alan Cooper’s <title rend="italic">The Inmates are Running the Asylum</title>: <quote rend="inline">Software
     development lacks one key element — an understanding of what it means to be
     <q>Done</q>
            </quote>
            <ptr target="#rosenberg2007"/>.</p>
         <p>But we cannot escape the pressure of milestones, deadlines, deliverables, and products (as
   opposed to projects) as the measure of academic success and the currency of professional
   promotion and reward. They are also what allow our work to escape a small circle of developers
   and enthusiasts and become part of a larger scholarly community, where it can be used in the
   consequential manner presumably always intended.</p>
         <p>At Digital Humanities 2007 I organized a panel to begin addressing what it actually means to
   finish work that we’ve started. The essays that follow are significantly revised and expanded
   from the remarks the authors presented at the conference. William A. Kretzschmar’s piece traces
   the local history of one particular project, grafting milestones and markers of what’s been
   <q>done</q> to various versions and releases as his tools and technologies evolve. His
   remarks raise issues not only for how one assesses closure, but also digital preservation and
   version control. David Sewell addresses the questions I posed from the perspective of a
   publisher. His work at the University of Virginia Press’s Rotunda digital imprint offers a
   different context, one where finding some measure of <q>done</q> is a professional and
   financial necessity. Finally, Susan Brown and her colleagues from the <emph>Orlando</emph>
   project offer the view from one of the largest and longest running undertakings in the digital
   humanities, at the moment when the project has gone to press. Brown discusses what got done and
   what it will take for it to stay that way.</p>
      </body>
      <back>
         <listBibl>
            <bibl xml:id="rosenberg2007" label="Rosenberg 2007" key="rosenberg2007">
               <author>Rosenberg, Scott</author>. <title rend="italic">Dreaming in Code</title>. New York: Crown, 2007, 337.</bibl>
         </listBibl>
      </back>
   </text>
</TEI>
