<?xml version="1.0" encoding="UTF-8"?>
<?oxygen RNGSchema="../../common/schema/DHQauthor-TEI.rng" type="xml"?>
<?oxygen SCHSchema="../../common/schema/dhqTEI-ready.sch"?>
<TEI xmlns="http://www.tei-c.org/ns/1.0"
     xmlns:dhq="http://www.digitalhumanities.org/ns/dhq"
     xmlns:rdf="http://www.w3.org/1999/02/22-rdf-syntax-ns#"
     xmlns:cc="http://web.resource.org/cc/">
   <teiHeader>
      <fileDesc>
         <titleStmt>
            <title>XML, Interoperability and the Social Construction of Markup Languages: The Library Example</title>
            <author>Jerome McDonough</author>
            <dhq:authorInfo>
               <dhq:author_name>Jerome <dhq:family>McDonough</dhq:family>
               </dhq:author_name>
               <dhq:affiliation>Graduate School of Library and Information Science, University of Illinois at Urbana-Champaign</dhq:affiliation>
            
               <email>jmcdonou@illinois.edu</email>
               <dhq:bio>
                  <p>Jerome McDonough is an Assistant Professor in the Graduate School of Library and Information Science at the University of Illinois at Urbana-Champaign.  He holds a Ph.D. in Library and Information Studies from the University of California at Berkeley, and has been actively involved in the use of markup languages for library applications for the past decade.  His current research focuses on metadata and digital preservation.</p>
               </dhq:bio>
            </dhq:authorInfo>
         </titleStmt>
         <publicationStmt>
            <idno type="DHQarticle-id">000064</idno>
            <idno type="volume">003</idno>
            <idno type="issue">3</idno>
            <dhq:articleType>article</dhq:articleType>
            <date when="2009-09-29">29 September 2009</date>
            <availability>
               <cc:License xmlns="http://digitalhumanities.org/DHQ/namespace"
                           rdf:about="http://creativecommons.org/licenses/by-nc-nd/2.5/"/>
            </availability>
         </publicationStmt>
         <sourceDesc>
            <p>Authored for DHQ; migrated from original DHQauthor format</p>
         </sourceDesc>
      </fileDesc>
      <encodingDesc>
         <classDecl>
            <taxonomy xml:id="dhq_keywords">
               <bibl>DHQ classification scheme; full list available in the <ref target="http://www.digitalhumanities.org/dhq/taxonomy.xml">DHQ keyword taxonomy</ref>
               </bibl>
            </taxonomy>
            <taxonomy xml:id="authorial_keywords">
               <bibl>Keywords supplied by author; no controlled vocabulary</bibl>
            </taxonomy>
         </classDecl>
      </encodingDesc>
      <profileDesc>
         <langUsage>
            <language ident="en"/>
         </langUsage>
      </profileDesc>
      <revisionDesc>
         <change when="2013-06-20" who="Tassie Gniady">Changed "dhq:caption" to "head."</change>
      </revisionDesc>
   </teiHeader>
   <text>
      <front>
         <dhq:abstract>
            <p>The past decade has seen XML widely adopted within a variety of communities, including the digital library community.  While it now plays a critical role in the infrastructure of many digital library operations, XML's promise of interoperability of data across systems and organizations has not been fully realized within digital libraries.  The reasons for this are not primarily technical in origin, but social, and relate to the cultures of XML's designers and XML language implementors, and a failure on the part of the digital library community to grapple with the sociotechnical nature of XML and its implementation.  Possible strategies for addressing these issues of interoperability might include reduction of the flexibility afforded by specific XML-based markup languages used by the digital library community, and an increased focus on standardizing translations between various communities of practice use of such markup languages.</p>
         </dhq:abstract>
         <dhq:teaser>
            <p>Why is XML like a rope?</p>
         </dhq:teaser>
      </front>
      <body>
         <div>
            <head>Introduction: Failures of Interoperability with XML</head>
            <p>Eleven years after its endorsement by the World Wide Web Consortium, XML has been widely
            adopted within numerous, disparate communities and in a vast range of application
            domains, from standards for electronic filing of federal income tax <ptr target="#irs2007"/> to user interface design <ptr target="#goodger2001"/>.  The digital library community has been an active and early adopter of XML, for use in structuring both content and  metadata.  The reasons for this rapid uptake of XML within the digital library community are familiar to anyone with experience in the world of markup languages:            
            <list type="unordered">
                  <item>XML helps ensure platform (and perhaps more critically vendor) independence, simplifying the migration of content between systems;</item>
                  <item>XML provides the multilingual character support critical to the handling of library materials;</item>
                  <item>XML's extensibility and modularity allow libraries to customize its application within their own operating environments;</item>
                  <item>XML helps minimize software development costs by allowing libraries to leverage existing, open source development tools;</item>
                  <item>XML, through virtue of being an open standard which enables descriptive markup, may assist in the long-term preservation of electronic materials; and perhaps most importantly</item>
                  <item>XML provides a technological basis for interoperability of both content and metadata across library systems.</item>
               </list>
            For all of these reasons, XML-based content standards such as the Text Encoding Initiative (TEI) have seen wide adoption within the library community, and librarians have been actively engaged in the development of a number of XML-based metadata standards, including Encoded Archival Description (EAD), Metadata Object Description Schema (MODS), Metadata Authority Description Schema (MADS), Metadata Encoding and Transmission Standard (METS), Metadata for Images in XML (MIX), MPEG-21 Digital Item Declaration Language (DIDL), Open Archives Initiative Object Reuse and Exchange (OAI-ORE), Preservation Metadata Implementation Strategies (PREMIS) and many others.  XML is now used throughout the research library world, and is a fundamental part of the infrastructure developed within the digital library community over the past decade.</p>
            <p>Despite its success, however, XML has not lived up to many librarians' expectations
                within one area, that of interoperability.  Efforts to exchange information
                employing XML-based metadata standards such as Dublin Core have fallen prey to a
                number of encoding and semantic inconsistencies <ptr target="#shreeves2005"/>.  Variations in the use of namespacing (<gi>date</gi> vs. <gi>dc:date</gi>), in regional conventions (08-11-2008 in the U.S. vs. 11-08-2008 in the U.K.) and language and culture (11 Août, 2008 vs. 8 Sha'aban 1429 A.H.) confound application developers trying to process XML data.</p>
            <p>Perhaps more surprising is the failure of XML to ensure interoperability at a
                syntactic level.<note>As a reviewer for this article noted, the meaning of
                    <term>interoperability</term> is vague and its interpretation highly variable
                    depending on the community and context in which it is used.  Within the
                    discussions among the members of the digital library community upon which this
                    article is based, interoperability is interpreted primarily as the ability to
                    reuse data and metadata outside of the technological system in which they were
                    originally instantiated as well as outside of the community they were originally
                    intended to serve.  Interoperability thus has both a technological and a social
                    component.</note>  Digital library developers have expected that shared use of a
                XML standard for structuring content and metadata (what is commonly called
                <q>structural metadata</q> within the digital library community) would
                ensure content interoperability and promote the development of tools and services
                designed to work with content encoded according to that standard <ptr target="#hurley1999"/>.  In practice, however, this goal has proved rather
                elusive. Experiments conducted by participants in the Library of Congress National
                Digital Infrastructure for Preservation Program (NDIIPP) to test the exchange of
                digital objects between repositories failed even when participants were using the
                same XML-based encoding format <ptr target="#dilauro2005"/>, <ptr target="#shirky2005"/>.</p>
            <p>While some of the failures experienced by the Library of Congress NDIIPP tests were the
            result of incompatible repository infrastructure, others resulted from mismatched expectations regarding the appropriate use of METS, one of the XML formats employed for the test.  DiLauro et al., discussing Johns Hopkins University's experience in the NDIIPP tests, state, 
            <cit>
                  <quote rend="block">
                     <p>Stanford commented after their ingest of the JHU archive that they had expected one METS object for the entire archive. Because our approach resulted in many METS files – on the order of the number of items in the archive – the Stanford ingest programs experienced out-of-memory conditions. This situation may have been ameliorated had they used the reference code provided by JHU; however, this will be an area that we will look into for future archive ingest projects.</p>
                     <p>This matter points to a broader issue observed during the various import
                    processes of this phase. Though three of the four non-LC participants (including
                    JHU) used METS as part of their dissemination packages, each of our approaches
                    was different. Clearly there would be some advantage to working toward at least
                    some common elements for these processes.</p>
                  </quote>
                  <ptr target="#dilauro2005"/>
               </cit>
            As alluded to by <ptr target="#dilauro2005"/>, a critical difficulty for achieving interoperability using
        structural metadata standards such as METS is the level of flexibility they enable in
        structuring a description of an object.  As <ptr target="#nelson2005"/> note in their discussion of using the MPEG-21 Digital Item Declaration Language during the NDIIPP test, it is possible to map a single object into multiple different encodings using MPEG-21, depending on the level of granularity you wish to employ in the description.  The same is true of METS and other, similar information packaging standards.  They each provide a grammar to describe the structure of complex digital objects.  To facilitate description of arbitrarily complex structures, these standards employ a relatively flexible grammar, and document authors can and do find a variety of different ways to describe the structure of a single object using one of those grammars.</p>
            <p>To date, the digital library community has treated these interoperability issues
            surrounding structural metadata standards as a technical problem demanding a technical
            solution.  Most efforts to solve these interoperability problems have focused on the use
            of a profiling mechanism to further constrain the creation of instance documents
            conforming with a XML schema, sometimes in conjunction with a validation mechanism (such
            as Schematron) to test instance documents conformance with the additional requirements
            established in the profile <ptr target="#littmann2006"/>, <ptr target="#keith2005"/>.  In essence, profiles exist to limit authors' flexibility in the use of a given XML language.  If different institutions can agree on using a particular profile of a language, they are far more likely to be able to produce content objects which can be readily exchanged and interoperate with a variety of different systems.</p>
            <p>However, while these mechanisms may be successful in ensuring interoperability within
                a narrowly defined local context, they are not in themselves any guarantee of
                interoperability at the scale envisioned by digital library projects such as Aquifer
                <ptr target="#kott2006"/>, which hope to promote the ready exchange and
                interoperability of digital library content among a multitude of institutions.  The official METS profile registry already contains a variety of mutually incompatible profiles for similar types of objects, with profiles varying in their choices of descriptive metadata (Dublin Core vs. MODS), use of controlled vocabularies in descriptive and administrative metadata sections, and their structure (e.g., requiring the use of a single <gi>structMap</gi> element in the case of the Oxford Digital Library METS Profile and mandating the use of two <gi>structMap</gi> elements in the case of the Indiana University METS Navigator profile).<note>See <ref target="http://www.loc.gov/standards/mets/mets-registered-profiles.html">http://www.loc.gov/standards/mets/mets-registered-profiles.html</ref> for the set of formally registered METS profiles.</note> While profiles may enable localized interoperability, they do not necessarily lead to widespread agreement regarding the best ways of describing objects' structure, and in fact, it is conceivable that to a certain extent they reify differences between institutions.  Allowing the specification of local profiles of a XML language may help formalize the problem of interoperability, but it does not solve it.</p>
            <p>If we are to deal with the issues of interoperability that continually manifest themselves in the realm of structural metadata standards for digital libraries, we need to cease viewing this purely as a technical problem, and acknowledge that it is the result of the interplay of technical <emph>and</emph> social factors.  The XML standards for structural metadata employed by the digital library community represent cases of sociotechnical systems, and only when we have analyzed the social, as well as the technical, components of these systems will we be able to suggest how they may be optimized to achieve the goals of interoperability, usability and preservability desired by librarians and their patrons.</p>
         </div>
         <div>
            <head>XML from a Sociotechnical Perspective</head>
            <p>One of the fundamental tenets of sociotechnical systems theory is that technological
            design and technological evolution are not value neutral processes.  Technological
            design is both informed by, and seeks to inform, the social environment in which
            technology is used, and the work of designers and engineers can be seen as being as much
            social engineering as technical engineering.  By providing a new means of accomplishing
            a task, a technologist is also prescribing a new set of behaviors centered on the new
            technology (and possibly proscribing others).  This conceptualization of technology was
            concisely summarized by <ptr target="#akrich1992"/>, who argues that
            <cit>
                  <quote rend="block">...when technologists define the characteristics of their
                objects, they necessarily make hypotheses about the entities that make up the world
                into which the object is to be inserted.  Designers thus define actors with specific
                tastes, competences, motives, aspirations, political prejudices, and the rest, and
                they assume that morality, technology, science, and economy will evolve in
                particular ways.  A large part of the work of innovators is
                <q>
                        <emph>inscribing</emph>
                     </q> [emph. original] this vision of (or prediction
                about) the work in the technical content of the new object</quote>
                  <ptr target="#akrich1992" loc="207–8"/>
               </cit>
            All the existing and developing standards for structural metadata<note>I am including within this set the Metadata Encoding &amp; Transmission Standard (METS, see <ref target="http://www.loc.gov/standards/mets/">http://www.loc.gov/standards/mets/</ref>), the MPEG-21 Digital Item Declaration Language (DIDL, see <ref target="http://www.chiariglione.org/mpeg/standards/mpeg-21/mpeg-21.htm">http://www.chiariglione.org/mpeg/standards/mpeg-21/mpeg-21.htm</ref>), the Open Archives Initiative Object Reuse &amp; Exchange standard (OAI-ORE, see <ref target="http://www.openarchives.org/ore/">http://www.openarchives.org/ore/</ref>) and the Fedora Object XML specification (FOXML, see <ref target="http://www.fedora-commons.org/documentation/2.2.2/userdocs/digitalobjects/introfoxml.html">http://www.fedora-commons.org/documentation/2.2.2/userdocs/digitalobjects/introFOXML.html</ref>).  There are a variety of other structural metadata standards that are of particular interest to the digital library community, although not being developed within it, including standards for data archiving such as the XML Formatted Data Unit specification (XFDU, see <ref target="http://sindbad.gsfc.nasa.gov/xfdu/">http://sindbad.gsfc.nasa.gov/xfdu/</ref>) being developed by the Consultative Committee on Space Data Systems and standards for structuring content for e-learning systems such as the IMS Content Packaging specification (IMS-CP, see <ref target="http://www.imsglobal.org/content/packaging/">http://www.imsglobal.org/content/packaging/</ref>) developed by the IMS Global Learning Consortium and the Shareable Content Object Reference Model (SCORM, see <ref target="http://www.adlnet.gov/technologies/scorm/default.aspx">http://www.adlnet.gov/Technologies/scorm/default.aspx</ref>) developed by the United States Department of Defense.</note> within the digital library community are XML-based.  Any sociotechnical examination of these standards therefore must start with at least some consideration of XML itself.  Our questions concerning XML, then, are what world view have XML's authors inscribed within it and what influence has that had on XML's uptake and use within the digital library community.</p>
            <p>We can learn a great deal about the viewpoints of a particular technology's designers from the documents they author which define the goals for the technology (e.g., use cases and user needs analysis), those which help implement the technology (e.g., specification documents), and those which attempt to explain or promote the new technology to potential users.  If we look at the original specification document for XML, we find a relatively clear set of goals for the technology enumerated:
        <cit>
                  <quote rend="block">
                     <list type="ordered">
                        <item>XML shall be straightforwardly usable over the Internet.</item>
                        <item>XML shall support a wide variety of applications.</item>
                        <item>XML shall be compatible with SGML.</item>
                        <item>It shall be easy to write programs which process XML documents.</item>
                        <item>The number of optional features in XML is to be kept to the absolute minimum, ideally zero.</item>
                        <item>XML documents should be human-legible and reasonably clear.</item>
                        <item>The XML design should be prepared quickly.</item>
                        <item>The design of XML shall be formal and concise.</item>
                        <item>XML documents shall be easy to create.</item>
                        <item>Terseness in XML markup is of minimal importance</item>
                     </list>
                  </quote>
                  <ptr target="#wwwc1998"/>
               </cit>
        These goals convey some of the world view that XML's designers brought to bear in creating
        the technology.  They saw XML as a transmission format for communications (hence the
        requirement that it be usable over the Internet).  They believed that XML's success was
        contingent upon it being flexible enough to <quote rend="inline">support a wide variety of
        applications.</quote>  They also clearly believed that for XML to succeed it must be
            easy to use, but they also recognized that the meaning of <q>ease of use</q> is contingent upon the use one might make of the technology.  Ease of use for a document author (<quote rend="inline">XML documents shall be easy to create,</quote> 
               <quote rend="inline">XML documents should be human-legible and reasonably clear</quote>) is a good deal different from ease of use for a software developer (<quote rend="inline">It shall be easy to write programs which process XML Documents,</quote> 
               <quote rend="inline">The design of XML shall be formal and concise</quote>).</p>
            <p>This relatively small set of goals for the XML language was further elaborated upon by
        members of the original World Wide Web Consortium (W3C) XML Working Group in a variety of
        papers they authored to introduce and clarify XML to its potential user community.  <ptr target="#bosak1998"/> further defines the goals of XML as supporting the user needs of
        <quote rend="inline">extensibility, to define new tags as needed,</quote> 
               <quote rend="inline">structure, to model data to any level of complexity,</quote> 
               <quote rend="inline">validation, to check data for structural correctness,</quote> 
               <quote rend="inline">media independence, to publish content in multiple
                    formats,</quote> and <quote rend="inline">vendor and platform independence, to
                        process any conforming document using standard commercial software or even
                        simple text tools.</quote>  The benefits adhering to XML's providing a
        standardized format are identified as including <quote rend="inline">complete
            interoperability of both content and style across applications and platforms; freedom of
            content creators from vendor control of production tools; freedom of users to choose
            their own views into content; easy construction of powerful tools for manipulating
            content on a large scale; a level playing field for independent software developers; and
            true international publishing across all media.</quote> Emancipatory language is invoked
        repeatedly here through the use of the terms <term>freedom</term> and
        <term>independence</term>, particularly  affording users the freedom <quote rend="inline">to
        define new tags</quote> and in so doing <quote rend="inline">choose their own views into
        content.</quote>  In the designers' world view, a key benefit to XML is the freedom it
        provides users to define their own structure for documents and data, using their own
        semantics, and to escape restrictions that software vendors (through their own inscriptions
        in their own products) might wish to impose on their users.  Other articles by members of
        the XML Working Group (see, for example, <ptr target="#bosak1997"/> and <ptr target="#bosak1999"/>) reiterate a vision of XML as a technology allowing users to define their own structures while simultaneously supporting interoperability of documents and data on a global scale.</p>
            <p>The XML 1.0 Recommendation bears the inscription of its designers' ideological stance towards appropriate mechanisms for data and document structuring as well as appropriate relationships between document creators and software and platform vendors.  The effort to promote a metalanguage over any specific markup language, the adoption of Unicode as a basic character set, and the elimination of SGML features which proved difficult to implement (including CONCUR, OMITTAG and SUBDOC) are some of the technological means through which XML's designers sought to normalize and reify a particular set of social and technological relationships.  Nor did this process stop with the release of the XML 1.0 recommendation in 1998.  The period between February 1998 and October 2001 saw the development and release of a plethora of additional XML specifications, including XML Namespaces, XSLT, XPath, XML Schema, XLink/XBase, XML Information Set and XSL-FO, as well as a variety of XML software tools including parsers, editors and stylesheet engines.  All of these various technological objects presented their own opportunities for their designers to further refine the ideological inscription carried within the XML 1.0 Recommendation.  One of these objects in particular, the Namespaces in XML Recommendation, deserves further examination due to its significant affect on structural metadata standards developed by the digital library community.</p>
            <p>
               <ptr target="#wwwc1999a"/> provides the following justification for the introduction of a formal namespace mechanism into XML:
        <quote rend="block">
                  <p>We envision applications of Extensible Markup Language (XML) where a single XML document may contain elements and attributes (here referred to as a <q>markup vocabulary</q>) that are defined for and used by multiple software modules. One motivation for this is modularity; if such a markup vocabulary exists which is well understood and for which there is useful software available, it is better to re-use this markup rather than re-invent it.</p>
                  <p>Such documents, containing multiple markup vocabularies, pose problems of
                     recognition and collision. Software modules need to be able to recognize the tags and attributes which they are designed to process, even in the face of <q>collisions</q> occurring when markup intended for some other software package uses the same element type or attribute name.</p> 
               </quote> 
            A strong motivating force for the <q>Namespaces in XML</q>
            recommendation, then, was a desire to promote modularity in the design of markup
            languages.  Interoperability was also cited as a motivating factor by the World Wide Web
            Consortium in the introduction of <q>Namespaces in XML</q> 
               <ptr target="#wwwc1999b"/>.  Fundamentally, the authors of the <q>Namespaces in XML</q> recommendation wanted to simplify XML document authors' lives by ensuring that they did not need to reinvent markup languages which already existed, and that they could readily mix elements and attributes conforming to disparate schemas within a single document instance without worrying about collisions between element and attribute names.  Again, modularity and flexibility in design of markup languages would give users the freedom they need while also insuring interoperability.</p>
            <p>XML's designers have inscribed two overarching messages within the technology they have created.  The first is that XML is about establishing a new <emph>social</emph> relationship between content creators and software vendors.  By putting control of data formats into the hands of the content creation community via an open standard, XML provides that community with signicant political leverage.  They can avoid the proprietary data formats that software vendors have used to lock them into continuing use of a particular software package.  XML thus represents the path to freedom.  The second message is that XML enables <emph>easy</emph> communication and interoperability.  XML will not only allow you to control your content, it will make it easier for others to use your content.  Freedom and interoperability are the two underlying themes running through the complete set of XML specifications, with modular design embraced as the means for achieving these ends.</p>
         </div>
         <div>
            <head>Structural Metadata Standards and the Digital Library Community</head>
            <p>Libraries' exploration of the use of markup languages for encoding of library data
            predates the origin of XML by several years.  Collaborations with the digital humanities
            community on the development of the TEI Guidelines, the development of Encoded Archival
            Description, and early efforts to apply SGML to bibliographic data<note>See <ref target="http://www.loc.gov/marc/marcsgmlarchive.html">http://www.loc.gov/marc/marcsgmlarchive.html</ref> for information regarding
            the development of an SGML version of the MARC 21 record format.</note> provided the
            library community with experience in the use of markup languages and demonstration of
            the benefits they could provide.  When the XML 1.0 Recommendation was released, many
            digital library projects were already using SGML, and libraries were quick to embrace
            XML.  XML's simpler design meant that software tools for processing XML data were
            readily available, and the new capabilities for data typing introduced by XML schema
            languages made XML even more attractive for certain uses than its predecessor, SGML. 
            Early projects which employed XML, such as the Making of America II project <ptr target="#berkeley1997"/>, were rapidly followed by a number of XML-based markup languages intended for use in the library community.  A significant focus of much of the library community's work with XML has been developing languages which can serve to structure all the metadata and data comprising a digital library object into a coherent whole.  Examples of languages developed and explored for this purpose in the library community include the Metadata Encoding and Transmission Standard (METS), the Fedora Object XML (FOXML) language, MPEG-21 Digital Item Declaration Language, and the new Open Archives Initiative Object Reuse and Exchange (OAI-ORE) specification.</p>
            <p>Most of these languages employ a similar pattern for structuring content and metadata.  They provide an encoding mechanism which allows the author to record a hierarchical structure defining the object, and then associate both content and metadata with various nodes within that structure.  <ref target="#figure1">Figure 1</ref> depicts a very simple version of such a structure, a book with a single chapter; metadata and content files (and metadata <emph>for</emph> the content files) are associated with appropriate nodes.
            <figure xml:id="figure1">
                  <graphic url="resources/images/figure01.jpg"/>
                  <figDesc>Depiction of a structure and content and metadata object</figDesc>
                  <head>A simple digital object</head>
               </figure>
            A METS encoding for such an object can be seen in <ref target="#example1">Example 1</ref>.  The hierarchical structure for the object is defined within the <gi>structMap</gi> element as a set of recursive <gi>div</gi> elements.  Subsidiary <gi>fptr</gi> elements within a <gi>div</gi> are used to associate that <gi>div</gi> element with content files described in separate <gi>file</gi> elements, and ID/IDREF linking attributes are used to associate the root <gi>div</gi> element with a descriptive metadata record, and the individual <gi>file</gi> elements with an administrative metadata record.  A TYPE attribute on the <gi>div</gi> elements allows the METS document author to indicate the type of subobject represented by each node in the structural hierarchy.</p>
            <dhq:example xml:id="example1">
               <eg>
                  &lt;?xml version="1.0" encoding="UTF-8"?&gt;
                  &lt;mets xmlns="http://www.loc.gov/METS/"
                    xmlns:xsi="http://www.w3.org/2001/XMLSchema-instance"
                    xmlns:xlink="http://www.w3.org/1999/xlink"
                    xsi:schemaLocation="http://www.loc.gov/METS/ http://www.loc.gov/standards/mets/mets.xsd"&gt;
                     &lt;dmdSec ID="DM1" &gt;
                        &lt;mdWrap MDTYPE="OTHER"&gt;
                           &lt;xmlData&gt;&lt;meta&gt;Descriptive Metadata for Book&lt;/meta&gt;&lt;/xmlData&gt;
                        &lt;/mdWrap&gt;
                     &lt;/dmdSec&gt;
                     &lt;amdSec&gt;
                        &lt;techMD ID="AM1"&gt;
                           &lt;mdWrap MDTYPE="OTHER"&gt;
                              &lt;xmlData&gt;
                                 &lt;meta&gt;Administrative metadata applicable to TIFF files&lt;/meta&gt;
                              &lt;/xmlData&gt;
                           &lt;/mdWrap&gt;
                        &lt;/techMD&gt;
                     &lt;/amdSec&gt;
                     &lt;fileSec&gt;
                        &lt;fileGrp&gt;
                           &lt;file ID="F1" ADMID="AM1"&gt;&lt;FLocat LOCTYPE="URN"
                              xlink:href="urn:x-mets:Location_of_Page_One_TIFF_Image"/&gt;&lt;/file&gt;
                           &lt;file ID="F2" ADMID="AM1"&gt;&lt;FLocat LOCTYPE="URN"
                              xlink:href="urn:x-mets:Location_of_Page_Two_TIFF_Image"/&gt;&lt;/file&gt;
                           &lt;file ID="F3" ADMID="AM1"&gt;&lt;FLocat LOCTYPE="URN"
                              xlink:href="urn:x-mets:Location_of_Page_Three_TIFF_Image"/&gt;&lt;/file&gt;
                        &lt;/fileGrp&gt;
                     &lt;/fileSec&gt;
                     &lt;structMap&gt;
                        &lt;div TYPE="book" DMDID="DM1"&gt;
                           &lt;div TYPE="chapter"&gt;
                              &lt;fptr FILEID="F1" /&gt;
                              &lt;fptr FILEID="F2" /&gt;
                              &lt;fptr FILEID="F3" /&gt;
                           &lt;/div&gt;
                        &lt;/div&gt;
                     &lt;/structMap&gt;
                  &lt;/mets&gt;
               </eg>
            </dhq:example>
            <p>The goal of representing the structure of a work as a hierarchy of nested <gi>div</gi> elements with TYPE attributes was to have a relatively simple, abstract hierarchical structure that could be readily applied to a variety of materials.  This was intended to promote the adoption of the standard (a single, simple standard is more likely to be adopted than a variety of complex ones), which in turn was seen as promoting interoperability.  Having all of the digital library community using a single standard for structuring content and metadata was seen by METS' designers as preferable to the community adopting a disparate set of standards.</p>
            <p>It should be noted that this move towards abstraction was a relatively significant break from the SGML design practices that many research libraries had been using to date.  While it is true that the notion of using nested <gi>div</gi> elements was derived from the TEI text apparatus, TEI does not rely on pure abstraction; one does not expect to encounter encoding such as <tag>div type="figure"</tag> in a TEI document, when a <gi>figure</gi> element is available to use.  Just as XML itself, the METS schema carries an inscription of its designers' world view, that it was preferable to develop a single, simple, generalizable, highly abstract model and encoding mechanisms to structure content and metadata for digital library objects, rather than to pursue the development of a variety of highly specific schemas (one for photographs, one for journals, etc.), or a grand encompassing schema that contained elements appropriate to different genres that could be combined as needed (e.g., the TEI model).  Despite its use of the abstract <gi>div</gi> element with a TYPE attribute to represent the structural components of a digital library object, however, the METS schema insisted on the use of more specific concrete elements to identify different forms of metadata, with the <gi>dmdSec</gi> element used for descriptive metadata and the <gi>amdSec</gi> element used for administrative metadata, along with a series of subelements for different forms of administrative metadata (technical, rights, provenance and source).  This typification of different forms of metadata was itself an effort to promote both modularity in further metadata schema development and the creation of certain types of metadata schema.  By identifying specific subclasses of metadata within the METS schema, METS' designers hoped to encourage XML developers in the digital library world to create discrete, specialized metadata standards that would align with those subclasses, and that those creating digital library objects could then select from a set of such modular XML metadata standards in composing a particular object.  Through METS' design, its implementers consciously sought to encourage the adoption of modular schema design practices within the digital library community.</p>
            <p>Other XML-based markup languages adopted by the digital library community have taken a similar approach.  The MPEG-21 Digital Item Declaration Language also employs a rather abstract hierarchical structural mechanism for ordering content and metadata. It differs inasmuch as non-structural metadata (<gi>Descriptor</gi> elements in MPEG-21 parlance) are not typed, and structural metadata elements, while still rather abstract, are of three different types: <gi>Container</gi>, <gi>Item</gi> and <gi>Component</gi>.  The Open Archives Initiative Object Reuse and Exchange specification is perhaps the most abstract of all the structural metadata standards adopted within the digital library community; while it has multiple serialization syntaxes, all of them employ a single mechanism to link an abstract aggregation with a set of aggregated resources (although the specific linking mechanism varies according to the serialization syntax employed).  Those aggregated resources may in turn be aggregations, and any aggregation may be associated with a variety of additional metadata.</p>
            <p>If we examine these other standards to determine what inscriptions their designers have placed within them regarding their use, we find messages very similar to that of METS.  Structural metadata should be highly abstract, so that a very small set of elements can be employed to structure widely disparate content genres.  While METS was perhaps more vocal in trying to push the message that further development of metadata schemas should try to create small, focused and modular metadata sets that could be drawn upon as needed to encode a particular object, the other standards convey the same message (through the use <gi>Descriptor</gi> elements to associate metadata with other elements in the case of MPEG-21, and through RDF mechanisms in the case of OAI-ORE).  Other structural metadata standards of interest to the digital library community employ similar mechanisms.  The XFDU standard for data archiving uses hierarchies of <gi>ContentUnit</gi> elements that may be associated with <gi>dataObjects</gi> and <gi>metadataObjects</gi>.  The IMS Content Packaging standard for learning objects uses hierarchies of <gi>item</gi> elements that may be associated with <gi>resources</gi> and <gi>metadata</gi>.  While implementations differ in details, the pattern is similar and widespread across the various structural metadata standards of interest to the digital library community.  Again and again we see designers seeking to achieve wide adoption of their standard in order to promote interoperability between differing institutions; to secure this goal, they favor a highly abstract structural mechanism which can be applied to a wide variety of content, and mechanisms to allow a variety of additional metadata schemas to <q>plug and play</q> within the larger structural framework.</p>
            <p>While of perhaps some limited interest to social researchers of technology, none of the preceding seems particularly surprising or problematic.  That the designers of XML itself, and the designers of encoding standards for digital library metadata and content, should favor flexibility, extensibility, modularity and the use of abstraction to support the generalizability of their standard, and hence promote its widespread adoption to help achieve interoperability, would not be a great shock to anyone who has spent more than five minutes in the company of computer scientists.  These are all considered almost innate goods among software engineers in general and markup language enthusiasts in particular.  Yet the NDIIPP tests cited previously would seem to indicate that flexibility, extensibility, modularity and abstraction are not in and of themselves sufficient to achieve interoperability.  So what, specifically, is the problem that METS and other structural metadata standards are encountering?</p>
         </div>
         <div>
            <head>Defining the Problem, or, Why is XML like a rope?</head>
            <p>One of the earliest discussion points in the development of the METS standard was which of the various elements within the schema should be declared mandatory and which optional.  After some discussion among the members of the working group that established METS' original design, it was decided that the <gi>structMap</gi> element, which records the basic tree structure on to which content files and metadata are mapped in METS, would be the only required element.  METS, in the group's opinion, was fundamentally a <emph>structural</emph> metadata standard; it existed to provide a framework into which other descriptive and administrative metadata, as well as content, could be placed.  The <gi>structMap</gi> element provided the tree upon which all the other structural components of METS where hung, where the logical and physical structure of a work could be delineated, and so was really the only section that needed to be mandatory.  As the <gi>structMap</gi> was the only mandatory portion of a METS file, it was also expected that any structural description of a work should reside there; software that would process a METS file would expect to find logical or physical descriptions of the structure of a work residing within a structural map, and not elsewhere in the METS file.</p>
            <p>It was a matter of some surprise for many in the METS community, then, when the Library
            of Congress, which serves as the maintenance agency for the METS standard, began to
            produce METS files for digital versions of certain kinds of audio recordings which
            placed the logical structure of the works in MODS records contained within the METS
            descriptive metadata section (<gi>dmdSec</gi>) rather than in the structural map, and
            registered a profile of METS establishing this as their formal internal practice for
            <q>recorded events</q> 
               <ptr target="#loc2006"/>.  The MODS record within a
            METS file would provide a logical structure for the work using a hierarchical
            arrangement of the MODS <gi>relatedItem</gi> element, while the METS <gi>structMap</gi> would contain the physical structure, with ID/IDREF links used to draw connections between the two structural descriptions.  A recorded concert, for example, might have a MODS record containing a hierarchy such as this:<note>Complete MODS and METS records for this example can be found at the Library of Congress webpage for the 1946 Library of Congress recital at <ref target="http://lcweb2.loc.gov/diglib/ihas/loc.natlib.ihas.200003790/default.html">http://lcweb2.loc.gov/diglib/ihas/loc.natlib.ihas.200003790/default.html</ref>
               </note>
            </p>
            <dhq:example>
               <eg>
                  &lt;mods:mods xmlns:mods="http://www.loc.gov/mods/v3" 
                    xmlns:xsi="http://www.w3.org/2001/XMLSchema-instance"
                    xsi:schemaLocation="http://www.loc.gov/mods/v3 http://www.loc.gov/standards/mods/mods.xsd"&gt;
                     &lt;mods:titleInfo&gt;
                        &lt;mods:nonSort&gt;The &lt;/mods:nonSort&gt;
                        &lt;mods:title&gt;1946 Library of Congress recital&lt;/mods:title&gt;
                     &lt;/mods:titleInfo&gt;
                     &lt;mods:relatedItem type="constituent" ID="DMD_disc01_tr001"&gt;
                        &lt;mods:titleInfo type="uniform"&gt;&lt;mods:partName&gt;Chaconne von
                           Vitali&lt;/mods:partName&gt;&lt;/mods:titleInfo&gt;
                     &lt;/mods:relatedItem&gt;
                     &lt;mods:relatedItem type="constituent" ID="DMD_disc01_tr002_005"&gt;
                        &lt;mods:titleInfo&gt;&lt;mods:title&gt;Sonata in G minor, BWV 1001&lt;/mods:title&gt;&lt;/mods:titleInfo&gt;
                        &lt;mods:relatedItem type="constituent" ID="DMD_disc01_tr002"&gt;
                           &lt;mods:titleInfo&gt;&lt;mods:partName&gt;Adagio&lt;/mods:partName&gt;&lt;/mods:titleInfo&gt;
                        &lt;/mods:relatedItem&gt;
                        &lt;mods:relatedItem type="constituent" ID="DMD_disc01_tr003"&gt;
                           &lt;mods:titleInfo&gt;&lt;mods:partName&gt;Fuga : allegro&lt;/mods:partName&gt;&lt;/mods:titleInfo&gt;
                        &lt;/mods:relatedItem&gt;
                        &lt;mods:relatedItem type="constituent" ID="DMD_disc01_tr004"&gt;
                           &lt;mods:titleInfo&gt;&lt;mods:partName&gt;Siciliano&lt;/mods:partName&gt;&lt;/mods:titleInfo&gt;
                        &lt;/mods:relatedItem&gt;
                        &lt;mods:relatedItem type="constituent" ID="DMD_disc01_tr005"&gt;
                           &lt;mods:titleInfo&gt;&lt;mods:partName&gt;Presto&lt;/mods:partName&gt;&lt;/mods:titleInfo&gt;
                        &lt;/mods:relatedItem&gt;
                     &lt;/mods:relatedItem&gt;
                     &lt;mods:relatedItem type="constituent" ID="DMD_disc01_tr006"&gt;
                        &lt;mods:titleInfo&gt;&lt;mods:title&gt;Paganiniana : variations&lt;/mods:title&gt;&lt;/mods:titleInfo&gt;
                     &lt;/mods:relatedItem&gt;
                     &lt;mods:identifier type="lccn"&gt;99594334&lt;/mods:identifier&gt;
                  &lt;/mods:mods&gt;
               </eg>
            </dhq:example>
            <p>Meanwhile, the structural map would record the physical structure of the work as follows:</p>
            <dhq:example>
               <eg>
                  &lt;div TYPE="cd:compactDiscObject" DMDID="MODS1"&gt;
                     &lt;div TYPE="cd:disc"&gt;
                        &lt;div DMDID="DMD_disc01_tr001" TYPE="cd:track"&gt;&lt;/div&gt;
                        &lt;div DMDID="DMD_disc01_tr002" TYPE="cd:track"&gt;&lt;/div&gt;
                        &lt;div DMDID="DMD_disc01_tr003" TYPE="cd:track"&gt;&lt;/div&gt;
                        &lt;div DMDID="DMD_disc01_tr004" TYPE="cd:track"&gt;&lt;/div&gt;
                        &lt;div DMDID="DMD_disc01_tr005" TYPE="cd:track"&gt;&lt;/div&gt;
                        &lt;div DMDID="DMD_disc01_tr006" TYPE="cd:track"&gt;&lt;/div&gt;
                     &lt;/div&gt;
                  &lt;/div&gt;
               </eg>
            </dhq:example>
            <p>This represents a <emph>valid</emph> use of METS (in the technical XML sense), but is a departure from expected practice, which would be to include both the logical and physical structural information within one or more <gi>structMap</gi> elements.</p>
            <p>This example demonstrates two problems that have impeded the development of interoperable
            content within the digital library community.  The first is that the implementation of
            highly abstract elements for the definition of structure provides a tremendous amount of
            flexibility to document encoders; there are a vast number of potential encodings of any
            given object in METS, with variations possible in depth of structure (do I limit my
            structure to musical movements or do I provide structural information down to the
            measure level?), labeling (you say <code>TYPE="book"</code>, I say
            <code>TYPE="monograph"</code>), and arrangement (should the Lord of Rings film trilogy be
            encoded as a single METS file?  Three METS files?  Three METS files for the individual
            films and a fourth representing the abstract notion of the Trilogy?).  This can lead to
            significant variation in encoding practices, even between two institutions dealing with
            remarkably similar material and using the same metadata standards, as noted by <ptr target="#dilauro2005"/>.</p>
            <p>The second problem is what we might call the problem of standards independence.  Many of the XML metadata schemas that have been developed with the help of the digital library community have been created with the understanding that ensuring their usefulness in a variety of application environments requires that they not contain inherent dependencies on other schemas; they need to be able to express all the relevant information within their particular domain on their own.  In many of these XML standards, the designers recognized a need to be able to account for relationships between various content objects being described, whether the description being applied was the more traditional form of intellectual description you would expect in a library catalog, or a technical description of the composition of a TIFF image.  The result has been that a number of common metadata schemas within the digital library field contain elements for expressing structural metadata, even schemas that are not primarily intended for recording structural metadata.  Dublin Core has its <gi>relation</gi> element, MODS has its <gi>RelatedItem</gi> element, the PREMIS schema for preservation metadata has a <gi>relation</gi> element, even the MIX standard for still image technical metadata contains an element for referencing previous image metadata.  As the standards' developers felt they should not make their efforts dependent on structural metadata mechanisms in other standards, they implemented their own.  Unfortunately, with the addition of each new metadata standard containing structural metadata capabilities, the potential for difficulties with our first problem increases.  Every new metadata standard created within the digital library community seems to add another mechanism for describing the structural relationships between content objects, and hence greater potential for variation in object encoding practices.</p>
            <p>The irony is that both these problems derive from the flexibility, extensibility,
            modularity and use of abstraction to create structural metadata elements that the designers of the metadata schemas hoped to promote.  The potential range of variation in encoding structural metadata is the result of each of these factors.  The use of abstraction in METS (i.e., the <gi>div</gi> element) was an attempt to make the standard flexible in application; however, it opens up a tremendous degree of play in encoding practice.  If you ask two different individuals how many page breaks there are in a text, the likelihood that they will give the same answer is a good deal greater than if you ask them how many divisions there are in a text.  The use of abstraction opens up encoding to a much greater degree of personal interpretation, and hence variation.  The extensibility of METS, and the hope to promote a modular system of metadata schema reuse that its authors inscribed within it, opens up the possibility of using other metadata schemas to encode structural metadata.  And it was this same desire for flexibility and modularity that has led other metadata schema designers to include structural metadata components in their own schemas; they wanted to ensure that their own efforts were flexible enough to be applied in a variety of settings, and with a variety of others.  But having to design their own schemas without knowing the specific supporting capabilities to be found in other schemas with which their own might be used, they are inevitably forced to create structural metadata capacities of their own within their schemas.  The designers of metadata schemas (structural or otherwise) within the digital library community have sought to adhere to a particular set of design practices, seeking to create flexible, extensible, modular and generalized tools, and to promote like practice in others through inscription of their view of appropriate XML design within their technological artifacts.  Unfortunately, promoting such good practices has been a death blow to one of the principle reasons for adopting XML in the first place: to ensure interoperability of digital library materials across systems.  Wide-scale interoperability requires wide-scale adoption, but the design practices of schema implementers intended to promote wide-scale adoption run directly counter to wide spread interoperability.</p>
            <p>Hence XML's similarity to a rope.  Like a rope, it is extraordinarily flexible; unfortunately, just as with rope, that flexibility makes it all too easy to hang yourself.</p>
         </div>
         <div>
            <head>Strategies for Interoperability in a World of Multilingual Markup</head>
            <p>The digital library community seems to face a dilemma at this point.  Through its pursuit of design goals of flexibility, extensibility, modularity and abstraction, and its promulgation of those goals as common practice through their inscription in XML metadata standards, it has managed to substantially impede progress towards another commonly held goal, interoperability of digital library content across a range of systems.  How then, should the community respond?</p>
            <p>One possible response to this situation would be to say that perhaps our community cares
            less about interoperability than we thought.  Despite projects intended to promote
            interoperability, such as the Digital Library Federation's Aquifer, it may be that
            interoperability is actually a lower priority for the digital library community than it
            likes to believe, and the adoption of metadata standards that impede interoperability is
            merely a reflection of that underlying reality, and not a major problem to resolve. 
            There is at least some reason to suspect this may be the case.  Research libraries
            typically have a clearly defined local clientele, and while voices within the digital
            library community have been calling for some time for the liberation of content from
            local silos to enable their use by a larger community <ptr target="#seaman2003"/>,
            libraries' primary responsibility will always be to their local communities.  The first
            sentence in the mission statement for the University Library at the University of Illinois at Chicago exemplifies the priorities present at most research libraries: <quote rend="inline">The University of Illinois at Chicago (UIC) Library strives to meet the information needs of UIC students, faculty, and staff.</quote>
               <note>For the complete mission state of the University of Illinois at Chicago Library, see <ref target="http://www.uiuc.edu/lib/about/libmission.shtml">http://www.uiuc.edu/lib/about/libmission.shtml</ref>
               </note> Prioritizing service to the local community is endemic to the social structure of library systems, and if systems developed to deliver digital library content to that community are successful in that context, and if the costs associated with achieving much more widespread interoperability are high, then many libraries may decide that interoperability, while desirable, is a goal which may have to wait.</p>
            <p>If libraries do wish to make progress on the issue of interoperability of structural
            metadata, they will need to recognize that, as <ptr target="#renear2001"/> observed,
            <quote rend="inline">every significant information processing standardization effort
                must skillfully negotiate competing and apparently irreconcilable objectives, [and]
                serve a wide variety of stakeholders with many different interests.</quote>  In the
            case of structural metadata, the particular competing objectives that the digital
            library community does not seem to have successfully reconciled to date are what <ptr target="#kendall2007"/>, in a discussion of blogging practices, has labeled the
            problem of <quote rend="inline">control vs. connection.</quote>  The structural metadata standards which have been developed to date, with their emphasis on flexibility, extensibility and modularity have sought to afford local institutions the greatest degree of control possible in their encoding practices.  The standards are designed to allow any given institution to do what it wants.  This has clear benefits in terms of easing adoption of the standard in any given context, and as a result insuring the standard's widespread adoption (obviously a good thing in a standard).  However, increasing the amount of local control over the ways in which a language is used and developed is fundamentally at odds with a language's ability to serve as a means for connection with others outside the local context.  It is, in essence, promoting the development of regional dialects at the expense of mutual intelligibility.  The particular case of structural metadata standards reveals that sufficient local variation in syntax, the ways in which people structure their objects using a markup language, can be as fatal to communication as variation in semantics.</p>
            <p>Given this fundamental tradeoff between internal control and external connection, libraries wishing to promote interoperability of digital library content have two possible strategies.  The first, and most obvious, is to attempt to alter the balance currently struck between connection and control to more strongly favor connection.  There are several mechanisms which the library community might employ in pursuit of this strategy, including the design and use of schemas which more significantly restrict both the means for recording the structure of objects and the ability to employ arbitrary additional schemas within instance documents (or developing profiles of existing schemas to achieve the same ends),  establishing formal rules of structural description (equivalent to rules of description used in cataloging for creating bibliographic records) dictating aspects of object encoding not susceptible to enforcement through XML's validation mechanisms, and mandating the use of particular controlled vocabularies and ontologies within document instances to record information such as a <gi>div</gi> element's TYPE attribute in METS.</p>
            <p>Decreasing the possibility for local variation in encoding of structural metadata will certainly help improve digital libraries' capability to interoperate with each other.  However, removing local capacity for variation will also tend to reduce the number of institutions who are willing to use such a markup language.  If the digital library community, for instance, was to revise the METS standard to forbid any use of a <gi>relation</gi> or <gi>RelatedItem</gi> element in a descriptive metadata section to express the logical structure of a work, it would assist in insuring interoperability of digital content, but it might also very well mean losing the Library of Congress's support for the standard.  More importantly, however, such an approach overlooks one of the fundamental realities of the web environment: communities of practice no longer operate in isolation from each other (if indeed, they ever did).  Even if libraries could agree on a structural metadata standard that enabled a significantly greater degree of support for interoperability than we find with today's standards, libraries must now interact with a variety of other communities (publishers, museums, archives, educational technology companies, etc.) that are also creating their own structural metadata standards.  This is not to say that pursuit of this strategy is futile or even inappropriate in many instances; libraries' previous experience with standard efforts such as MARC demonstrate that with sufficient time and effort a particular community of practice can achieve widespread interoperability of metadata.  However, the library community's interactions with other communities clearly indicates that this strategy by itself is insufficient to resolve the interoperability problems that libraries confront today.</p>
            <p>To deal with these wider issues of interoperability, the library community must adopt a second strategy based on accepting that the need for community control over encoding practices is a valid one, that community <q>dialects</q> of markup languages are inevitable, and that we must find ways to facilitate information exchange across the boundaries of different communities' markup vernacular.  However, this will require a significant shift in the digital library community's relationship to the notion of standards.  Specifically, the library community needs to shift from its current singular focus on schema development to a dual focus on both schema development <emph>and</emph> translation between schemas.</p>
            <p>This is certainly not the case today, as can be seen if we examine the work of some of
            the major agencies involved in metadata standardization in libraries such as the Library
            of Congress.  The Library of Congress currently serves as maintenance agency for a
            variety of XML standards developed within the library community; if you examine the list
            of standards that they are maintaining <ptr target="#loc2008"/>, however, you will find
            that while there are several metadata standards listed, standardized stylesheets to enable conversion between formats are not listed here.  Such stylesheets do exist in some cases.  The Library of Congress has, for example, provided stylesheets to enable conversion of MODS descriptive metadata records into MARC/XML format and back.  These efforts to formalize prior work that established crosswalks between different descriptive metadata standards are not, however, seen by the community as having the status and importance of standards, as exhibited by their omission from the <title rend="quotes">Standards at the Library of Congress</title> web page.  If the digital library community wishes to support interoperability while simultaneously affording institutions localized control over encoding practices, that situation needs to change.  We can no longer view the creation of translations between standard formats as an ancillary activity; instead, we must regard it as a form of standards activity in its own right, as important, if not more important, than the creation of schemas for metadata sets.</p>
            <p>A heightened emphasis on standardizing translation between markup languages will mean
            further work on formalizing translations between markup languages using XSLT, and
            treating those with the level of attention and care that the community has lavished on
            metadata schemas.  However, it might also be worth considering whether the notion of
            formal rules of structural description mentioned earlier might be of benefit in trying
            to achieve greater translatability between different markup languages.  As an example of
            what this might mean, consider the example of the 1:1 principle in Dublin Core <ptr target="#hillmann2005"/>, that a single Dublin Core record should describe one and only one resource.  The 1:1 principle provides guidance on the relationship between a metadata record and a described resource that is applicable outside the realm of Dublin Core; in fact, several other descriptive metadata standards developed since Dublin Core refer to the 1:1 principle as a guide to usage.  We could easily envisage similar principles being developed for structural metadata that could guide usage of a variety of different structural metadata standards, and by working to insure similar use practices, would help insure ease of translation between different structural markup languages.  We might, for instance, take as a working principle that any given structural metadata document should never contain more than two levels of structural hierarchy.  Our METS example above passes muster with this rule; if, however, we modified it so that a third level of <gi>div</gi> elements was needed (of TYPE <q>subchapter,</q> for example), then we would be in violation of this principle.  To fix this problem, we could employ METS' <gi>mptr</gi> element to allow the <gi>div</gi> elements for each chapter to reference separate METS files containing the structural descriptions for the individual chapters.  Through the establishment of common principles of structural encoding and standardized stylesheets for translation, we might be able to improve our ability to interoperate while simultaneously retaining some flexibility for local encoding practice (although obviously adoption of common principles of structural encoding may impede local control in favor of connection to some degree).</p>
            <p>The rise of the network information society is presenting libraries with a variety of new challenges.  Perhaps the most significant of these is the heightened degree of interaction with communities of practice that do not share libraries' standards, practices or values.  If libraries are to survive and thrive in this new information society, they must alter their own value structure to prioritize communication with other communities to an equal, if not greater, extent than internal communication between libraries.  If they pursue this course, they may find that issues of internal interoperability of library systems are more tractable than they have appeared to date.</p>
         </div>
      </body>
      <back>
         <listBibl>
            <bibl xml:id="akrich1992" label="Akrich 1992" key="akrich1992">
               <author>Akrich, M.</author> 
               <date>(1992)</date>. <title rend="quotes">The De-Scription
            of Technical Objects</title>.  In <editor>Weibe E. Bijker</editor> &amp;
            <editor>John Law</editor> (Eds.) <title rend="italic">Shaping Technology/Building Society: Studies in Sociotechnical Change</title>.  <pubPlace>Cambridge, MA</pubPlace>: <publisher>MIT Press</publisher>.  Retrieved from <ptr target="http://hdl.handle.net.proxy2.library.uiuc.edu/2027/heb.01128.0001.001"/>
            </bibl>
            <bibl xml:id="bosak1997" label="Bosak 1997" key="bosak1997">
               <author>Bosak, J.</author> 
               <date>(March 10, 1997)</date>.  <title rend="italic">XML, Java, and the future of the Web.</title>  Retrieved from <ptr target="http://www.ibiblio.org/bosak/xml/why/xmlapps.htm"/>
            </bibl>
            <bibl xml:id="bosak1998" label="Bosak 1998" key="bosak1998">
               <author>Bosak, J.</author> 
               <date>(October, 1998)</date>.  <title rend="quotes">Media-Independent Publishing: Four Myths about XML</title>.  <title rend="italic">Computer</title> 
               <biblScope type="vol">31(10)</biblScope>.  <publisher>IEEE Computer Society</publisher>.  Retrieved from <ptr target="http://ieeexplore.ieee.org/iel4/2/15590/00722303.pdf"/>
            </bibl>
            <bibl xml:id="bosak1999" label="Bosak &amp; Bray 1999" key="bosak1999">
               <author>Bosak, J.</author>, and <author>Bray, T.</author> 
               <date>(May 1999)</date>.  <title rend="quotes">XML and the Second-Generation Web</title>. <title rend="italic">Scientific American</title> 
               <biblScope type="vol">280(5)</biblScope>.  Retrieved from <ptr target="http://search.ebscohost.com/login.aspx?direct=true&amp;db=aph&amp;an=1775198&amp;site=ehost-live"/>
            </bibl>
            <bibl xml:id="dilauro2005" label="DiLauro et al. 2005" key="dilauro2005">
               <author>DiLauro, T.,</author> 
               <author>Patton, M.</author>, <author>Reynolds, D.</author> &amp; <author>Choudhury, G. S.</author> 
               <date>(Dec. 2005)</date>.  <title rend="quotes">The Archive Ingest and Handling Test</title>.
            <title rend="italic">D-Lib Magazine</title> 
               <biblScope type="vol">11(12)</biblScope>.  Retrieved from <ptr target="http://www.dlib.org/dlib/december05/choudhury/12choudhury.html"/>
            </bibl>
            <bibl xml:id="goodger2001" label="Goodger et al. 2001" key="goodger2001">
               <author>Goodger, B.</author>, <author>Hickson, I.</author>, <author>Hyatt, D.</author> &amp; <author>Waterson, C.</author> 
               <date>(2001)</date>.
            <title rend="italic">XML User Interface Language (XUL) 1.0</title> [online].  <editor>David Hyatt, ed.</editor>  
               <publisher>Mozilla Foundation</publisher>. Retrieved from <ptr target="http://www.mozilla.org/projects/xul/xul.html"/>
            </bibl>
            <bibl xml:id="hillmann2005" label="Hillmann 2005" key="hillmann2005">
               <author>Hillmann, D.</author> 
               <date>(2005)</date>.
            <title rend="italic">Using Dublin Core</title> [online].  <publisher>Dublin Core Metadata Initiative</publisher>.  Retrieved from <ptr target="http://dublincore.org/documents/usageguide/index.shtml"/>
            </bibl>
            <bibl xml:id="hurley1999" label="Hurley et al. 1999" key="hurley1999">
               <author>Hurley, B. J.</author>, <author>Price-Wilken, J.</author>, <author>Proffitt, M.</author> &amp; <author>Besser, H.</author> 
               <date>(1999)</date>.
            <title rend="italic">The Making of America II test bed Project: A Digital Library Service Model</title>.  <pubPlace>Washington, DC</pubPlace>: <publisher>Digital Library Federation</publisher>.  Retrieved from <ptr target="http://www.clir.org/pubs/reports/pub87/pub87.pdf"/>
            </bibl>
            <bibl xml:id="irs2007"
                  label="Internal Revenue Service 2007"
                  key="irs2007">
               <author>Internal Revenue Service</author> 
               <date>(2008)</date>.
            <title rend="italic">Current Valid XML Schemas for 11/20/1120-F/1120S/7004 Modernized e-File (MeF)</title> [online].  <pubPlace>Washington, DC</pubPlace>: <publisher>United States Department of the Treasury</publisher>.  Retrieved from <ptr target="http://www.irs.gov/efile/article/0,,id=128360,00.html"/>
            </bibl>
            <bibl xml:id="keith2005" label="Keith 2005" key="keith2005">
               <author>Keith, C.</author> 
               <date>(2005)</date>.  <title rend="quotes">Making METS Profiles Machine-Actionable to Support Validation and Facilitate Interoperability</title>.  <title rend="italic">Digital Library Federation Spring Forum 2005, April 13-15, 2005, San Diego, CA</title>.  Retrieved from <ptr target="http://www.diglib.org/forums/spring2005/presentations/keith-2005-04.pdf"/>
            </bibl>
            <bibl xml:id="kendall2007b" label="Kendall 2007b" key="kendall2007b">
               <author>Kendall, L.</author> 
               <date>(September 2007)</date>.  <title rend="quotes">Shout Into the Wind, and It Shouts Back: Identity and interactional tensions on LiveJournal</title>.  <title rend="italic">First Monday</title> 
               <biblScope type="vol">12(9)</biblScope>.  Retrieved from <ptr target="http://www.firstmonday.org/issues/issue12_9/kendall/index.html"/> 
            </bibl>
            <bibl xml:id="kott2006" label="Kott et al. 2006" key="kott2006">
               <author>Kott, K.</author>, <author>Dunn, J.</author>, <author>Halbert, M.</author>, <author>Johnston, L.</author>, <author>Milewicz, L.</author> &amp; <author>Shreeves, S.</author> 
               <date>(May 2006)</date>.  <title rend="quotes">Digital Library Federation (DLF) Aquifer Project</title>. <title rend="italic">D-Lib Magazine</title> 
               <biblScope type="vol">12(5)</biblScope>.  Retrieved from <ptr target="http://www.dlib.org/dlib/may06/kott/05kott.html"/>
            </bibl>
            <bibl xml:id="littmann2006" label="Littman 2006" key="littmann2006">
               <author>Littman, J.</author> 
               <date>(May 2006)</date>.  <title rend="quotes">A Technical Approach and Distributed Model for Validation of Digital Objects</title>.  <title rend="italic">D-Lib Magazine</title> 
               <biblScope type="vol">12(5)</biblScope>.  Retrieved from <ptr target="http://www.dlib.org/dlib/may06/littman/05littman.html"/>
            </bibl>
            <bibl xml:id="loc2006" label="Library of Congress 2006" key="loc2006">
               <author>Library of Congress</author> 
               <date>(Jan. 12, 2006)</date>.  <title rend="italic">Library of Congress METS Profile for Recorded Events</title>.  Retrieved from <ptr target="http://www.loc.gov/standards/mets/profiles/00000009.html"/>
            </bibl>
            <bibl xml:id="loc2008" label="Library of Congress 2008" key="loc2008">
               <author>Library of Congress</author> 
               <date>(May 20, 2008)</date>.  <title rend="italic">Standards (Library of Congress)</title>.  Retrieved from <ptr target="http://www.loc.gov/standards/"/>
            </bibl>
            <bibl xml:id="nelson2005" label="Nelson et al. 2005" key="nelson2005">
               <author>Nelson, M. L.</author>, <author>Bollen, J.</author>, <author>Manepalli, G.</author> &amp; <author>Haq, R.</author> 
               <date>(Dec. 2005)</date>. <title rend="quotes">Archive Ingest and Handling Test: The Old Dominion University Approach</title>. <title rend="italic">D-Lib Magazine</title> 
               <biblScope type="vol">11(12)</biblScope>.  Retrieved from <ptr target="http://www.dlib.org/dlib/december05/nelson/12nelson.html"/>
            </bibl>
            <bibl xml:id="renear2001"
                  label="Renear &amp; Golovchinksky 2001"
                  key="renear2001">
               <author>Renear, A.</author> and <author>Golovchinksy, G.</author> (2001).  <title rend="quotes">Content Standards for Electronic Books: The OEBF Publication Structure and the Role of Public Interest Participation</title>. <title rend="italic">Journal of Library Administration</title> 
               <biblScope type="vol">35(1/2)</biblScope>.  Retrieved from <ptr target="http://www.tandf.co.uk/journals/titles/01930826.asp"/>
            </bibl>
            <bibl xml:id="seaman2003" label="Seaman 2003" key="seaman2003">
               <author>Seaman, D.</author> 
               <date>(July/August 2003)</date>.  <title rend="quotes">Deep Sharing: A Case for the Federated Digital Library</title>. <title rend="italic">Educause Review</title> 
               <biblScope type="vol">38(4)</biblScope>.  Retrieved from <ptr target="http://net.educause.edu/ir/library/pdf/erm0348.pdf"/>
            </bibl>
            <bibl xml:id="shirky2005" label="Shirky 2005" key="shirky2005">
               <author>Shirky, C.</author> 
               <date>(Dec. 2005)</date>. <title rend="quotes">AIHT: Conceptual Issues from Practical Tests</title>. <title rend="italic">D-Lib Magazine</title> 
               <biblScope type="vol">11(12)</biblScope>.  Retrieved from <ptr target="http://www.dlib.org/dlib/december05/shirky/12shirky.html"/>
            </bibl>
            <bibl xml:id="shreeves2005"
                  label="Shreeves et al. 2005"
                  key="shreeves2005">
               <author>Shreeves, S. L.</author>, <author>Knutson, E. M.</author>, <author>Stvilia,
                B.</author>, <author>Palmer, C. L.</author>, <author>Twidale, M. B.</author> and <author>Cole, T. W.</author> 
               <date>(2005)</date>. <title rend="quotes">Is <q>Quality</q> Metadata <q>Shareable</q> Metadata?  The Implications of Local Metadata Practices for Federated Collections</title>. In <editor>H. A. Thompson</editor> (Ed.) <title rend="italic">Proceedings of the Twelfth National Conference of the Association of College and Research Libraries, April 7-10 2005, Minneapolis, MN.</title>  
               <pubPlace>Chicago, IL</pubPlace>: <publisher>Association of College and Research Libraries</publisher>, pp. 223-237.  Retrieved from <ptr target="http://hdl.handle.net/2142/145"/>
            </bibl>
            <bibl xml:id="berkeley1997"
                  label="U.C. Berkeley Library 1997"
                  key="berkeley1997">
               <author>The Library, University of California at Berkeley</author> 
               <date>(1997)</date>.  <title rend="italic">The Making of America II test bed Project Proposal</title>.  Retrieved from <ptr target="http://sunsite.berkeley.edu/moa2/moaproposal.html"/>
            </bibl>
            <bibl xml:id="bray2006"
                  label="Bray et al 2006"
                  key="bray2006">
               <author>World Wide Web Consortium</author> 
               <date>(Feb. 10, 1998)</date>.  <title rend="italic">Extensible Markup Language (XML) 1.0: W3C Recommendation 10-February-1998.</title>  
               <editor>Tim Bray</editor>, <editor>Jean Paoli</editor> &amp; <editor>C. M. Sperberg-McQueen</editor> (Eds.).  Retrieved from <ptr target="http://www.w3.org/tr/1998/rec-xml-19980210"/>
            </bibl>
            <bibl xml:id="wwwc1999a"
                  label="World Wide Web Consortium 1999a"
                  key="wwwc1999a">
               <author>World Wide Web Consortium</author> 
               <date>(Jan. 14, 1999)</date>.  <title rend="italic">Namespaces in XML</title>.  <editor>Tim Bray</editor>, <editor>Dave Hollander</editor> &amp; <editor>Andrew Layman</editor> (Eds.).  Retrieved from <ptr target="http://www.w3.org/tr/1999/rec-xml-names-19990114/"/>
            </bibl>
            <bibl xml:id="wwwc1999b"
                  label="World Wide Web Consortium, 1999b"
                  key="wwwc1999b">
               <author>World Wide Web Consortium</author> 
               <date>(Jan. 14, 1999)</date>.  <title rend="quotes">The World Wide Web Consortium Issues <q>Namespaces in XML</q> as a W3C Recommendation</title> [Press Release]. Retrieved from <ptr target="http://www.w3.org/press/1999/xml-namespaces-rec"/>
            </bibl>
         </listBibl>
      </back>
   </text>
</TEI>
