<?xml version="1.0" encoding="UTF-8"?>
<?oxygen RNGSchema="../../common/schema/DHQauthor-TEI.rng" type="xml"?>
<?oxygen SCHSchema="../../common/schema/dhqTEI-ready.sch"?>
<TEI xmlns="http://www.tei-c.org/ns/1.0"
     xmlns:cc="http://web.resource.org/cc/"
     xmlns:rdf="http://www.w3.org/1999/02/22-rdf-syntax-ns#"
     xmlns:dhq="http://www.digitalhumanities.org/ns/dhq">
   <teiHeader>
      <fileDesc>
         <titleStmt>
            <!-- Author should supply the title and personal information-->
            <title type="article">In One's Own Hand: Seeing Manuscripts in a Digital Age</title>
            <dhq:authorInfo>
               <!-- Include a separate <dhq:authorInfo> element for each author -->
               <dhq:author_name>Anna <dhq:family>Chen</dhq:family>
               </dhq:author_name>
               <dhq:affiliation>The University of Texas at Austin</dhq:affiliation>
              <email>hac320@gmail.com</email>
               <dhq:bio>
                  <p>Anna Chen holds an M.S.I.S. from The University of Texas at Austin and a Ph.D. in English literature from Yale University. Her research interests include medieval and children's literature, digital humanities, and archives and museum studies.</p>
               </dhq:bio>
            </dhq:authorInfo>
         </titleStmt>
         <publicationStmt>
            <!-- This information will be completed at publication -->
            <idno type="DHQarticle-id">000138</idno>
            <idno type="volume">006</idno>
            <idno type="issue">2</idno>
            <date when="2012-10-12">12 October 2012</date>
            <dhq:articleType>article</dhq:articleType>
            <availability>
               <cc:License rdf:about="http://creativecommons.org/licenses/by-nc-nd/2.5/"/>
            </availability>
         </publicationStmt>
         
         <sourceDesc>
            <p>This is the source</p>
         </sourceDesc>
      </fileDesc>
      <encodingDesc>
         <classDecl>
            <taxonomy xml:id="dhq_keywords">
               <bibl>DHQ classification scheme; full list available at <ref target="http://www.digitalhumanities.org/dhq/taxonomy.xml">http://www.digitalhumanities.org/dhq/taxonomy.xml</ref>
               </bibl>
            </taxonomy>
            <taxonomy xml:id="authorial_keywords">
               <bibl>Keywords supplied by author; no controlled vocabulary</bibl>
            </taxonomy>
         </classDecl>
      </encodingDesc>
      <profileDesc>
         <langUsage>
            <language ident="en"/>
         </langUsage>
         <textClass>
            <keywords scheme="#dhq_keywords">
               <!-- Authors may suggest one or more keywords from the DHQ keyword list, visible at http://www.digitalhumanities.org/dhq/taxonomy.xml; these may be supplemented or modified by DHQ editors -->
               <list type="simple">
                  <item/>
               </list>
            </keywords>
            <keywords scheme="#authorial_keywords">
               <!-- Authors may include one or more keywords of their choice -->
               <list type="simple">
                  <item/>
               </list>
            </keywords>
         </textClass>
      </profileDesc>
      <revisionDesc>
         <!-- Each change should include @who and @when as well as a brief note on what was done. -->
         <change when="2012-08-16">Encoded article</change>
      </revisionDesc>
   </teiHeader>
   
   <text>
      <front>
         <dhq:abstract>
            <!-- Include a brief abstract of the article -->
            <p>As museums increasingly place archival materials on display, a body of scholarship has emerged to provide practical advice for staff about exhibiting handwritten documents. However, there has as yet been little scholarship that problematizes the exhibition of manuscripts and the responses they elicit from their audiences. This essay, then, investigates the cultural perception of handwriting as an inherently unique and authentic embodiment of its writer, the assumption of which lies behind its display. Through a series of close readings of responses to the sight of the autograph, I examine the ways in which handwriting’s association with the human body has been historically shaped and interpreted; its current function as a locus for concerns about the loss or degradation of corporeal identity in an increasingly technologized world; and how multimedia museum exhibitions of handwritten documents — as digitally manipulable surrogates of original artifacts — expose, complicate, and break down the oppositions in this cultural discourse. Ultimately, I argue, digital interactives are part of a new exhibitionary paradigm, which not only offers new ways of considering an artifact’s essential meaning, but also refines and redefines our understanding of human effort, intentionality, and embodiment in a digital age.</p>
         </dhq:abstract>
         <dhq:teaser>
            <!-- Include a brief teaser, no more than a phrase or a single sentence -->
            <p>Reconsidering the digital exhibition of manuscripts</p>
         </dhq:teaser>
      </front>
      <body>
        <head>In One's Own Hand: Seeing Manuscripts in the Digital Age</head>
         <div>
            <head>I. </head>
            <p>On attending a recent exhibit on Emily Dickinson at the New York Botanical Garden library in 2010 that included a display of her autograph letters and poems, Holland Cotter of the <title rend="italic">New York Times</title> wrote, <quote rend="inline">To see Dickinson’s verse written in her inimitably rangy hand is always a moving experience</quote> 
               <ptr target="#cotter2010"/>. When the Harry Ransom Center mounted an exhibition on Edgar Allan Poe in 2009, journalist Wayne Alan Brenner declared that one of the highlights of the show was <quote rend="inline">a letter in which the author pretty much wrenches out his wounded, gin-soaked heart and smears it across the paper via his always meticulous handwriting</quote> 
               <ptr target="#brenner2009"/>. And for Jennifer King, reviewing the Ransom Center’s Poe exhibition for a high school newspaper, <quote rend="inline">the most astonishing pieces were the handwritten letters and manuscripts. Simple as they seem, intact yellow-tinted sheets of paper full of words and exquisite cursive, these pages reveal the absolute innermost mind of Poe in his own hand</quote> 
               <ptr target="#king2009"/>.</p>
            <p>As these comments from a range of audiences demonstrate, the display of handwritten documents often elicits immediate and emotional responses from viewers, who imagine the creators of these documents to be uniquely — or to use Cotter’s term, <term>inimitably</term> — embodied and revealed in their scripts. As more libraries incorporate exhibitions within a broadening understanding of collection development and access, and as museums and other cultural institutions increasingly recognize the value of displaying library and archival materials, a growing body of scholarship has emerged to guide staff through the process of exhibiting manuscripts. Most of this literature provides practical advice on such matters as how to ensure the preservation and security of documents while they are on display, what kinds of display cases to use, how to write engaging text labels, and how to publicize the exhibition and use it as a marketing tool for the institution.<note>Though this bibliography is substantial, a representative sample includes <ptr target="#allyn1987"/>; <ptr target="#dutka2002"/>; <ptr target="#kemp1997"/>; <ptr target="#tedeschi1997"/>; <ptr target="#brown2006"/>; <ptr target="#nicholls2003"/>; <ptr target="#bowen1993"/>; <ptr target="#brannock2009"/>; <ptr target="#brannock2009"/>; <ptr target="#brazer2001"/>; <ptr target="#casterline1980"/>; <ptr target="#everhart1989"/>; and <ptr target="#harvard1987"/>.</note> 
            </p>
            <p>While this practical advice is extremely helpful, there has been little scholarship that problematizes the practice of exhibiting manuscripts and the responses they elicit from audiences.<note>For a notable exception, see <ptr target="#neef2006"/>.</note> This essay will investigate the cultural perception of handwriting as an inherently unique and authentic embodiment of its writer, the tacit assumption of which lies behind its display. Through a series of close readings of responses to the sight of the autograph, I will examine the ways in which handwriting’s association with the human body has been historically shaped and interpreted, and how it now functions as a locus for concerns about the loss or degradation of corporeal identity in an increasingly technologized world. Finally, I will suggest how multimedia museum exhibitions of handwritten documents, as digitally manipulable surrogates of the original artifacts, expose, complicate, and break down the oppositions in this cultural discourse. Ultimately, I argue, digital interactives are part of a new exhibitionary paradigm that not only offers new ways of considering an artifact’s essential meaning, but also refines and redefines our understanding of human effort, intentionality, and embodiment in a digital age.</p>
           <p>Scholars who have theorized the aura of the autograph focus on its embodiment of individual identity in contrast to the chilly impersonality of print.<note>There is some ambiguity in the term <q>autograph</q>: though it can refer specifically to a person’s signature, it can also mean any writing in one’s own hand. Throughout this paper, I use the term in the sense of this latter, broader definition.</note> Martin Heidegger argued that in typed writing, <quote rend="inline">every person looks the same</quote> 
               <ptr target="#heidegger1992" loc="119"/>.<note>Quoted in <ptr target="#vandijck2006" loc="11"/>.</note> Printed texts, according to Walter Ong, <quote rend="inline">look machine-made, as they are…This is an insistent world of cold, non-human, facts</quote> 
               <ptr target="#ong1982" loc="122"/>. Handwriting, on the other hand, is considered to be individually distinctive. As Sonja Neef and José van Dijck declared, <quote rend="inline">There is no such thing as two people writing identically…handwriting is a unique and authentic <q>signature</q> that claims to guarantee the presence of an individual writer during a historically unique moment of writing. This subjectivity is physically inscribed in the movement and the pressure of the pen led across the paper, leaving there an unexchangeable, personal trace.</quote> The autograph embodies its writer, so uniquely identifying and identified with him that the reproduction of authentic handwriting risks being considered a forgery <ptr target="#vandijck2006" loc="9–11"/>.<note>For other scholarship on the legality of signatures, see <ptr target="#dekeyser2006"/> and <ptr target="#grusin2006"/>.</note>
            </p>
           <p>For these theorists, then, the <q>original</q> autograph is its equally original author, seemingly inseparable from the idiosyncratic and singular self embodied by his or her handwriting. This sense of embodiment approaches and even becomes indistinguishable from the literal. Throughout this essay, I will use the term <term>embodiment</term> to mean the ways in which manuscripts, not unlike relics, are assumed to make tangible to the viewer the physical presence of its creator. Autograph collectors in the late nineteenth and early twentieth centuries, many of whose collections would eventually find their way into special collections libraries, imagined the handwritten document functioning as just such a conduit to the physical materiality of its original writer. Thomas Madigan, one of the most successful autographs and manuscripts dealers in the United States in the early twentieth century, believed of autographs that <quote rend="inline">the hearts of men that once moved in gorgeous orbits beat in them still</quote> 
               <ptr target="#madigan1930" loc="4"/>. The collector George Birkbeck Hill declared that <quote rend="inline">so strongly does the mere handwriting sometimes bring before me those who have long moldered in the dust that there are some signatures,</quote> like those of Philip II, Tomás de Torquemada, and Charles IX, <quote rend="inline">which I could not bear to keep in my collection, such horror would they excite</quote> 
               <ptr target="#hill1986" loc="108–109"/>. And for George Barr McCutcheon, <quote rend="block">The manuscript of a novel in the handwriting of the author — especially if he be long dead and therefore famous — possesses an appeal unsurpassed by anything else. Here is the novel, the poem or the essay just as it was transferred from the brain by way of the hand to the paper on which it was written. No printers had done this job. For months and years the man himself has toiled over these sheets, his own fingers have held the pen, his own eyes have followed the course of the ink as it ran in readable streams across the page, his innermost thoughts have been rendered visible by the magic scribble that turns them into words for all the world to see if it will. The man puts himself upon those sheets as surely as he draws the breath of life. Other men transform his words into type and others bind them up, but he alone has a brain, a heart and a soul into the thing we afterward call a book. <ptr target="#mccutcheon1925" loc="32–3"/>
                  <note>All three preceding quotations originally quoted in <ptr target="#shaddy2000" loc="58, 62, 64"/>.</note>
               </quote>
            </p> 
            <p>For these collectors, the value of script lies not only in its expression of the writer’s <quote rend="inline">innermost thoughts...rendered visible,</quote> but also, and perhaps even more strikingly, in what they imagine as its ability to connect its reader directly to the writer’s bodily organs: hearts, eyes, brains, and especially hands, which represent the most frequently repeated synecdochic shorthand for the connection between the body of the writer and the body of his writing.</p>
           <p>At the same time, however, the existence of and anxiety over the possibility of forgery — the unauthorized assumption of another person’s identity through his or her writing — call attention to the potential instability and illegitimacy of handwriting, and handwriting’s history is accordingly bound up with the history of competing technological means of authentication. As early as ninth-century England, documents were authenticated through the author’s handwriting as well as his seal. Yet handwriting and seals were understood in the Middle Ages to have different, and sometimes competing, cultural valences. A medieval seal typically contained an inscription bearing the owner’s name, which enabled him to sign his name identically with each imprint <ptr target="#clanchy1993" loc="308"/>.<note>Also see <ptr target="#harvey1996"/>.</note> The seal, then, was a technology of automatic reproduction, as Albertine Gaur has pointed out: <quote rend="inline">Not only by intent but also in practice a seal does exactly the same as the printing press: it reliably copies and multiplies information by mechanical means</quote> 
               <ptr target="#gaur1992" loc="194"/>.<note>Also quoted in <ptr target="#clanchy1993" loc="309"/>.</note> But in a dispute in 1218, for example, over the authenticity of a bond made by William de Spineto between his son, Sewal, and Samuel, son of Aaron of Colchester, Sewal denied that the seal on the chirograph was his father’s; Samuel, however, insisted that the chirograph was genuine, appealing to the testimony of those <quote rend="inline">who know the handwriting of the clerk who was chirographer when it was made</quote> 
               <ptr target="#rigg1905" loc="7, 14"/>.<note>Quoted in <ptr target="#clanchy1993" loc="307"/>.</note> As Michael Clanchy has observed, Samuel’s argument hinges on the suppositions that handwriting could be attributed to individual scribes and that their scripts were more reliable than seals as indicators of authenticity. Samuel argued, moreover, that a knight might have more than one seal; seals, too, could be forged, or used by people other than their owners. A seal, in other words, depersonalized the signing process, since it automatically printed out its owner’s name and, in the case of one of the earliest known English seals, the great seal of King Edward the Confessor, made the sign of the cross on the owner’s behalf and even in his absence <ptr target="#clanchy1993" loc="207–8"/>.</p>
           <p>This latter automation of the cross is a striking appropriation of the written sign of authentication, since prior to King Edward’s introduction of the great seal in the late eleventh century, Anglo-Saxon charters seem to have been authenticated primarily by just such handwritten crosses, whereby each cross was accompanied by a witness’s name written by a priestly scribe as a record of his oath made in the presence of the crucified Christ <ptr target="#clanchy1993" loc="312"/>. According to Brigitte Bedos-Rezak, the signatory may also have made the ceremonial sign of the cross across his body as he marked the cross on the page <ptr target="#bedos-rezak2000" loc="1510"/>.<note>Also see <ptr target="#clanchy1993" loc="295"/>.</note> The written cross, then, was a physical representation of embodied gestures and of interactions not only between people but also with God. By contrast, there seems to have been some anxiety over whether seals alone, as marks of secular legality, could adequately signify divine approval <ptr target="#clanchy1993" loc="312"/>.<note>Also see <ptr target="#harvey1996" loc="1–2"/>. Accordingly, the medieval signer of a charter for Chester abbey notes the presence of both the seal and the signs of the cross that follow each signatory’s name: <quote rend="inline">I, Earl Hugh, and my barons have confirmed all these things in the presence of Archbishop Anselm [of Canterbury] not only by my seal but also by the seal of Almighty God, that is the sign of the holy cross, so that each of us makes a sign of the cross with his own hand as evidence for posterity</quote> (<quote rend="inline">Ego comes Hugo et mei barones confirmavimus ista omnia coram Anselmo archiepiscopo, non solum sigillo meo sed etiam sigillo dei omnipotentis, id est signo sancte crucis + , ita quod singuli nostrum propria manu in testimonium posteris signum in filii eius</quote> 
                  <ptr target="#barraclough1988" loc="7"/>). For the English translation, see <ptr target="#clanchy1993" loc="313"/>. Earl Hugh opposes his own mechanically-produced seal to the sign of the cross he makes <q>with his own hand,</q> which he describes as <quote rend="inline">the seal of Almighty God, that is the sign of the holy cross.</quote> The handwritten cross, then, functions as a conduit for God’s will; moreover, it indicates the presence not only of its human creator but also of the divine Creator, for it both commemorates and reproduces Christ’s crucifixion, the culmination of God’s embodied presence on earth.</note> Although seals continued to be used on all formal documents, the practice of authentication by writing one’s own name in one’s own hand, known as the sign manual, spread rapidly in England in the late fourteenth and early fifteenth centuries, and, eventually, to America. Over the second half of the nineteenth century, the testimonies of handwriting experts claiming to be able to recognize identities through handwriting began to be increasingly accepted in American courts of law <ptr target="#thornton1996" loc="101"/>, and continue to do so in court cases today.<note>The testimony of handwriting experts is not unproblematic. In the 2007-2009 trial over the legitimacy of a codicil in Brooke Astor’s will, for example, both defendant and prosecution used competing testimonies of handwriting witnesses <ptr target="#antrim2009"/>. At the same time, the development of new forms of digital handwriting authentication technologies offers critics opportunities to pose new questions about the ability of handwriting to stand in uniquely for its creator. Currently among the foremost of these technologies is dynamic signature verification, <quote rend="inline">a behavioral biometric modality that analyzes dynamic characteristics of an individual’s signature, such as shape of signature, speed of signing, pen pressure when signing, and pen-in-air movements, for recognition</quote> 
                  <ptr target="#defense2007" loc="164"/>. For a discussion of potential problems with dynamic signature verification, see <ptr target="#ballard2006"/>. For a discussion of and problems with biometric security measures more generally, see <ptr target="#woodward2003"/>.</note>
            </p>
            <p>These technologies of authentication, each with very different cultural resonances, continue to complement, contest, and appropriate each other as modes of identity production and authentication. I do not mean to suggest that one mode is actually more automatic or impersonal than another, or even that automation necessarily implies impersonality. Rather, I wish to highlight the different cultural emphases assigned to these technologies that render them conceptually opposed to each other. In the Middle Ages, handwriting was understood as embodied, a tangible sign of human and divine presence and intention as expressed through the bodily movement of the hand. By contrast, seals lacked such validation of the human creator’s and divine Creator’s physical presence, although, as marks of secular, legal authenticity, they continued to be used throughout the Middle Ages, often in tandem with handwritten signs.<note>For more on handwritten crosses as signifying divine authority, and for another perspective on seals’ relationship to individual identity, see <ptr target="#bedos-rezak2000" loc="1511"/>.</note> The association of embodied identity with handwriting, especially as defined against other technologies that were imagined in opposition to handwriting as disembodying, intensified steadily in subsequent centuries, under the pressure of such catalysts as the invention and increasing dominance of printing technologies; the development of the Romantic idealization of the singular and idiosyncratic self in the nineteenth century, which contemporary graphologists, autograph collectors, and writers imagined as expressed unconsciously through one’s handwriting; and the reaction in the twentieth century, exemplified by the Arts and Crafts movement, against the perceived degradation of human potential by the growing ubiquity of the machine.<note>For a history of typographic development that leads away from handwritten models, see <ptr target="#ponot2002"/>. For an excellent study of the history of handwriting, to which this overview is greatly indebted, see <ptr target="#thornton1996"/>.</note> It is against this historical background of appropriation and reinterpretation that I will turn to the ways in which conceptions of handwriting are now being shaped in an increasingly digital environment.</p>
         </div>
         <div>
            <head>II.</head>
            <p>On November 5, 1994, in a two-page handwritten letter faxed to news organizations and addressed to the American public, former President Ronald Reagan wrote, <quote rend="inline">My fellow Americans, I have recently been told that I am one of the millions of Americans who will be afflicted with Alzheimer’s disease</quote> 
               <ptr target="#gordon1994"/>.<note>Reagan’s letter has also been reproduced in facsimile in <ptr target="#cannon2000" loc="xvi"/>. </note> The uneven margins, unsteady ductus, and hand-blackened errors prompted presidential biographer Edmund Morris to write in <title rend="italic">The New Yorker</title> that: <quote rend="block">I, too, cried at that letter, with its crabbed script and enormous margin (so evocative of the blizzard whitening his mind)... Script’s primary power is to convey the cursive flow of human thought, from brain to hand to pen to ink to eye — every waver, every loop, every character trembling with expression. Type has no comparable warmth; matrix dots and laser sprays and pixels of L.C.D. interpose their various screens between writer and reader. If Mr. Reagan’s letter (which, by the way, he composed entirely himself) had been keyboarded to the world, instead of handwritten and issued in facsimile, its poignancy would have been reduced by half. <ptr target="#morris1995" loc="66"/>
               </quote>
            </p>
            <p>Both Reagan, in choosing to handwrite the letter, and Morris, in affirming that choice, seem to resist what Jay Bolter and David Grusin have theorized as remediation, the logic by which new media refashions prior media through the imbricated strategies of immediacy, a style of representation that seeks to erase the traces of its presence in order to convince the viewer of his unmediated relationship to the medium’s contents, and hypermediacy, which seeks to keep the medium at the forefront of the viewer’s perception <ptr target="#bolter1999" loc="272–3"/>. Yet Reagan’s handwritten letter does not simply represent an anti-modern rejection of new media; rather, it calls forth and obscures a range of immediate and hypermediate interfaces, a strategy that, I argue, demonstrates a skillful manipulation of how human physicality is perceived in an increasingly technologized milieu.</p>
           <p>Reagan’s decision to write his letter by hand must be read in terms of handwriting’s lengthy history as a representative of, and even a conduit for, embodied identity. His awareness of the aura of handwritten documents is evident in Morris’s description of the way in which <quote rend="inline">President Reagan went so far as to address and seal his personal mail, and...he was known to lick his own stamps. I treasure several letters from him written on thick ivory gold-embossed stock, each with its matching envelope meticulously inscribed, down to the last digit of my Zip Code</quote> 
               <ptr target="#morris1995" loc="67"/>. Many others have testified to Reagan’s extraordinary propensity for letter writing. It is estimated, for example, that he may have composed upwards of 10,000 letters over the course of his life, thousands of which were handwritten <ptr target="#reagan2003" loc="xiii"/>. In the first year of his presidency, Reagan dictated 265 letters but discontinued the practice in February 1982, because he preferred writing them himself <ptr target="#reagan2003" loc="xv"/>.</p>
           <p>In particular, Reagan’s recognition of handwriting’s implication of social intimacy is one of several ways in which he draws on the immediacy of the handwritten format. Reagan thus begins his 1994 letter with a salutation to his <q>fellow Americans</q>; he continues to inscribe this familiarity throughout, seeking to downplay social, political, and economic differences between himself and his readers. When he writes of the onerous burden of caring for an Alzheimer’s patient that <quote rend="inline">I am confident that with your help [Nancy Reagan] will face it with faith and courage,</quote> he encourages his readers’ fictive inclusion in his wife’s intimate circle, and concludes the letter with a brief but warm acknowledgement of their social closeness: <quote rend="inline">Thank you, my friends</quote> 
               <ptr target="#reagan2003" loc="832–3"/>.</p>
            <p>Yet the letter was not delivered to any individual, but rather sent by fax machine to news organizations around the country that reported on its contents the following day <ptr target="#gordon1994"/>. The resulting letter that journalists saw was thus not the original ink and paper with which Reagan traced his script, but one of many copies, transformed into an analog or digital signal, compressed, and reassembled in the course of its transmission via phone line and fax machine. This act of processing and transforming a human artifact through a machine is an apt metaphor for the biotechnologies that enhance and transform the human body, including, not incidentally, that of a body with Alzheimer’s.</p>
           <p>Modern discourse on technologically enhanced quality of life is frequently inflected with an anxiety that, as Martin Halliwell and Andy Mousley have pointed out, <quote rend="block">often reflects on the ways in which biotechnology may augment organic life to such an extent that...the label <q>human</q> may no longer be applicable. As the Human Genome Project promises to unlock the secrets of our genetic makeup, the Visible Human Project attempts to translate the human body into digital codes, and neurological scientists move closer to explaining how consciousness arises from physical matter, so these fields of research threaten to destroy the myth that each human being has a core of unique individuality that can neither be explained nor replicated...Biotechnology…has the capacity to transform the parameters of the human body into a potentially unrecognizable form. <ptr target="#halliwell2003" loc="161–3"/>
                  <note>In addition to Halliwell and Mousley, many others have articulated various facets of what has been called a theory of the posthuman, though the term is controversial and holds different meanings for different scholars. See especially <ptr target="#hayles1999"/>; <ptr target="#haraway2004"/>; and <ptr target="#waldby2000"/>. For an overview of the discourse on posthumanism, see <ptr target="#wolfe2009"/>.</note>
               </quote> Similarly, Timothy Lenoir has described the notion that digital information is a disembodied pattern that exists independently of any specific material medium as <quote rend="inline">one of the dominant metaphors of our time</quote> 
               <ptr target="#lenoir2002" loc="203"/>.</p>
            <p>Morris’s characterization of matrix dots and L.C.D. pixels as lacking in warmth, in contrast to his valorization of script, whose <quote rend="inline">every waver, every loop, every character trembl[es] with expression,</quote> is a response to this perception of the human body as an increasingly expendable medium as it becomes progressively more dependent on technology for its own sustenance. For Morris, handwriting without the aid of digital machinery retains a human quality that machine-produced writing has lost. Reagan’s choice to handwrite his letter, then, underscores its purpose as a revelation specifically about his physical health, drawing on the close association of handwriting with the inner workings of the human body in contrast to other media. Indeed, the letter avoids many other signs of mechanical modernity, erasing, for example, the fax machine’s role as one of the letter’s communicative media and encouraging the fiction that the original letter has been delivered directly to <q>the American people.</q> Similarly, it elides the biotechnologies at work in preserving Reagan’s health. The letter’s strategies of erasure, driven by this sense of human alienation in an age of digital information and biotechnology, serve to fashion itself and Reagan’s body as interchangeable entities by obscuring the technologies that would assist in extending human agency or health. <quote rend="inline">In the past,</quote> Reagan writes, <quote rend="inline">Nancy suffered from breast cancer and I had cancer surgeries. We found through our open disclosures we were able to raise public awareness. We were happy that as a result many more people underwent testing. They were treated in early stages and able to return to normal, healthy lives</quote> 
               <ptr target="#reagan2003" loc="832–3"/>. Specific medical procedures are omitted from this account, though they underlie the general references to surgeries, tests, and treatment. Equally elided is the entire system of what numerous scholars, following Michel Foucault, have called <quote rend="inline">technologies of health</quote> 
               <ptr target="#halliwell2003" loc="166"/>.<note>Also see <ptr target="#osborne1997" loc="181"/>; <ptr target="#rose1994" loc="52"/>; and <ptr target="#haraway1997" loc="11–12"/>. For Foucault’s writings on the politics of health and bio-power, see <ptr target="#foucault1990" loc="133–60"/>; and <ptr target="#foucault1980" loc="166–82"/>.</note> These include but are not confined to the crisscrossing agendas and purviews of doctors, hospitals, pharmaceuticals companies, health insurers, and medical researchers, as well as legislative oversight of these entities, all of which play pivotal roles in the discovery and treatment of Alzheimer’s but which the letter discreetly hides from view.</p>
            <p>Instead, what the letter foregrounds is the Reagans’ decision to write it at all. <quote rend="inline">Upon learning this news,</quote> Reagan explained, <quote rend="inline">Nancy and I had to decide whether as private citizens we would keep this a private matter or whether we would make this news known in a public way</quote> 
               <ptr target="#reagan2003" loc="832"/>. Their ultimate decision to publicize private illness is portrayed as the agent that helps to heal the afflicted, first in the case of cancer and now in the case of Alzheimer’s: in this narrative, it is not primarily as a result of medical research, treatment, or health care, but rather because of the Reagans’ <q>open disclosures,</q> including the public display of the letter itself, that many people were <quote rend="inline">able to return to normal, healthy lives.</quote> According to Nancy Reagan, <quote rend="inline">People didn’t realize that Alzheimer’s was a disease like any other...They were embarrassed or self-conscious, and the letter released them to admit that somebody in their family had Alzheimer’s. It’s a beautiful letter</quote> 
               <ptr target="#cannon2000" loc="xvii"/>. The handwritten letter, standing in for medical care, is thus figured as a restorative technology that, by broadcasting its creator’s bodily health and identity, will help to recover them for his readers and even, perhaps, for himself. </p>
           <p>This concept of restorative handwriting has historical precedence. As the polemical rhetoric about technology’s capacity for dehumanization gained momentum in the first decades of the twentieth century, graphologists’ advice columns proliferated, promising to discover identities within their readers’ handwriting that had been lost to or obscured from them. <quote rend="inline">Show me your handwriting and I will tell you who you are,</quote> graphologist Nadya Olyanova encouraged her readers <ptr target="#olyanova1929" loc="2"/>, while Louise Rice wrote that in her readers’ own <quote rend="inline">familiar writing you may see the mirror which will reveal yourself to yourself</quote> 
               <ptr target="#rice1927" loc="2"/>.<note>Both preceding quotations originally quoted in <ptr target="#thornton1996" loc="129–131"/>.</note> Tamara Thornton has situated this desire for identity within the increasingly corporate, impersonal, and automated environment of the modern American workplace <ptr target="#thornton1996" loc="109–141"/>. But for those suffering from Alzheimer’s, a disease of forgetting, the potential for remembering and recovering oneself through one’s handwriting acquires an added poignancy. Reagan’s handwriting was so compelling because it promised not only to reveal his inner self — literally disclosing, in his confession of Alzheimer’s, the inner workings of his body and brain — to his readers, but also to reveal and restore it, as its readers may have imagined, to himself. </p>
            <p>Yet it is precisely this publicity – and its obverse, privacy – that turn out to be the most slippery aspects of the letter, informing its various levels of immediacy and hypermediacy. Handwriting here is hypermediated: that is, the viewer is meant to notice and interpret the medium as carrying a message of its own. The viewer, however, perceives this hypermediacy as immediacy, in Bolter and Grusin’s sense of the word: that is, he feels that he has direct access to the content of the medium. But in fact, the viewer substitutes medium for matter; when Reagan’s handwriting is perceived as an embodiment of its creator, it does not convey precisely the same message as the letter's actual content about Reagan's physical health, but rather offers a heightened, more <q>authentic</q> version of it. I use <q>authentic</q> as Bolter and Grusin use it here: <quote rend="inline">Hypermedia and transparent media are opposite manifestations of the same desire to get past the limits of representation and achieve the real. They are not striving for the real in any metaphysical sense. Instead, the real is defined in terms of the viewer’s experience; it is that which would evoke an immediate (and therefore authentic) emotional response</quote> 
               <ptr target="#bolter1999" loc="53"/>. Indeed, for Morris, the authenticity of Reagan’s letter is attested by its ability to move him to tears, effected by the perceived immediacy of its handwritten medium. Thus, although Morris extolled script’s apparent transparency, whose <quote rend="inline">primary power is to convey the cursive flow of human thought, from brain to hand to pen to ink to eye,</quote> the medium of script so overshadows the letter’s actual contents that Morris virtually never quoted directly from it. Instead, the letter’s message is contained in the visuality of the medium itself. He interpreted the <q>crabbed script</q> as evidence of Reagan’s physical degeneration, and the unusually wide margins as <quote rend="inline">the blizzard whitening of his mind.</quote> The letter, however, not only does not mention these details concerning Reagan's physical and mental condition, but in fact deliberately eschews them by placing Reagan’s onset of Alzheimer’s at some future point: <quote rend="inline">I am one of the millions of Americans who will be afflicted with Alzheimer’s disease,</quote> Reagan writes. <quote rend="inline">At the moment, I feel just fine</quote> 
               <ptr target="#reagan2003" loc="833"/>.</p>
            <p>Morris was not alone in valorizing what he calls <quote rend="inline">the human immediacy of script</quote> and <quote rend="inline">its direct and enduring</quote> quality. According to Richard Norton Smith, then director of the Reagan Presidential Library in Simi Valley, California, Reagan’s letter prompted more than 25,000 letters in reply, many handwritten in ink, crayon, and pencil. The letters crossed age groups, geographical boundaries, and political affiliations <ptr target="#reed1995"/>. Reagan was famously known as <q>The Great Communicator</q> during his political career, and the vast number of letters he wrote while in office, many to those he called the <q>uncommon people,</q> testify to his desire to connect with his constituents. But, of course, the American public was limited in its familiarity with Reagan; like all public figures, he is knowable only to a certain point, and his desire for personal revelation extended only so far. Earlier in life, during his acting career, Reagan paid his mother, Nelle, to answer his fan mail; she wrote thousands of letters in Reagan’s name not only to movie fans, but also to his longtime friends, signing the letters <q>Dutch,</q> 
               <q>Ron,</q> or <q>Ronnie</q> 
               <ptr target="#reagan2003" loc="836"/>.<note>On Nelle’s role as Reagan’s letter writer, see <ptr target="#darvick1985"/>; cited in <ptr target="#reagan2003" loc="837"/>.</note> In 1995, when contacted for Reed’s article, <quote rend="inline">Reagan’s office in Century City declined to discuss his current medical condition, citing respect for his privacy</quote> 
               <ptr target="#reed1995"/>. That Reagan encouraged his mother to write letters purporting to be in his own hand demonstrates his recognition of the perceived value of the handwritten document, as well his appropriation of that value to protect his own time and privacy. Similarly, his own handwritten letter to the American public acts as a seemingly immediate but actually hypermediated substitute for his physical and emotional proximity.</p>
            <p>Reagan’s unreadable body is perceived as perfectly legible because of its viewers’ expectations about handwriting’s ability to embody its creator. This emotional response to the public display of Reagan’s handwriting, moreover, is echoed in the exhibition reviews with which this essay began, describing the sight of Emily Dickinson’s handwriting as a <quote rend="inline">moving experience</quote> and imagining Poe’s <quote rend="inline">wounded, gin-soaked heart</quote> smeared across the page <quote rend="inline">in his always meticulous handwriting.</quote> For these reviewers, as for Morris, viewing Dickinson and Poe’s letters is akin to seeing physical manifestations of the creators, an authentic-because-emotional experience that emerges both from a history of handwriting as embodiment and as a reaction against a disembodied digital environment, whose emotional intensity threatens to overtake the other meanings carried by artifacts that use handwriting as their communicative media. None of the exhibition reviewers quoted above, for example, mentioned the textual contents of the letters they find so compelling; rather, the letter’s message is in the visual impact of the handwriting itself.</p>
            <p>As the embodied nature of handwriting is reinforced by a culture increasingly structured by seemingly disembodied digital information, it is also becoming increasingly hypermediated, loaded with emotional meaning and significance to the point of obscuring its other messages. Handwriting is becoming, in other words, an opaque medium, an eventuality compounded by its increasing literal illegibility, which is not only a practical result of the obsolescence of penmanship courses and of people’s diminishing opportunities and inclinations to read and produce handwriting, but also as an ideological reaction against the uniformity of print. As handwriting is idiosyncratic where print is regular, so it is literally illegible where print is readable: handwritten signatures, for example, have evolved into consciously undecipherable scrawls in a digital world in which signatures are virtually the only words people still write by hand.</p>
         </div>
         <div>
            <head>III.</head>
            <p>In 1789, Benjamin Franklin likened the uniformity of print to the effacement of people’s faces, which he believed rendered the text less legible because it made individual letters less distinctive. Writing to Noah Webster about the new printing practice of discarding the long <emph>s</emph>, a holdover from handwritten models, in favor of the short, round <emph>s</emph>, he declared mournfully that <quote rend="inline">certainly the omitting this prominent letter makes the line appear more even; but renders it less immediately legible; as the paring all Men’s Noses might smooth and level their Faces, but would render their Physiognomies less distinguishable</quote> 
               <ptr target="#silver1967" loc="146–7"/>.<note>Originally quoted in <ptr target="#thornton1996" loc="32"/>.</note> Two hundred years later, Morris would valorize autographic unreadability, declaring: <quote rend="block">
           Museums are not about to display the floppies of any contemporary Flaubert. 
           Or, if they do, I doubt they will attract the sort of awe accorded some manuscripts 
           of Vladimir Nabokov, which the New York Public Library’s Berg Collection 
           put on display last spring. At least two of these, delineated in colored pencil, were 
           more design than script. One was a diagrammatic analysis of metrical variations in 
           a poem by Vasily Zhukovsky, structured rather like a stained-glass window. Units 
           of scansion were represented by variously colored lozenges, and ruled ligatures ran 
           with and contrary to the rhythms, in triangular and rectangular patterns. <ptr target="#morris1995" loc="67"/> 
               </quote>
            </p>
            <p>The value of handwriting here lies precisely in its textual illegibility, which commutes Nabokov’s notes into wordless geometric patterns. Furthermore, the <q>awe</q> commanded by such patterns gestures towards the way in which handwriting’s opacity intensifies when put on display. Writing is, after all, not only a textual but also a visual medium, which, according to Neef and van Dijk, renders it <quote rend="block">complex as a system based both on the articulation strategies of alphanumeric text and of visual images. This visual dimension distinguishes standardized mechanical writing from handwriting, which is idiosyncratic and often risks being illegible. This specific materiality qualifies the handwritten text as allographic and autographic at once; its semiotics unfolds in this in-between-media, as <q>text-image</q> or as <q>image-text.</q> 
                  <ptr target="#vandijck2006" loc="13"/>
               </quote>
            </p>
            <p>As Morris’s response to the sight of Reagan’s letter and Nabokov’s manuscripts demonstrates, the very act of exhibition encourages viewers to interpret handwritten documents as objects, whose significance is to be discovered by looking at rather than reading them. Indeed, viewing a handwritten document, existing as it does as <q>image-text,</q> becomes even more fraught when it is framed for museum and library display, where practical challenges contribute further to the manuscript’s unreadability: when letters are written on both sides of the page, only one side of the original document can be shown; when manuscripts are bound, only a single opening of the work can be displayed at a time. Unlike paintings and sculptures, manuscripts are always displayed under glass, due to their relative fragility, providing another layer of separation between the viewer and the artifact.<note>The decision to forego the placement of paintings behind glass and acrylic is primarily aesthetic: though paintings can be better protected from vandalism and environmental stress this way, they do not display as well. According to Emil Bosshard, the light reflection <quote rend="inline">spoils the aesthetic pleasure of viewing the work of art</quote> 
                  <ptr target="#bosshard1994" loc="89"/>, while Jill Snyder specifically mentions the unpleasant distancing effect of a glazed surface for viewers of paintings on canvas: <quote rend="inline">While increased protection may be assured by placing a painting behind glass or acrylic, the average artist often rejects this method for cost as well as for aesthetic reasons. Keep in mind that a painting whose surface has been carefully protected by varnish will already possess some defenses against environmental dangers. An exposed canvas also enhances the viewer’s ability to appreciate the qualities of depth and texture associated with a painted surface, and the distancing caused by a glazed surface often bars access to these details</quote> 
                  <ptr target="#snyder1990" loc="79"/>.</note> These constraints necessarily make it difficult, if not impossible, for a visitor to fully read the documents. Sonja Neef, for example, described her visit to the Anne Frank House in Amsterdam, where the darkened room, the glare of exposition spotlights on the glass cases, and the crowd of fellow visitors prevent her from being able to decipher the handwritten letters on display. She considered these letters in terms of Walter Benjamin’s conception of <q>cult value</q> that he assigned to objects whose significance lay in their presence rather than their visibility <ptr target="#neef2006" loc="34–35"/>.<note>On cult value, see <ptr target="#benjamin1978" loc="223–4"/>.</note> For Neef, traditional museum displays of static, spotlit artifacts encourage the allocation of cult value to documents that cannot be absorbed in their entirety, as their other messages are muted or obscured by contextual loss instigated precisely by their exhibition.</p>
            <p>In recognition of these challenges of display, cultural institutions are increasingly exhibiting not only handwritten documents but also their digital surrogates.<note>Not all cultural institutions, it should be noted, are alike. Jay Levenson has argued that art museums are more reluctant than other kinds of institutions, including history and science museums and libraries, to display reproductions and facsimiles, digital and otherwise, due to an operating principle that has historically privileged <quote rend="inline">the centrality of the [original] work of art</quote> 
                  <ptr target="#levenson1998" loc="98"/>.</note> At the New York Botanical Garden, for example, visitors not only saw Emily Dickinson’s autograph letters, but could also page through a digital facsimile of an herbarium that she had compiled by hand as a teenager. Using a touch-screen kiosk, visitors could drag their fingers across the bottom of the screen to turn its pages, or zoom in on parts of blooms, seeds, or leaves <ptr target="#sell2010"/>. One item in the Ransom Center’s Poe exhibition was a manuscript of Poe’s story, <title rend="italic">The Domain of Arnheim</title>, which Poe had written on pieces of paper that he attached together to form a scroll. Because the artifact itself could be opened only to a single section of the story within its glass vitrine, visitors were invited to scroll through a digitized version of the manuscript at a kiosk near the original artifact. According to Molly Schwartzburg, one of the curators of the exhibition, <title rend="italic">The Domain of Arnheim</title> was digitized specifically to counteract its illegibility, thus providing visitors with the opportunity to read and interact with Poe’s handwriting <ptr target="#schwartzburg2010"/>. While the primary goal of these interactive exhibits is to make the material accessible and legible to viewers, Nick Prior has argued that <quote rend="inline">museums are not just passive loci of external patterns and processes but self-reflective agents of social and cultural change themselves</quote> 
               <ptr target="#prior2003" loc="52"/>.<note>Interactive exhibits have received considerable attention from museum scholars. Some scholars have criticized them as part of a trend towards the consumerization and commercialization of culture, while others have critiqued the way in which they encourage users to substitute preprogrammed links for their own mental associations. See <ptr target="#griffiths2003" loc="376"/>; <ptr target="#henning2006" loc="311"/>; and <ptr target="#manovich2001" loc="61"/>. Advocates of new media, on the other hand, <quote rend="inline">celebrate its democratizing potential, its ability to make multiple viewpoints available, to turn visitors into authors, and to engage people in the production of their own stories</quote> 
                  <ptr target="#manovich2001" loc="315"/>. For more discussions of interactive media, see <ptr target="#prior2003"/>; <ptr target="#witcomb2006"/>; <ptr target="#mintz1994"/>; <ptr target="#dilevko2003"/>; <ptr target="#macdonald1998" loc="13"/>; and <ptr target="#weil2002" loc="xv"/>.</note> Read in this way, these hybrid representations expose, even as they attempt to recuperate, the limitations of handwriting as it becomes an increasingly hypermediated and opaque mode of communication as a consequence both of cultural expectations and the act of exhibition. Describing an interactive display of the Declaration of Independence at the Library of Congress that allowed visitors, by touching a kiosk screen, to view changes to drafts of the document, Edward Rothstein wrote, <quote rend="inline">I doubt that I would have felt these transformations with the same force had I just tried to read the faded ink on Jefferson’s rough draft of the Declaration of Independence, protected behind glass</quote> 
               <ptr target="#rothstein2008"/>. James O’Toole has pointed out that most visitors <quote rend="inline">simply glance at [the original manuscript of the Declaration of Independence and the Constitution] and move on; only a few pause to read a few lines, motivated perhaps by the challenge of deciphering the unfamiliar handwriting. Almost no one takes the time to read the entire texts</quote> 
               <ptr target="#otoole2006" loc="45"/>. The Library of Congress’s interactive display, then, works to correct not only for the puzzling illegibility of the unfamiliar handwriting style and faded ink, but also for the myth of this seminal document as image-text and as a fully formed artifact without a contextual history. Its success is such that, although its presentation in virtual form removes the user from the original document, Rothstein nevertheless perceived the digital display of the Declaration of Independence as <emph>more</emph> accessible than the original. He regarded the original artifact’s glass case, like those at the Anne Frank Museum that reflect glare rather than offering visual access to their contents, as a mediating barrier, while the kiosk’s glass screen becomes, by contrast, a transparent portal through which Rothstein could experience the emotional <q>force</q> of the document’s transformation from draft to final version. </p>
            <p>By encouraging the visitor to engage with the manuscript beyond its initial visual effect, the interactive display counteracts handwriting’s opacity to create an opportunity for the viewer to access the other messages that a document carries. In the process, the digital representation of the manuscript is made to seem more transparent to the user than the original manuscript itself by imposing upon the document yet another mediating layer — the computer screen — which the user nevertheless perceives as granting unmediated access to its contents.<note>For discussions about perceptions of transparency and opacity of computer interfaces, see <ptr target="#bolter1999" loc="31–34"/>; <ptr target="#henning2006" loc="311–2"/>; and <ptr target="#manovich2001" loc="65"/>. Indeed, the perceived immediacy of the computer screen intensifies as keyboard and mouse give way to the so-called <q>natural user interface</q> exemplified by the touch-screen technology many exhibition kiosks employ. According to Eric Horvitz, a scientist at Microsoft Research, <quote rend="inline">It’s part of the general trajectory we’re on in the computing industry — this whole notion of making computers more open to natural human gestures and intentions…The future’s going to be in fusing together several different natural human behaviors — how people point, gesture and coordinate with each other…Touch is a beautiful tip of the iceberg for talking about where things are really headed</quote> 
                  <ptr target="#miller2010"/>.</note> 
            </p>
            <p>Exhibition designers deliberately encourage this perception. Selma Thomas, for example, a designer and producer of museum multimedia interactive exhibits, wrote that <quote rend="inline">[t]he best electronic programs...present an immediate invitation to participate in an exploration, to move behind the screen into the seamless reality of another world...The technology [of a museum program] should be <q>transparent,</q> interfering as little as possible with the experience</quote> 
               <ptr target="#thomas1998" loc="12, 29"/>. Accordingly, Rothstein juxtaposed the immediacy of his interaction with the facsimile of the Declaration of Independence on a touch screen to the perceived inaccessibility of the original document, <quote rend="inline">protected behind glass.</quote> Touching the screen becomes a satisfactory — even superior — surrogate for the visitor’s physical manipulation of the actual artifact.<note>Studies suggest that interactive media do help to draw visitors into exhibitions as well as increase the amount of time they spend there; see <ptr target="#witcomb2006" loc="354"/>; and <ptr target="#stevenson1994"/>. Visitors’ responses to interactives are generally positive; see <ptr target="#griffiths2003" loc="375"/>; <ptr target="#dierking1998" loc="66"/>; <ptr target="#keene1998" loc="31"/>; and <ptr target="#morrissey1991"/>. COMPASS (Collections Multimedia Public Access System), for example, a project begun by the British Museum in 1997 to make the museum’s collections available on interactive kiosks and the Internet, also allowed the museum to track users’ behavior. According to David Jillings, the head of new media at the British Museum, <quote rend="inline">We logged around 800 hours of unsupervised public use on five workstations during April this year [2002]…We recorded some 2,250 user sessions. The average user session was 21 minutes. The average number of museum artifacts looked at in each session was 18. Over 24,000 searches of the database were made, and some 66,000 records were displayed on screen in total.</quote> See <ptr target="#callender2002"/> (cited in <ptr target="#henning2006"/>). Yet at least one scholar has cautioned against the use of interactive media to measure and quantify visitor experience. The abilities of COMPASS and other digital systems to gather quantitative metadata about their use <quote rend="inline">translate [visitors] into data to be processed,</quote> and Michelle Henning warns that increased numbers do not necessarily correlate with an improved learning experience <ptr target="#henning2006" loc="312, 314"/>. For more on human-computer interfaces, see <ptr target="#manovich2001" loc="69–93"/>.</note> 
            </p>
            <p>Moreover, although Rothstein privileged an engagement with the intellectual content behind the document over an emotional reaction to the sight of the artifact, he, too, employs the language of emotion to describe his interaction with it: <quote rend="inline">I doubt,</quote> he said, <quote rend="inline">that I would have <emph>felt these transformations with the same force</emph> had I just tried to read the faded ink on Jefferson’s rough draft</quote> (my emphasis). Indeed, as viewers’ emotional responses to Reagan’s handwriting were generated not by the sight of the original letter but rather by a faxed copy of it, so the transformations that Rothstein felt are triggered by a facsimile of Jefferson’s handwriting. These experiences, however, appear on the surface to differ in one striking respect: Rothstein explicitly acknowledged the role of digital technology in bringing the document to life for him, whereas the fax machine that brought Reagan’s letter to its viewers vanished from subsequent discourse. Indeed, digital interactive exhibits, far from eliding their mediating presence, boldly offer added value to the museum-going experience through <quote rend="inline">touch-screen kiosks, CD-ROMs, computer games, large-screen installations and videowalls with multiple images, digital orientation centers, <q>smart badge</q> information systems, 3-D animation, virtual reality, and sophisticated museum web sites</quote> 
               <ptr target="#griffiths2003" loc="375"/>. Selma Thomas, however, asserted that <quote rend="inline">music sheets from a young Duke Ellington, an early draft of the United States Constitution...are pieces of paper, flat documents</quote> that require <quote rend="inline">a film or a video, or an interactive program, to make these paper artifacts come alive</quote> 
               <ptr target="#thomas1998" loc="7"/>; visitors like Rothstein accordingly interpret such hypermediacy as an immediate conduit to the living heart of the artifact. In the same way, Reagan’s choice to handwrite a letter at the end of the twentieth century, when handwriting had become virtually obsolete as a means of mass communication, prompted viewers to imagine his handwriting as an embodiment of Reagan himself. Although handwriting’s perceived quality as a transparent conduit to the creator’s physical presence is one that Morris and other theorists have argued that digital artifacts cannot achieve, Rothstein’s emotional reaction to the digital Declaration of Independence, not in spite of but <emph>because of</emph> its digital presentation, suggests that an oppositional dichotomy between the emotionally meaningful handwritten document and the emotionally hollow digital artifact inadequately captures the potential of interactive exhibits to disrupt assumptions about embodiment and artifactuality. As digitally manipulable representations of handwritten documents, these displays couple viewers’ emotional reactions to the sight of handwriting with the perception of digital transparence, offering users a means by which to understand creators’ minds, hands, and bodies as accessible through digital, rather than physical, means. As such, these interactive exhibits pave the way for a new paradigm for exhibitions, the eventual <q>display of floppies</q> that, two decades ago, some believed would never come to pass. </p>
           <p>Interactive digital technologies, after all, are often designed to increase users’ access to rare and fragile material while protecting the originals from the stresses of repeated handling. Due to the extreme brittleness and fragility of the specimens in Emily Dickinson’s herbarium, for example, Houghton Library restricted virtually all access to the book shortly after its arrival there in the 1950s, placing it in a vault where it has remained ever since <ptr target="#morris2006" loc="12–13"/>. Nevertheless, black-and-white photographs, a published color facsimile, and now, interactive kiosks can provide users with the opportunity to engage with the herbarium. From this perspective, such technologies speak to cultural fears about the loss or degradation of human embodiment in yet another way. Just as medical technologies are designed to prolong the human body with surrogate body parts that ease the workload on the original part, enhance its functional abilities, or replace it entirely, so do digital technologies prolong the physical manifestation of the artifact by substituting for, and enhancing, its capabilities. The current debate in the field of digital preservation over what constitutes a handwritten document’s essential elements — whether it includes the material on which it was written, the ink and visual properties of the script with which the words were traced, or the information those words carry, to name only a few potential significant properties — not only functions as a metaphor for but is in some ways inseparable from the debate generated by advances in biomedical technologies over whether the human body is a disposable container for or an integral element of humanness.<note>For discussions from an archival perspective about digital artifacts’ significant properties, see <ptr target="#hedstrom2002"/>; and <ptr target="#hedstrom2006"/>.</note> This is not merely a facile comparison; rather, as I have argued here, the creator’s embodied presence is embedded within the cultural value that has historically been placed upon handwriting. Thus, the renegotiation of our understanding of handwriting in a digital age is inextricably bound up with our evolving understanding of the expanding limits of the human body. Morris’s concern that pixels cannot represent the warmth and immediacy of human thought is, in fact, a concern about the dehumanization of technology. His resulting prediction that <quote rend="inline">museums are not about to display the floppies of any contemporary Flaubert</quote> is as much a claim about the extent to which artifacts are defined by their physical containers as it is a claim about what makes artifacts worthy of display. Yet a recent exhibition on the works of Salman Rushdie at Emory University, <title rend="quotes">A World Mapped by Stories: The Salman Rushdie Archive,</title> demonstrated not only the exhibition potential of just such born-digital objects, but also the potential ability of such objects to reveal their creator’s presence and intention. Emory developed emulations of Rushdie’s original computers to allow researchers not only to see but also manipulate the files as Rushdie did when he worked with them.<note>
                  <title rend="quotes">Salman Rushdie Archive to Open Feb. 26.</title> January 2010. <ref target="http://shared.web.emory.edu/emory/news/releases/2010/01/salman-rushdie-archive-to-open-at-emory.html">http://shared.web.emory.edu/emory/news/releases/2010/01/salman-rushdie-archive-to-open-at-emory.html</ref>. Accessed September 14, 2010.</note> At the exhibition, <quote rend="block">visitors can log onto a computer and see the screen that Mr. Rushdie saw, search his file folders as he did, and find out what applications he used. (Mac Stickies were a favorite.) They can call up an early draft of Mr. Rushdie’s 1999 novel, <title rend="italic">The Ground Beneath Her Feet,</title> and edit a sentence or post an editorial comment...It may even be possible in the future to examine literary influences by matching which Web sites a writer visited on a particular day with the manuscript he or she was working on at the time. <ptr target="#cohen2010"/>
                  <note>It should be noted that Emory is, at the time of this writing, unique in developing such an extensive emulation of a single collection. While their approach has garnered much admiration, emulation is also expensive and time-consuming, raising barriers to more widespread implementation. See <ptr target="#light2010"/>. For more on the benefits and challenges of emulation, see <ptr target="#testbed2003"/>; <ptr target="#rothenberg1995"/>.</note>
               </quote> 
            </p>
            <p>These materials, handwritten but not in the traditional sense, not only redefine the relationship between the body of the creator and the body of his work, but also invite questions about what constitutes a body in the first place. Rushdie himself described Emory’s archive as <quote rend="inline">my life with barcodes,</quote> imagining an existence defined and structured by digital apparatus; at the same time, alluding to a physical body behind the archive, he said of turning over his papers to Emory that <quote rend="inline">it does feel a bit like undressing in public</quote> 
               <ptr target="#williams2012"/>. Morris’s reluctance to imagine an exhibition of floppy disks, then, is indicative of a previous paradigm, in which an artifact’s content could not be separated from its container.<note>On the differences between physical and digital records, see <ptr target="#pearce-moses2008"/>; and <ptr target="#bearman1996"/>. The potential for migration of digital records as a means of preservation implies the changeability of the digital record’s container, although scholarship on this subject also acknowledges the ways in which migration can alter the record’s information. See <ptr target="#mellor2002"/>. </note> Nevertheless, the essential replicability and migratory capabilities of digital objects reveal that although content and carrier are sometimes interdependent, they are separate entities: digital information does not rely on its physical carrier in the same way as does analog information.<note>For articulations of this argument, see <ptr target="#testbed2003" loc="25–6"/>; and <ptr target="#swade1998"/>.</note> Yet, as Rushdie’s sense of nakedness suggests, the body of the creator and the body of his work cannot be severed from each other without discomfort, either. The Rushdie exhibition, then, offered visitors a new paradigm in which to consider a digital artifact’s value in the context of a physical as well as cultural and intellectual network, demonstrating how pixels may, in fact, be able to represent the <q>warmth</q> of human thought, effort, and intentionality, and, in the process, offering new ways of considering what an artifact essentially <emph>is</emph>. The convergence between archivists’ attempts to identify a digital object’s essential meaning and posthumanist concerns about the potential disposability of the human body presents the possibility for a profounder consideration of the ways in which the digital enhancement of handwriting, so closely allied with the hand as a synecdochic representation of the human body, facilitates discussion about what it means to be human in a digital age. </p>
            <p>In the Middle Ages, the inclusion of a sign of the cross on Edward the Confessor’s seal was an appropriation and reinterpretation of that older handwritten mark of authentication. Now, as we enter the first decades of the twenty-first century, the venerable technology of handwriting as a communicative medium has not yet disappeared. Rather, it has consistently functioned as an important site of cultural complexes about embodied identity, within and against which a growing array of new media continues to situate itself, a process that is bound up with the ways in which a growing array of biotechnologies are prompting continual remediations of the human body. Through these displays of the traces of human hands, then, the multivalent negotiations, frictions, and alliances between technologies and human bodies can come into view.</p>
         </div>
         </body>
      <back>
         <listBibl>
            <bibl label="Allyn et al. 1987" xml:id="allyn1987" key="allyn1987">Allyn, Nancy, Shawn Aubitz, and Gail F. Stern. <title rend="quotes">Using Archival Materials Effectively in Museum Exhibitions.</title> 
               <title rend="italic">American Archivist</title> 50:3 (Summer 1987): 402–404.</bibl>
            <bibl label="Antrim 2009" xml:id="antrim2009" key="antrim2009">Antrim, Sunny. <title rend="quotes">Handwriting Experts Analyze Astor Signature on Third Codicil.</title> ABC News (October 9, 2009). Available online at <ref target="http://abcnews.go.com/2020/Astor/">http://abcnews.go.com/2020/Astor/astor-signature-scrutiny-trial-handwriting-experts-give-analysis/story?id=8663195. Accessed March 27, 2012.</ref>
            </bibl>
            <bibl label="Ballard et al. 2006" xml:id="ballard2006" key="ballard2006">Ballard, Lucas, Daniel Lopresti, and Fabian Monrose. <title rend="quotes">Evaluating the Security of Handwriting Biometrics.</title> Proceedings of <title rend="italic">The 10th International Workshop on Frontiers in Handwriting Recognition (IWFHR06)</title>, La Baule, France, October 2006: 461–466.</bibl>
            <bibl label="Barraclough 1988"
                  xml:id="barraclough1988"
                  key="barraclough1988">Barraclough, G., ed. <title rend="italic">The Charters of the Anglo-Norman Earls of Chester</title>. Chester: Record Society of Lancashire and Cheshire, 1988.</bibl>
            <bibl label="Bearman 1996" xml:id="bearman1996" key="bearman1996">Bearman, David. <title rend="quotes">Item Level Control and Electronic Recordkeeping.</title> 
               <title rend="italic">Archives and Museum Informatics</title> 10:3 (December 1996): 195–245.</bibl>
            <bibl xml:id="bedos-rezak2000"
                  label="Bedos-Rezak 2000"
                  key="bedos-rezak2000">Bedos-Rezak, Brigitte. <title rend="quotes">Medieval Identity: A Sign and a Concept.</title> 
               <title rend="italic">American Historical Review</title> 105:5 (December 2000): 1489–1533. </bibl>
            <bibl label="Benjamin 1978b" xml:id="benjamin1978b" key="benjamin1978b">Benjamin, Walter. <title rend="quotes">The Work of Art in the Age of Mechanical Reproduction.</title> In <title rend="italic">Illuminations</title>, ed. Hannah Arendt, trans. Harry Zohn. New York: Schocken Books, 1978.</bibl>
            <bibl label="Bolter and Grusin 1999" xml:id="bolter1999" key="bolter1999">Bolter, Jay, and David Grusin. <title rend="italic">Remediation: Understanding New Media</title>. Cambridge: MIT Press, 1999.</bibl>
            <bibl label="Bosshard 1994" xml:id="bosshard1994" key="bosshard1994">Bosshard, Emil. <title rend="quotes">Paintings: The (Show) Case for Passive Climate Control.</title> In <title rend="italic">Care of Collections</title>, ed. Simon Knell. London: Routledge, 1994.</bibl>
            <bibl label="Bowen and Roberts 1993" xml:id="bowen1993" key="bowen1993">Bowen, Laurel, and Peter J. Roberts. <title rend="quotes">Exhibits: Illegitimate Children of Academic Libraries?</title> 
               <title rend="italic">College &amp; Research Libraries</title> 54 (September 1993): 407–415.</bibl>
            <bibl label="Brannock 2009" xml:id="brannock2009" key="brannock2009">Brannock, Jennifer. <title rend="quotes">Creating an Exhibit in Special Collections and Using It to Promote Collections and Educate Users.</title> 
               <title rend="italic">Mississippi Libraries</title> 73 (Summer 2009): 32–34.</bibl>
            <bibl label="Brazer and Wyman 2001" xml:id="brazer2001" key="brazer2001">Brazer, Susan, and Andrea Wyman. <title rend="quotes">Display Cases for Academic Libraries: Ten Tips for Display Case Persons.</title> 
               <title rend="italic">College and Research Libraries News</title> 62 (October 2001): 904–908.</bibl>
            <bibl label="Brenner 2009" xml:id="brenner2009" key="brenner2009">Brenner, Wayne Alan. <title rend="quotes">Another Shadow-Day Knight: The Harry Ransom Center uncasks the curious life and works of Edgar Allan Poe.</title> 
               <title rend="italic">Austin Chronicle </title>(September 11, 2009).</bibl>
            <bibl label="Brown and Power 2006c" xml:id="brown2006c" key="brown2006c">Brown, Mary E., and Rebecca Power. <title rend="italic">Exhibits in Libraries: A Practical Guide</title>. North Carolina: McFarland &amp; Company, 2006.</bibl>
           <bibl label="Callender 2002" xml:id="callender2002" key="callender2002">Callender, B. <title rend="quotes">The British Museum exhibits its kiosks.</title> August 29, 2002. Available online at <ref target="http://www.kioskmarketplace.com/article/175701/The-British-Museum-exhibits-its-kiosks">http://www.kioskmarketplace.com/article/175701/The-British-Museum-exhibits-its-kiosks</ref>. Accessed December 12, 2010. </bibl>
           <bibl label="Cannon 2000" xml:id="cannon2000" key="cannon2000">Cannon, Lou. <title rend="italic">President Reagan: Role of a Lifetime</title>. New York: PublicAffairs, 2000.</bibl>
            <bibl label="Casterline 1980"
                  xml:id="casterline1980"
                  key="casterline1980">Casterline, Gail Farr. <title rend="italic">Archives and Manuscripts: Exhibits</title>. Chicago: Society of American Archivists, 1980.</bibl>
            <bibl label="Clanchy 1993" xml:id="clanchy1993" key="clanchy1993">Clanchy, M. T. <title rend="italic">From Memory to Written Record: England 1066-1307</title>. Oxford: Blackwell, 1993.</bibl>
            <bibl label="Cohen 2010d" xml:id="cohen2010d" key="cohen2010d">Cohen, Patricia. <title rend="quotes">Fending Off Digital Decay, Bit by Bit.</title> 
               <title rend="italic">New York Times</title> (March 15, 2010).</bibl>
            <bibl label="Cotter 2010" xml:id="cotter2010" key="cotter2010">Cotter, Holland. <title rend="quotes">The Poet as Gardener and Tiger Lily.</title> 
               <title rend="italic">New York Times</title> (April 29, 2010).</bibl>
            <bibl label="Darvick 1985" xml:id="darvick1985" key="darvick1985">Darvick, Herman M. <title rend="quotes">Devoted Mother, Devoted Son.</title> 
               <title rend="italic">Pen and Quill</title> 18:1 (January/February 1985): 6–10.</bibl>
            <bibl label="Defense 2007" xml:id="defense2007" key="defense2007">Office of the Under Secretary of Defense For Acquisition, Technology, and Logistics.<title rend="italic"> Report of the Defense Science Board Task Force on Defense Biometrics</title>, March 2007.</bibl>
            <bibl label="Dekeyser 2006" xml:id="dekeyser2006" key="dekeyser2006">Dekeyser, Hannelore. <title rend="quotes">Authenticity in Bits and Bytes.</title> In <title rend="italic">Sign Here! Handwriting in the Age of New Media</title>, eds. Sonja Neef, José Van Dijck, and Eric Ketelaar. Amsterdam: Amsterdam UP, 2006.</bibl>
            <bibl label="Dierking and Falk 1998"
                  xml:id="dierking1998"
                  key="dierking1998">Dierking, Lynn, and John Falk. <title rend="quotes">Audience and Accessibility.</title> In <title rend="italic">The Virtual and the Real: Media in the Museum</title>, eds. Selma Thomas and Ann Mintz. Washington, D.C.: American Association of Museums, 1998.</bibl>
            <bibl label="Digital Preservation Testbed 2003"
                  xml:id="testbed2003"
                  key="testbed2003">
               <title rend="italic">Emulation: context and current status</title>. Digital Preservation Testbed. The Hague, The Netherlands, June 2003.</bibl>
            <bibl label="Dilevko and Gottlieb 2003"
                  xml:id="dilevko2003"
                  key="dilevko2003">Dilevko, Juris, and Lisa Gottlieb. <title rend="quotes">Resurrecting a Neglected Idea: The Reintroduction of Library-Museum Hybrids.</title> 
               <title rend="italic">Library Quarterly</title> 73:2 (April 2003): 160–198.</bibl>
            <bibl label="Dutka et al. 2002" xml:id="dutka2002" key="dutka2002">Dutka, Andrew, Sherman Hayes, and Jerry Parnell. <title rend="quotes">The surprise part of a librarian’s life: exhibition design and preparation course.</title> 
               <title rend="italic">College &amp; Research Libraries News </title>63:1 (January 2002): 19–22.</bibl>
            <bibl label="Everhart 1989" xml:id="everhart1989" key="everhart1989">Everhart, Nancy. <title rend="italic">Library Displays</title>. Metuchen, NJ: Scarecrow Press, 1989.</bibl>
            <bibl label="Foucault 1980" xml:id="foucault1980" key="foucault1980">Foucault, Michel. <title rend="quotes">The Politics of Health in the Eighteenth Century.</title> In Foucault, <title rend="italic">Power/Knowledge</title>, ed. and trans. Colin Gordon. New York: Pantheon Books, 1980.</bibl>
            <bibl label="Foucault 1990" xml:id="foucault1990" key="foucault1990">Foucault, Michel. <title rend="quotes">Right of Death and Power over Life.</title> In Foucault, <title rend="italic">History of Sexuality</title>, vol. 1, trans. Robert Hurley. New York: Vintage, 1990.</bibl>
            <bibl label="Gaur 1992" xml:id="gaur1992" key="gaur1992">Gaur, Albertine. <title rend="italic">A History of Writing</title>. London: British Library, 1992.</bibl>
            <bibl label="Gordon 1994" xml:id="gordon1994" key="gordon1994">Gordon, Michael R. <title rend="quotes">In Poignant Public Letter, Reagan Reveals That He Has Alzheimer’s.</title> 
               <title rend="italic">New York Times</title> (November 6, 1994).</bibl>
            <bibl label="Griffiths 2003" xml:id="griffiths2003" key="griffiths2003">Griffiths, Alison. <title rend="quotes">Media Technology and Museum Display: A Century of Accommodation and Conflict.</title> In <title rend="italic">Rethinking Media Change</title>, eds. David Thorburn and Henry Jenkins. Cambridge: MIT Press, 2003.</bibl>
            <bibl xml:id="grusin2006" label="Grusin 2006" key="grusin2006">Grusin, Richard. <title rend="quotes">Signature Identity Content: Handwriting in an Age of Digital Remediation.</title> In <title rend="italic">Sign Here! Handwriting in the Age of New Media</title>, eds. Sonja Neef, José Van Dijck, and Eric Ketelaar. Amsterdam: Amsterdam UP, 2006.</bibl>
            <bibl label="Halliwell and Mousley 2003"
                  xml:id="halliwell2003"
                  key="halliwell2003">Halliwell, Martin, and Andy Mousley. <title rend="italic">Critical Humanisms: Humanist, Anti-humanist Dialogues</title>. Edinburgh: Edinburgh UP, 2003.</bibl>
            <bibl label="Haraway 1997" xml:id="haraway1997" key="haraway1997">Haraway, Donna. <title rend="italic">Modest Witness@Second_Millenium</title>. New York: Routledge, 1997.</bibl>
            <bibl label="Haraway 2004a" xml:id="haraway2004a" key="haraway2004a">Haraway, Donna. <title rend="italic">The Haraway Reader</title>. New York: Routledge, 2004.</bibl>
            <bibl label="Hayles 1999" xml:id="hayles1999" key="hayles1999">Hayles, Katherine. <title rend="italic">How We Became Posthuman</title>. Chicago: U of Chicago P, 1999.</bibl>
            <bibl label="Harvard 1987" xml:id="harvard1987" key="harvard1987">Harvard University Library. <title rend="italic">Guidelines for Exhibitions</title>. Cambridge: Harvard University Library, 1987.</bibl>
            <bibl label="Harvey and McGuinness 1996"
                  xml:id="harvey1996"
                  key="harvey1996">Harvey, P. D. A., and Andrew McGuinness. <title rend="italic">A Guide to British Medieval Seals</title>. London: British Library, 1996.</bibl>
            <bibl label="Hedstrom 2002" xml:id="hedstrom2002" key="hedstrom2002">Hedstrom, Margaret, and Christopher Lee. <title rend="quotes">Significant Properties of Digital Objects: Definitions, Applications, Implications.</title> Proceedings of the DLM-Forum, 2002.</bibl>
            <bibl label="Hedstrom et al. 2006"
                  xml:id="hedstrom2006"
                  key="hedstrom2006">Hedstrom, Margaret, Christopher Lee, Judith Olson, and Clifford Lampe. <title rend="quotes">
                  <q>The Old Version Flickers More</q>: Digital Preservation from the User’s Perspective.</title> 
               <title rend="italic">The American Archivist</title> 69 (Spring/Summer 2006): 159–187.</bibl>
            <bibl label="Heidegger 1992" xml:id="heidegger1992" key="heidegger1992">Heidegger, Martin. <title rend="quotes">Parmenides. Freiburger Vorlesung im Wintersemester 1942/43.</title> In <title rend="italic">Heidegger Gesaumtausgabe. II. Abteilung: Vorlesungen 1923-44</title>, Band 54, ed. Manfred S. Frings. Frankfurt am Main: Klostermann, 1992 (1942–43). </bibl>
            <bibl label="Henning 2006" xml:id="henning2006" key="henning2006">Henning, Michelle. <title rend="quotes">New Media.</title> 
               <title rend="italic">Companion to Museum Studies</title>, ed. Sharon Macdonald. Oxford: Blackwell Publishers, 2006.</bibl>
            <bibl label="Hill 1986" xml:id="hill1986" key="hill1986">Hill, George Birkbeck. <title rend="italic">Talks About Autographs</title>. Boston: Houghton Mifflin, 1896.</bibl>
            <bibl label="Keene 1998" xml:id="keene1998" key="keene1998">Keene, Suzanne. <title rend="italic">Digital Collections: Museums and the Information Age</title>. Oxford: Butterworth-Heinemann, 1998.</bibl>
            <bibl label="Kemp and Witschi 1997" xml:id="kemp1997" key="kemp1997">Kemp, Jane, and Laura Witschi. <title rend="italic">Displays and Exhibits in College Libraries</title>. Chicago: Association of College and Research Libraries, 1997.</bibl>
            <bibl label="King 2009b" xml:id="king2009b" key="king2009b">King, Jennifer. <title rend="quotes">Poetic or Poesque: Edgar Allan Poe Exhibit at the Harry Ransom Center.</title> 
               <title rend="italic">Austin Post</title> (September 15, 2009).</bibl>
            <bibl label="Lenoir 2002" xml:id="lenoir2002" key="lenoir2002">Lenoir, Timothy. <title rend="quotes">Makeover: Writing the Body into the Posthuman Technoscape: Part One: Embracing the Posthuman.</title> 
               <title rend="italic">Configurations</title> 10:2 (Spring 2002): 203–220.</bibl>
            <bibl label="Levenson 1998" xml:id="levenson1998" key="levenson1998">Levenson, Jay. <title rend="quotes">Digital Imaging and Issues of Authenticity.</title> In <title rend="italic">The Virtual and the Real: Media in the Museum</title>, eds. Selma Thomas and Ann Mintz. Washington, D.C.: American Association of Museums, 1998.</bibl>
           <bibl label="Light 2010" xml:id="light2010" key="light2010">Light, Michelle. <title rend="italic">Designing a Born Digital Archive</title>. Presented at <title rend="quotes">Time Will Tell, But Epistemology Won’t: In Memory of Richard Rorty,</title> A Symposium to Celebrate Richard Rorty’s Archive, University of California at Irvine, May 14, 2010. Available at <ref target="http://escholarship.org/uc/item/8wf5w4nk">http://escholarship.org/uc/item/8wf5w4nk</ref>. Accessed September 15, 2010.</bibl>
            <bibl label="Macdonald 1998" xml:id="macdonald1998" key="macdonald1998">Macdonald, Sharon. <title rend="quotes">Introduction.</title> In <title rend="italic">Politics of Display</title>, ed. Sharon Macdonald. London: Routledge, 1998.</bibl>
            <bibl label="Madigan 1930" xml:id="madigan1930" key="madigan1930">Madigan, Thomas. <title rend="italic">Word Shadows of the Great: the Lure of Autograph Collecting</title>. New York: Frederick A. Stokes, 1930.</bibl>
            <bibl label="Manovich 2001" xml:id="manovich2001" key="manovich2001">Manovich, Lev. <title rend="italic">The Language of New Media</title>. Cambridge: MIT Press, 2001.</bibl>
            <bibl label="McCutcheon 1925"
                  xml:id="mccutcheon1925"
                  key="mccutcheon1925">McCutcheon, George Barr. <title rend="italic">Books Once Were Men: An Essay for Booklovers</title>. New York: Dodd, Mead, 1925.</bibl>
            <bibl label="Mellor et al. 2002" xml:id="mellor2002" key="mellor2002">Mellor, Phil, Paul Wheatley, and Derek Sergeant. <title rend="quotes">Migration on Request, a Practical Technique for Preservation.</title> In <title rend="italic">Research and Advanced Technology for Digital Libraries: 6th European Conference, ECDL 2002 Rome, Italy, September 16–18, 2002 Proceedings</title>, <title rend="italic">Lecture Notes in Computer Science</title>. Berlin: Springer, 2002.</bibl>
            <bibl label="Miller 2010a" xml:id="miller2010a" key="miller2010a">Miller, Claire. <title rend="quotes">To Win Over Users, Gadgets Have to Be Touchable.</title> 
               <title rend="italic">New York Times </title>(September 1, 2010).</bibl>
            <bibl label="Mintz 1994" xml:id="mintz1994" key="mintz1994">Mintz, Ann. <title rend="quotes">That’s Edutainment!</title> 
               <title rend="italic">Museum News</title> 73:6 (November/December 1994): 32–35.</bibl>
            <bibl label="E. Morris 1995a" xml:id="morris1995a" key="morris1995a">Morris, Edmund. <title rend="quotes">Life and Letters: This Living Hand.</title> 
               <title rend="italic">The New Yorker</title> (January 16, 1995).</bibl>
            <bibl label="L. Morris 2006" xml:id="morris2006" key="morris2006">Morris, Leslie. <title rend="quotes">Foreword.</title> In <title rend="italic">Emily Dickinson’s Herbarium: A Facsimile Edition</title>. Cambridge: Belknap Press of Harvard UP, 2006.</bibl>
            <bibl label="Morrissey 1991" xml:id="morrissey1991" key="morrissey1991">Morrissey, Kristine. <title rend="quotes">Visitor Behavior and Interactive Video.</title> 
               <title rend="italic">Curator</title> 34:2 (June 1991): 109–118.</bibl>
            <bibl label="Neef 2006b" xml:id="neef2006b" key="neef2006b">Neef, Sonja. <title rend="quotes">Authentic Events: The Diaries of Anne Frank and the Alleged Diaries of Adolf Hitler.</title> In <title rend="italic">Sign Here! Handwriting in the Age of New Media</title>, eds. Sonja Neef, José Van Dijck, and Eric Ketelaar. Amsterdam: Amsterdam University Press, 2006.</bibl>
            <bibl label="Neef and Van Dijck 2006"
                  xml:id="vandijck2006"
                  key="vandijck2006">Neef, Sonja, and José Van Dijck. <title rend="quotes">Introduction.</title> In <title rend="italic">Sign Here! Handwriting in the Age of New Media</title>, eds. Sonja Neef, José Van Dijck, and Eric Ketelaar. Amsterdam: Amsterdam UP, 2006.</bibl>
            <bibl label="Nicholls 2003" xml:id="nicholls2003" key="nicholls2003">Nicholls, Catherine. <title rend="quotes">Exhibiting Evidence: A Case Study.</title> 
               <title rend="italic">Archivaria</title> 55 (Spring 2003): 27–42.</bibl>
            <bibl label="Olyanova 1929" xml:id="olyanova1929" key="olyanova1929">Olyanova, Nadya. <title rend="italic">What Does Your Handwriting Reveal?</title> New York: Grosset and Dunlap, 1929.</bibl>
            <bibl label="Ong 1982" xml:id="ong1982" key="ong1982">Ong, Walter. <title rend="italic">Orality and Literacy: The Technologizing of the Word</title>. London: Methuen, 1982.</bibl>
            <bibl label="Osborne 1997" xml:id="osborne1997" key="osborne1997">Osborne, Thomas. <title rend="quotes">Of Health and Statecraft.</title> In <title rend="italic">Foucault: Health and Medicine</title>, eds. Alan Petersen and Robert Bunton. London: Routledge, 1997.</bibl>
            <bibl label="O'Toole 2006" xml:id="otoole2006" key="otoole2006">O’Toole, James. <title rend="quotes">Between Veneration and Loathing: Loving and Hating Documents.</title> In <title rend="italic">Archives, Documentation, and Institutions of Social Memory</title>, eds. Francis Blouin Jr. and William Rosenberg. Ann Arbor: U of Michigan P, 2006.</bibl>
            <bibl label="Pearce-Moses and Davis 2008"
                  xml:id="pearce-moses2008"
                  key="pearce-moses2008">Pearce-Moses, Richard, and Susan E. Davis, eds.<title rend="italic"> New Skills for a Digital Era Colloquium Proceedings</title>. Chicago: Society of American Archivists, 2008.</bibl>
            <bibl label="Ponot 2002" xml:id="ponot2002" key="ponot2002">Ponot, René. <title rend="quotes">The History of Typographic Forms in Europe.</title> In <title rend="italic">A History of Writing: From Hieroglyph to Multimedia</title>, ed. Anne-Marie Christin, trans. Josephine Bacon, Deke Dusinbere, Ian McMorran, and David Stanton. Paris: Flammarion, 2002.</bibl>
            <bibl label="Prior 2003" xml:id="prior2003" key="prior2003">Prior, Nick. <title rend="quotes">Having One’s Tate and Eating It: Transformations of the Museum in a Hypermodern Era.</title> In <title rend="italic">Art and its Publics: Museum Studies at the Millenium</title>, ed. Andrew McClellan. Malden: Blackwell, 2003.</bibl>
            <bibl label="Reagan 2003" xml:id="reagan2003" key="reagan2003">Reagan, Ronald. <title rend="italic">Reagan: A Life in Letters</title>, eds. Kiron Skinner, Annelise Anderson, and Martin Anderson, with foreword by George Schultz. New York: Free Press, 2003.</bibl>
            <bibl label="Rice 1927" xml:id="rice1927" key="rice1927">Rice, Louise. <title rend="quotes">Yourself — As in A Mirror.</title> 
               <title rend="italic">Pictorial Review</title> (April 1927).</bibl>
            <bibl label="Reed 1995" xml:id="reed1995" key="reed1995">Reed, Mack. <title rend="quotes">Letter About Reagan Illness to be Shown.</title> 
               <title rend="italic">Los Angeles Times</title> (January 26, 1995).</bibl>
            <bibl label="Rigg 1905" xml:id="rigg1905" key="rigg1905">Rigg, J. M., ed. <title rend="italic">Calendar of the Plea Rolls of the Exchequer of the Jews</title>, vol. 1. London: Macmillan and Co., 1905.</bibl>
            <bibl label="Rose 1994" xml:id="rose1994" key="rose1994">Rose, Nikolas. <title rend="quotes">Medicine, History and the Present.</title> In <title rend="italic">Reassessing Foucault: Power, Medicine, and the Body</title>, eds. Colin Jones and Roy Porter. London: Routledge, 1994.</bibl>
            <bibl label="Rothenberg 1995"
                  xml:id="rothenberg1995"
                  key="rothenberg1995">Rothenberg, Jeff. <title rend="quotes">Ensuring the Longevity of Digital Information.</title> 
               <title rend="italic">Scientific American</title> 272:1 (January 1995): 42–47.</bibl>
            <bibl label="Rothstein 2008" xml:id="rothstein2008" key="rothstein2008">Rothstein, Edward. <title rend="quotes">We Hold These Truths to Be User-Accessible and in Hypertext.</title> 
               <title rend="italic">New York Times</title> (April 12, 2008).</bibl>
            <bibl label="Schwartzburg 2010"
                  xml:id="schwartzburg2010"
                  key="schwartzburg2010">Schwartzburg, Molly, former Cline Curator of Literature at the Harry Ransom Center. Personal interview with author, November 1, 2010.</bibl>
            <bibl label="Sell 2010" xml:id="sell2010" key="sell2010">Sell, Jill. <title rend="quotes">New York Botanical Garden Features Emily Dickinson Exhibit.</title> 
               <title rend="italic">The Cleveland Plain Dealer</title> (May 2, 2010).</bibl>
            <bibl label="Shaddy 2000" xml:id="shaddy2000" key="shaddy2000">Shaddy, Robert. <title rend="italic">Books and Book Collecting in America, 1890-1930</title>. Lewiston: Edwin Mellen Press, 2000.</bibl>
            <bibl label="Silver 1967" xml:id="silver1967" key="silver1967">Silver, Rollo G. <title rend="italic">The American Printer, 1787-1825</title>. Charlottesville: UP of Virginia, 1967.</bibl>
            <bibl label="Sinon 2010" xml:id="sinon2010" key="sinon2010">Sinon, Stephen, Head of Information Services and Archives at the LuEsther T. Mertz Library of the New York Botanical Garden. E-mail message to author, October 22, 2010.</bibl>
            <bibl label="Stevenson 1994" xml:id="stevenson1994" key="stevenson1994">Stevenson, J. <title rend="quotes">Getting to Grips.</title> 
               <title rend="italic">Museums Journal</title> 94:5 (May 1994): 30–32.</bibl>
            <bibl label="Snyder 1990" xml:id="snyder1990" key="snyder1990">Snyder, Jill. <title rend="italic">Caring for Your Art</title>. New York: Allworth Press, 1990.</bibl>
            <bibl label="Swade 1998" xml:id="swade1998" key="swade1998">Swade, Doron. <title rend="quotes">Preserving Software in an Object-Centred Culture.</title> In <title rend="italic">History and Electronic Artefacts</title>, ed. Edward Higgs. Oxford: Clarendon Press, 1998.</bibl>
            <bibl label="Tedeschi 1997" xml:id="tedeschi1997" key="tedeschi1997">Tedeschi, Anne. <title rend="italic">Book Displays: A Library Exhibits Handbook</title>. Ft. Atkinson, WI: Highsmith Press, 1997.</bibl>
            <bibl label="Thomas 1998" xml:id="thomas1998" key="thomas1998">Thomas, Selma. <title rend="quotes">Mediated Realities: A Media Perspective.</title> In <title rend="italic">The Virtual and the Real: Media in the Museum</title>, eds. Selma Thomas and Ann Mintz. Washington DC: American Association of Museums, 1998.</bibl>
            <bibl label="Thornton 1996" xml:id="thornton1996" key="thornton1996">Thornton, Tamara. <title rend="italic">Handwriting in America: A Cultural History</title>. New Haven: Yale UP, 1996. </bibl>
            <bibl label="Waldby 2000" xml:id="waldby2000" key="waldby2000">Waldby, Catherine. <title rend="italic">The Visible Human Project: Informatic Bodies and Posthuman Medicine</title>. London: Routledge, 2000.</bibl>
            <bibl label="Weil 2002" xml:id="weil2002" key="weil2002">Weil, Stephen. <title rend="italic">Making Museums Matter</title>. Washington, D. C.: Smithsonian Institution Press, 2002.</bibl>
           <bibl label="Williams 2012" xml:id="williams2012" key="williams2012">Williams, Kimber. <title rend="quotes">Rushdie: Digital Archive at Emory <q>Allowed Me to Write Memoir.</q>
               </title> Emory News Report (March 14, 2012). Available online at <ref target="http://news.emory.edu/stories/2012/03/er_rushdie_digital_archives_memoris/campus.html">http://news.emory.edu/stories/2012/03/er_rushdie_digital_archives_memoris/campus.html</ref>. Accessed March 27, 2012.</bibl>
            <bibl label="Witcomb 2006" xml:id="witcomb2006" key="witcomb2006">Witcomb, Andrea. <title rend="quotes">Interactivity: Thinking Beyond.</title> In <title rend="italic">Companion to Museum Studies</title>, ed. Sharon Macdonald. Oxford: Blackwell Publishers, 2006.</bibl>
            <bibl label="Wolfe 2009" xml:id="wolfe2009" key="wolfe2009">Wolfe, Cary. <title rend="italic">What is Posthumanism?</title> Minneapolis: U of Minnesota P, 2009.</bibl>
            <bibl label="Woodward 2003" xml:id="woodward2003" key="woodward2003">Woodward, John. <title rend="italic">Biometrics: Identity Assurance in the Information Age</title>. Berkeley: McGraw-Hill/Osborne, 2003.</bibl>
         </listBibl>
         
      </back>
   </text>
</TEI>
