<?xml version="1.0" encoding="UTF-8"?>
<?oxygen RNGSchema="../../common/schema/DHQauthor-TEI.rng" type="xml"?>
<?oxygen SCHSchema="../../common/schema/dhqTEI-ready.sch"?>
<TEI xmlns="http://www.tei-c.org/ns/1.0"
     xmlns:cc="http://web.resource.org/cc/"
     xmlns:rdf="http://www.w3.org/1999/02/22-rdf-syntax-ns#"
     xmlns:dhq="http://www.digitalhumanities.org/ns/dhq">
    <teiHeader>
        <fileDesc>
            <titleStmt>
                <title type="article">Digital Humanities: On Finding the Proper Balance between Qualitative and Quantitative Ways of Doing Research in the Humanities</title>
                <dhq:authorInfo>
                    <dhq:author_name>Helle <dhq:family>Porsdam</dhq:family>
               </dhq:author_name>
                    <dhq:affiliation>University of Copenhagen</dhq:affiliation>
                    <email>porsdam@hum.ku.dk</email>
                    <dhq:bio>
                  <p>A Professor of American Studies at the University of Copenhagen, Denmark, Helle Porsdam teaches American history as well as the culture and history of human rights. She holds a PhD in American Studies from Yale University, has been a Liberal Arts Fellow twice at the Harvard Law School, an Arcadia Fellow at Wolfson College, Cambridge and a Fellow of the Center for Advanced Study, Munich. Among her books may be mentioned <title rend="italic">Legally Speaking: Contemporary American Culture and the Law</title> (University of Massachusetts Press, 1999), <title rend="italic">From Civil to Human Rights: Dialogues on Law and Humanities in the United States and Europe</title> (Edward Elgar, UK, 2009), <title rend="italic">Copyright and Other Fairy Tales: Hans Christian Andersen and the Commodification of Creativity</title> and <title rend="italic">Civil Religion, Human Rights and International Relations: Connecting People Across Cultures and Traditions</title>, which she edited for Edward Elgar in 2006 and 2012, respectively. She is the project leader of a HERA (Humanities in the European Research Area, ESF) project on copyright, creativity and cultural heritage institutions (2010-2013).</p>
               </dhq:bio>
                </dhq:authorInfo>
            </titleStmt>
            <publicationStmt>
                <!-- This information will be completed at publication -->
              <idno type="DHQarticle-id">000167</idno>
                <idno type="volume">007</idno>
                <idno type="issue">3</idno>
                <date/>
                <dhq:articleType>article</dhq:articleType>
                <availability>
               <cc:License rdf:about="http://creativecommons.org/licenses/by-nc-nd/2.5/"/>
            </availability>
            </publicationStmt>
            
            <sourceDesc>
                <p>This is the source</p>
            </sourceDesc>
        </fileDesc>
        <encodingDesc>
            <classDecl>
                <taxonomy xml:id="dhq_keywords">
                    <bibl>DHQ classification scheme; full list available at <ref target="http://www.digitalhumanities.org/dhq/taxonomy.xml">http://www.digitalhumanities.org/dhq/taxonomy.xml</ref>
               </bibl>
                </taxonomy>
                <taxonomy xml:id="authorial_keywords">
                    <bibl>Keywords supplied by author; no controlled vocabulary</bibl>
                </taxonomy>
            </classDecl>
        </encodingDesc>
        <profileDesc>
            <langUsage>
                <language ident="en"/>
            </langUsage>
            <textClass>
                <keywords scheme="#dhq_keywords">
                    <!-- Authors may suggest one or more keywords from the DHQ keyword list, visible at http://www.digitalhumanities.org/dhq/taxonomy.xml; these may be supplemented or modified by DHQ editors -->
                    <list type="simple">
                        <item/>
                    </list>
                </keywords>
                <keywords scheme="#authorial_keywords">
                    <!-- Authors may include one or more keywords of their choice -->
                    <list type="simple">
                        <item/>
                    </list>
                </keywords>
            </textClass>
        </profileDesc>
        <revisionDesc>
            <!-- Each change should include @who and @when as well as a brief note on what was done. -->
            <change when="2013-12-19" who="DN">Encoded article</change>
        </revisionDesc>
    </teiHeader>

    <text>
        <front>
            <dhq:abstract>
                <p>Are we currently confusing being connected with communicating - and does the sort of communication people are typically engaging in on the Internet, in social media and when they use their mobile phones merely lead to superficial rather than meaningful dialogue? If this is the case, it ought to concern Digital Humanities (DH) scholars, many of whom continue to be more interested in how we connect than in the substance and dialogue of that very connectedness. I would like to argue for a better balance between the <soCalled>how</soCalled> and the <soCalled>what</soCalled> of DH - for a qualitative turn of sorts away from an interest in gaining and making accessible more information only, to an interest in also making sense of and understanding that information. For such a turn, computer scientists need input from the humanities whose specialty has always been to turn information into knowledge by means of critical interpretation and contextualization.</p>
            </dhq:abstract>
            <dhq:teaser>
                <p>Fox, hedgehog, or hedgefox?</p>
            </dhq:teaser>
        </front>
        <body>
            <p>Are we currently confusing being connected with communicating - and does the sort of communication people are typically engaging in on the Internet, in social media and when they use their mobile phones merely lead to superficial rather than meaningful dialogue?<ptr target="#ramadan2013"/> If this is the case, it ought to concern Digital Humanities (DH) scholars, many of whom continue to be more interested in how we connect than in the substance and dialogue of that very connectedness. I would like to argue for a better balance between the <soCalled>how</soCalled> and the <soCalled>what</soCalled> of DH - for a qualitative turn of sorts away from an interest in gaining and making accessible more information <emph>only</emph>, to an interest in <emph>also</emph> making sense of and understanding that information. For such a turn, computer scientists need input from the humanities whose specialty has always been to turn information into knowledge by means of critical interpretation and contextualization.</p>
            <p>The arguments made by Anne Burdick, Johanna Drucker, Peter Lunenfeld, Todd Presner and Jeffrey Schnapp in <title rend="italic">Digital_Humanities</title> (2012) may serve as an illustration. For these authors, the core human values of DH are the digital enfranchisement of the public and the promotion of a core curriculum for undergraduates that will <cit>
               <quote rend="inline">make them active participants and stakeholders in the creation and preservation of cultural materials.</quote>
               <ptr target="#burdick2012" loc="23"/>
            </cit> In terms of humanities scholarship Burdick, et al. hope that the constant spread of information and knowledge across networks may give rise to <cit>
               <quote rend="inline">a state of <soCalled>ubiquitous scholarship,</soCalled> of ever-more interconnected, publicly engaged, participant citizens.</quote>
               <ptr target="#burdick2012" loc="30"/>
            </cit> Again, the idea is to democratize, to reach out to broader publics and to have the university scholar work together with the citizen or amateur scholar. The <soCalled>read-only</soCalled> ethos of the old humanities should be replaced with a <soCalled>read/write/rewrite</soCalled> ethos rooted in making - highlighting <quote rend="inline">the processes of design and the creation of the experiential, the social, and the communal.</quote> Indeed, <cit>
               <quote rend="inline">authorship is design and design is authorship.</quote>
               <ptr target="#burdick2012" loc="83"/>
            </cit> The kind of scholarship that this results in is <quote rend="inline">by definition, applied.</quote> It is scholarship that values the <soCalled>how</soCalled> over the <soCalled>what</soCalled> and that is much closer to what the Greek poet Archilochus, and later also Isaiah Berlin, referred to as <soCalled>fox</soCalled> knowledge rather than <soCalled>hedgehog</soCalled> knowledge.<ptr target="#burdick2012" loc="93, 57"/>
         </p>
            <p>It is not, the authors of <title rend="italic">Digital_Humanities</title> assure us, that deep, specialized knowledge of the kind that humanities scholars used to be fond of and excel at - hedgehog knowledge - is useless. It is just that <cit>
               <quote rend="inline">there can be little doubt that the technologies that give rise to the Digital Humanities push us - scholars, students, and citizens alike - into the fox family. The nature of discourse and debate in networks, the reality of study in multimedia environments, and the inexorable splintering of attention that multiple windows and channels afford lead to pursuing <soCalled>many ends</soCalled>.</quote>
               <ptr target="#burdick2012" loc="97"/>
            </cit> If at all possible, we should not give up - at least not yet and not entirely - on that <soCalled>inner hedgehog</soCalled> but instead try to create <soCalled>hedgefoxes</soCalled>: hybrid creatures who combine the hedgehog’s ability to go deep with the fox’s wide-ranging curiosity.<ptr target="#burdick2012" loc="97–98"/>
         </p>
            <p>Toward the very end of <title rend="italic">Digital_Humanities</title>, however, we are told that: 
                <cit>
               <quote rend="block">The prevailing research culture of the Digital Humanities will become entrepreneurial, much like design or certain areas of contemporary engineering and the sciences are… The digital humanist’s sense of identity will be less anchored in a discipline or disciplinary specialty than in a sense of <emph>belonging to a community of practice within which tools and methods are primary and objects of study are secondary considerations</emph>.</quote>
               <dhq:citRef>
                  <ptr target="#burdick2012" loc="117"/> (my emphasis)</dhq:citRef>
            </cit>
         </p>
            <p>This sounds very much like a dismissal of the possibility described earlier of creating hedgefoxes - of somehow also cherishing that part of humanities scholarship which is based on the hedgehog’s ability to work long and hard and with intense rigor on one particular topic. Are Burdick, et al. telling us, we cannot help wondering at this point, that humanities scholarship will only be concerned with process, form, design - in short, the <soCalled>how</soCalled> - after all? What happened to the <soCalled>what</soCalled> - and what happened to those very central questions asked a few pages earlier: <cit>
               <quote rend="inline">How can the Digital Humanities keep the ways of the hedgehog alive in the era of the fox’s ascendance? How do we inject deep digs into the free-ranging ways of networked scholarship?</quote>
               <ptr target="#burdick2012" loc="98"/>
            </cit>
         </p>
            <p>To this reader, these last two questions posed by Burdick, et al. are the very questions that Digital Humanities (DH) scholars ought to become more interested in answering at the present moment. If none of the willingness to discuss the <soCalled>what</soCalled> and to encourage hedgehog competences survives, then the humanities and its scholars will stand in danger of losing core competences such as engaging with <cit>
               <quote rend="inline">questions of value and interpretation, with the realms of rhetoric as well as logic, with subjective judgment alongside attention to verifiable truths.</quote>
               <ptr target="#burdick2012" loc="4"/>
            </cit> Seeking to be like the social sciences and the natural sciences by appropriating quantifying methods and approaches will not make the humanities less, but more obsolete.</p>
            <p>In the following, it is the <soCalled>what</soCalled> that concerns me rather than the <soCalled>how</soCalled> - scholarly arguments rather than concrete DH practices. Though teaching and core curricula are - and should be - related to scholarship in obvious ways, the pursuit of basic knowledge and cognition in humanities research merits our attention in and of itself, it seems to me. The more widespread the use of digital technology becomes, and the more humanities scholars start working through as opposed to merely with computers, the more important it becomes for us to look at the ways in which digital technologies transform knowledge production and scholarly research.</p>
            <p>Arguing for the need to find a better balance between the <soCalled>how</soCalled> of the new digital methods and technologies and the <soCalled>what</soCalled> of older, more traditional humanities methods, my article will be divided into three parts. I will start by discussing the wish, expressed by some DH scholars, for a new, digital <term xml:lang="de">Bildung</term>. What does this <term xml:lang="de">Bildung</term> consist of, how will it be propagated and what role will it conceivably play in rethinking the humanities? The second part of the article discusses the encounter between what C.P. Snow once called the <title rend="quotes">Two Cultures</title>: the arts and humanities on the one hand, and the natural and technological sciences on the other. DH is one hybrid meeting point between the two cultures and it is no coincidence that the <quote rend="inline">two cultures</quote> debate has since come to be echoed in various DH connections. Part three concerns what Arthur Schlesinger Jr. in 1962 referred to as the <quote rend="inline">mystique</quote> of quantitative research: the hegemonic drive of the quantitative approach. Questioning, a mere six months after F.R. Leavis had delivered a vicious response to Snow’s <title rend="quotes">Two Cultures</title> lecture, the assumption that quantitative research can handle everything, Schlesinger essentially repeated Leavis’ main arguments.</p>
            <p>Leavis and Schlesinger were right, I conclude, in pointing to the problems inherent in the wish to quantify humanities teaching and scholarship - a wish that is today often repeated by DH scholars.</p>
            <div> 
                <head>I. The background: DH, digital <term xml:lang="de">Bildung</term> and the future of the humanities</head>
            <p>As David M. Berry sees it, the time has now come for a third-wave Digital Humanities. Neither the first- nor the second-wave DH, as they have been described by e.g. Todd Presner and Jeffrey Schnapp in their <title rend="italic">Digital Humanities Manifesto 2.0</title> from 2009,
            <note>
                  <emph>The original</emph> Digital Humanities Manifesto was authored by Todd Presner (UCLA) and Jeffrey Schnapp (Harvard University), for the Mellon Seminars in Digital Humanities at UCLA. The 26 statements of the original Digital Humanities Manifesto then evolved into the 50 positions of Version 2.0 from 2009 which is available at <ref target="http://www.humanitiesblast.com/manifesto/Manifesto_V2.pdf">http://www.humanitiesblast.com/manifesto/Manifesto_V2.pdf</ref> (last accessed on February 28, 2013). The quotations used in this paper are from this document.
            </note> squarely confronts the core expectations and views typically held by humanities scholars - those <cit>
                  <quote rend="inline">unspoken assumptions and ontological foundations which support the <soCalled>normal</soCalled> research that humanities scholars undertake on an everyday basis,</quote>
                  <ptr target="#berry2012" loc="4"/>
               </cit> according to Berry.</p>
                <p>At the very center of Berry’s third-wave Digital Humanities is the notion of a digital <term xml:lang="de">Bildung</term> or <term>computational literacy</term>.
            <note>
                  <cit>
                     <quote rend="inline">In short, <term xml:lang="de">Bildung</term> is still a key idea in the digital university, not as a subject trained in a vocational fashion to perform instrumental labour, nor as a subject skilled in a national literary culture, but rather as a subject which can unify the information that society is now producing at increasing rates, and which understands new methods and practices of critical reading (code, data visualisation, patterns, narrative) and is open to new methods of pedagogy to facilitate it.</quote>
                     <ptr target="#berry2012" loc="14–15"/>
                  </cit>
               </note> This is a literacy which responds to what many have described as the current <soCalled>computational turn</soCalled> and which not only understands culture through digital technology, but also wishes to explore the cultural dimension of computation. The classical kind of <term xml:lang="de">Bildung</term> - the one we know from German Enlightenment thought which involved the regulating force of philosophy and rational thinking in some form, and which promised help in finding order and meaning in the shape of <cit>
                  <quote rend="inline">the professor who tells you what you should be looking up and the <soCalled>three arguments in favour of it</soCalled> and the <soCalled>three arguments against it</soCalled>,</quote>
                  <ptr target="#berry2012" loc="8"/>
               </cit> as Berry puts it - is no longer sufficient. In order to cope with the digital onslaught of data and information to which we are subjected on a daily basis today, we need a different kind of rationality: a computational rationality which is directed toward neither the past nor the future, but instead toward the here and now in an attempt to <cit>
                  <quote rend="inline">
                     <term xml:lang="de">Jetztzeit</term>-mediate,</quote>
                  <ptr target="#berry2012" loc="9"/>
               </cit> Berry writes, using a term from Walter Benjamin.</p>
            <p>What we are potentially looking at here, according to Berry, is nothing short of a Kuhnian paradigm shift - a moment of <quote rend="inline">revolutionary science,</quote> in the Kuhnian sense, during which a new <quote rend="inline">normal science</quote> will emerge. Computer science and the reading and writing of computer code play an especially poignant role in this paradigm shift, he speculates - though not in the sense that <cit>
                  <quote rend="inline">the <emph>existing</emph> methods and practices of computer science become hegemonic</quote>
                  <ptr target="#berry2012" loc="9"/>
               </cit>, but rather in the sense that <cit>
                  <quote rend="inline">a <emph>humanistic</emph> understanding of technology could be developed, which also involves an urgent inquiry into what is human about the <emph>computational</emph> humanities or social sciences.</quote>
                  <ptr target="#berry2012" loc="9"/>
               </cit>
               <note>
                 In <title rend="italic">How We Think: Digital Media and Contemporary Technogenesis</title>, N. Katherine Hayles also speculates about a paradigm shift <cit>
                     <quote rend="inline">from linear temporal causality to spatialized grids extending in all directions and incorporating rich connections within themselves as well as cross-connections with other grids.</quote>
                     <ptr target="#hayles2012" loc="33"/>
                  </cit>
               </note> This is all the more urgent as it will most likely become more and more difficult to tell the difference between man and machine - to identify the requirement for what makes something human as opposed to mechanical.<ptr target="#berry2012" loc="9"/> If humanities scholars want the humanities to play any kind of role in the new <quote rend="inline">normal science</quote> currently emerging, this is the very moment to become involved.</p>
                <p>Berry’s recommendation that a humanistic approach concerning the reading and writing of computer code be promoted is one that is shared by other DH scholars. In <title rend="italic">Digital_Humanities</title>, Anne Burdick, Johann Drucker, Peter Lunenfeld, Todd Presner and Jeffrey Schnapp promote what they refer to as <quote rend="inline">Generative Humanities.</quote> Though they do not play with a possible third-wave DH, but more or less stay within the framework suggested by the <title rend="italic">Digital Humanities Manifesto 2.0</title>, their stated goals are rather similar to Berry’s. Topping that list of goals is the creation of a core curriculum for undergraduates that is built around <soCalled>fundamental activities</soCalled> such as curation, analysis, editing, and modeling. It is one that emphasizes design, multimediality and the experiential, encourages process rather than finished product, and views the creation of works of art as a communal process, encompassing the combined efforts of authors, printers, typographers, layout artists, and designers, among others.</p>
                <p>The <soCalled>humanist spirit</soCalled> that will hopefully be the outcome of teaching future humanities undergraduates to think with imagination and to then translate that imagination into creative and innovative action is intimately connected to <cit>
                  <quote rend="inline">approaches that tolerate relativism and diversity in thinking, orders of experience, and, yes, fundamental values</quote>
                  <ptr target="#burdick2012" loc="25"/>
               </cit>, according to Burdick, et al. Among these fundamental values is the digital enfranchisement of the public - a wish to <cit>
                  <quote rend="inline">at least posit, if not fully enable, a future in which participation is possible for everyone, anywhere, anytime. It would be as if it were possible to bring about a public sphere in which no one was excluded. This is the core human value of the Digital Humanities.</quote>
                  <ptr target="#burdick2012" loc="25"/>
               </cit> The authors openly acknowledge this wish as a <soCalled>utopian element</soCalled> or <soCalled>utopian impulse</soCalled> - one that seems similar to the old Enlightenment dream of access to knowledge and education for everyone which inspired Robert Darnton and others to work over the past few years toward the establishment of the Digital Public Library of America.
            <note>
                See <ref target="http://dp.la/">http://dp.la/.</ref> For a longer discussion on this, please see <ptr target="#porsdam-rendix2012"/>. 
            </note> 
            </p>
            <p>One important part of this visionary digital enfranchisement discourse is its association with technology and the digital more generally.
            <note>
                 A number of scholars have attempted to draw our attention to the fact that human beings have always accumulated technology because it increases our opportunities, individually as well as collectively. For some, this imposes a moral duty on us to further technological development because we thereby increase the options and opportunities for people around the world. See <ptr target="#kelly2010"/>. 
            </note> In an article published in the <title rend="italic">American Historical Review</title> in 1998, U.S. Historian Roy Rosenzweig maintained, for example, that the two most important contextual frames into which to put the rise of digital computing were the Establishment 1960s of the Vietnam War and the Cold War, and the 1960s as counter-culture and antiwar movement. Both the <soCalled>closed world</soCalled> discourse of the Cold War and the <soCalled>open-world</soCalled> discourse of the counterculture had to be taken into account as discourses that helped shape the internet. Understanding these dual origins would make it possible, also, <cit>
                  <quote rend="inline">to better understand current controversies over whether the Internet will be <soCalled>open</soCalled> or <soCalled>closed</soCalled>
                  </quote>
                  <ptr target="#rosenzweig1998" loc="1531"/>
               </cit>, Rosenzweig argued.</p>
            <p>Time has proven Rosenzweig right. Those controversies over the internet are still very much with us; indeed, they have in some ways become more bitter as a result of what has come to be known as <quote rend="inline">the copyright wars</quote> - the pitched battles over new technology, business models and consumers, between those attempting to expand copyright protection and those trying to circumvent it. But this only goes to show the importance of the internet and of digital communication, and several historians have followed Rosenzweig’s invitation to historicize and contextualize both. Some have been especially interested in the <soCalled>closed world</soCalled> discourse
            <note>
                As historians concentrating on the <soCalled>closed world</soCalled> discourse have pointed out, it was U.S. Cold War spending on military projects that originally funded many of the most important post-World War Two technological discoveries. With both an economic crisis going on and support for deregulation growing, public funding for science and technology started to drop in the late 1970s, though. One result was that the internet was privatized and computers became a private, individual and commercial project. See e.g. <ptr target="#reynolds2010"/>. 
            </note> while others have focused more on the <soCalled>open world</soCalled> discourse.</p>
            <p>Historians focusing on the <soCalled>open world</soCalled> discourse have shown how the computer quickly came to be considered a tool for global learning and thereby helped shape the process of globalization and a growing consciousness of the processes of global integration.
            <note>
                See e.g. <ptr target="#borstelmann2012" loc="138–39"/>. 
            </note> One example is Project Gutenberg, founded in 1971, which was and still is <cit>
                  <quote rend="inline">powered by ideas, ideals, and by idealism</quote>
                  <ptr target="#hart2004"/>
               </cit>, as its founder Michael Hart once put it; <cit>
                  <quote rend="inline">we want to provide as many eBooks in as many formats as possible for the entire world to read in as many languages as possible.</quote>
                  <ptr target="#hart2004"/>
               </cit> Another is <q>Logo</q>, the first programming language written especially for children, introduced by Seymour Papert as early as 1967. Logo became the start of the program <q>One Laptop Per Child</q> whose Mission Statement reads: 
                <quote rend="block">To create educational opportunities for the world’s poorest children by providing each child with a rugged, low-cost, low-power, connected laptop with content and software designed for collaborative, joyful, self-empowered learning. When children have access to this type of tool they get engaged in their own education. They learn, share, create, and collaborate. They become connected to each other, to the world and to a brighter future.</quote>
               <note>
                One Laptop per Child, Mission Statement – available at <ref target="http://laptop.org/en/vision/">http://laptop.org/en/vision/</ref> (last accessed on March 13, 2013).
            </note>
            </p>
                <p>More recently, DH scholar Patrik Svensson has also emphasized the link between visionary thinking and technological development (Svensson 2012, 65). Remarking how the constant challenges waged at core approaches and methods add to the sense of a field that is dynamic and constantly changing, he sees the truly interdisciplinary nature of DH and the way in which it potentially operates across all humanities disciplines as a big advantage when it comes to applying for funding, national as well as international, where there may be a need for Big Humanities to match Big Science projects. <ptr target="#svensson2012" loc="22–24"/>
            </p>
            <p>Key words - for Svensson as for Burdick, et al., Berry and many other DH scholars - are urgency and change; the need for rethinking and pushing against the boundaries of existing and established structures and ways of thinking. Because most of the work done within DH is collaborative and project-based and its concrete outcome often is digital publications that do not fit easily into traditional academic patterns of reward and support, moreover, many within the DH community press for changes to accommodate their work. When we add to this the sense that many humanities scholars have of competing for funding, recognition and the place of their respective disciplines within higher education, it is easy to understand how DH could become <cit>
                  <quote rend="inline">a platform or means for rethinking the humanities and higher education and a way of channeling transformative sentiment that often goes far beyond the digital humanities proper.</quote>
                  <ptr target="#svensson2012" loc="32"/>
               </cit>
            </p>
                <p>There is indeed much at stake for the humanities and for its students and scholars, as Kathleen Fitzpatrick sums it up in <title rend="italic">Planned Obsolescence: Publishing, Technology, and the Future of the Academy</title> (2011): Whether or not we believe in those beautiful visions for a transformative discourse in relation to DH, humanities scholars have to embrace a new digital <term xml:lang="de">Bildung</term> at this point. Otherwise, our disciplines will simply cease to be relevant. The economic crisis has given urgency to debates about the role of the humanities – again and again. From fights over academic publishing to debates about what form academic writing should take in the digital age, humanities scholars are faced with major challenges. And the only thing that is certain, Fitzpatrick argues, is that if we hide our heads in the sand and refuse to engage with the new media, we will lose.<ptr target="#fitzpatrick2011"/>
            </p>
            </div>
            <div>
                <head>II. Bridging the gap between the <quote rend="inline">two cultures</quote>?</head>
            <p>It is interesting that at the core of the wish for digital enfranchisement of the public we find a somewhat traditional (American) multicultural argument. As the authors of <title rend="italic">Digital_Humanities</title> see it, today’s humanities curricula suffer from a gap between traditional methods of pedagogy focusing on linear text and those of the multidimensional world of the Web and the mediated culture in which we live today. Directed as they were at <cit>
                  <quote rend="inline">inherited curricula, which were rightly seen as constrained by issues of race, class, gender, and first-world biases rooted in Eurocentric traditions</quote>
                  <ptr target="#burdick2012" loc="23"/>
               </cit>, the culture wars and canon debates of the past thirty years were an attempt to bridge that gap - an attempt that has unfortunately not been entirely successful. The result has been that the humanities have come to be seen today as out of touch with life outside the walls of the university. This has in turn led to an attempt to move more students into vocational training in order that higher education may be reserved for more elitist-minded students (Burdick, et al. 2012, 23).</p>
                <p>It was a different, though related, kind of gap that inspired F.R. Leavis to engage in fierce dialogue with his Cambridge colleague C.P. Snow in the early 1960s: that between what the latter termed <quote rend="inline">the Two Cultures</quote>, the technological and natural sciences on the one hand and the arts and humanities on the other. The interest in higher education was one that Leavis shared with Burdick, et al. and other DH scholars, though - at bottom, the famous <quote rend="inline">Two Cultures</quote> debate had everything to do with what ought to be the core curriculum of the humanities. It is therefore perhaps no coincidence that echoes of the old debate have found their way into the DH community. Indeed, from the very beginning, Susan Hockey tells us in <title rend="quotes">The History of Humanities Computing</title>, <cit>
                  <quote rend="inline">humanities computing has had to embrace <emph>
                        <quote rend="inline">the two cultures</quote>
                     </emph>, to bring the rigor and systematic unambiguous procedural methodologies characteristic of the sciences to address problems within the humanities that had hitherto been most often treated in a serendipitous fashion</quote>
                  <ref target="#hockey2004" loc="3">[my emphasis].</ref>
               </cit>
            </p>
                <p>Humanities computing, which later developed into DH, has always been a visionary discourse, as we saw. One such visionary attempt to use the digital as a means of renegotiating the humanities and to rely on digital networks to further interdisciplinary work is the Humanities, Arts, Science, and Technology Advanced Collaboratory. More commonly known as HASTAC, it describes itself as, 
                    <quote rend="block">A network of individuals and institutions inspired the possibilities that new technologies offer us for shaping how we learn, teach, communicate, create, and organize our local and global communities.  We are motivated by the conviction that the digital era provides rich opportunities for informal and formal learning and for collaborative, networked research that extends across traditional disciplines, across the boundaries of academe and community, across the <emph>
                     <quote rend="inline">the two cultures</quote>
                  </emph> of humanism and technology, across the divide of thinking versus making, and across social strata and national borders. [My emphasis]</quote>
               <note>
                HASTAC – available at <ref target="http://hastac.org/about-hastac">http://hastac.org/about-hastac</ref>.
            </note>
            </p>
            <p>HASTAC wishes to provide a forum for, and thereby further, the interconnected and interactive global nature of knowledge today – a forum that will blur sharp distinctions between research, education and other activities and that will extend DH beyond the humanities themselves to industry, cultural institutions and the art world. The ultimate vision, though, is finding a way of bridging the <quote rend="inline">two cultures</quote> – defined here as not only those of the humanities and the sciences/technology, but also those of theory versus practice. What is interesting about the HASTAC statement is the way in which it also includes a vision of bridging social divisions as well as national borders digitally. Many of these elements were present in the debate on <quote rend="inline">the two cultures</quote> between C.P. Snow and F.R. Leavis.</p>
            <p>Sir Charles Percy Snow did a Ph.D. in Chemistry at the University of Cambridge, but it was as a novelist and government official that he became a well-known figure to the English public. Between 1940 and 1970, he published eleven novels that became known collectively as <title rend="italic">Strangers and Brothers</title>. These novels were very successful; they sold widely and were translated into many different languages. Frank Raymond Leavis was less of a public figure. Within the academic community, though, he was recognized as one of the most influential figures in twentieth-century English literary criticism. He did a Ph.D. in English at the University of Cambridge where he taught for many years and was well known for his decisive and often provocative judgments.</p>
            <p>
                <title rend="italic">The Two Cultures and the Scientific Revolution</title> was the Sir Robert Rede Lecture at Cambridge of 1959. In it Snow brought to public attention what he considered to be a dangerous divide between the ethos and practices of the sciences and those of the old humanities (especially Latin and Greek). The British educational system had over-rewarded the latter at the expense of scientific and engineering education with the result that people in politics, administration, and industry were ill-equipped to manage the modern scientific world. Snow’s lecture started a debate about the relative importance for British culture and for the British educational system of <quote rend="inline">the two cultures</quote> - a debate to which Leavis contributed with his Richmond Lecture, entitled <title rend="italic">Two Cultures? The Significance of C.P. Snow</title> and delivered in Downing College, Cambridge, in February 1962.</p>
            <p>It is Leavis’ reaction to Snow’s lecture that concerns me here. Elsewhere, I have written at greater length about both Snow’s and Leavis’ points of view
            <note>
                My interest in the Snow-Leavis debate was raised while I was working on DH as an Arcadia Fellow at the University of Cambridge in the fall of 2011. The article that was my output as an Arcadia Fellow is available at <ref target="http://arcadiaproject.lib.cam.ac.uk/docs/DigitalHumanities.pdf">http://arcadiaproject.lib.cam.ac.uk/docs/DigitalHumanities.pdf</ref>. The following paragraphs build on this article.
            </note> - arguing for a better balance between the <soCalled>how</soCalled> and the <soCalled>what</soCalled> of DH, as I am in this particular context, it is especially Leavis’ view of things that is relevant because it was precisely the <soCalled>what</soCalled> that also concerned Leavis, and that he kept defending vis-à-vis Snow’s <quote rend="inline">Technologico-Benthamite</quote> view of the world.<ptr target="#mackillop1995" loc="321"/> In and of himself, Snow did not matter to Leavis; it is what he represented that was the problem. With all his clichés, repetitions and sentimental banalities, Snow was too obvious, too lacking in depth in the sense of questioning the received truths of the <term xml:lang="de">Zeitgeist</term>, material but especially spiritual, Leavis thought. Snow could not stop talking about <soCalled>social hope</soCalled> and he preached a way of salvation that entailed <soCalled>welfare</soCalled> for all in terms of material standards of living, advantages of technology and scientific hygiene.</p>
                <p>The dimension that Leavis most of all found lacking in Snow was the individual, the human one. Though all human beings share certain common features - hunger and thirst, for example, and the fact that we all have eyes, noses, legs and arms - <cit>
                  <quote rend="inline">individual lives cannot be aggregated or equated or dealt with quantitatively in any way.</quote>
                  <ptr target="#leavis1962" loc="20"/>
               </cit> Spiritually, we are all different and it counts - or ought to count - how each individual human being thinks and feels. Snow’s <soCalled>social hope</soCalled> did not catch that inward quality of individual life, that kind of existential thought and experience which might ultimately lead to something as old-fashioned as wisdom. At one level, what was at stake was what the Germans would call <term xml:lang="de">Weltschmerz</term> - the tragic feeling and creative probing into the big questions about life and death which may at its best produce great art and literature: 
                    <cit>
                  <quote rend="block">In coming to terms with great literature we discover what at bottom we really believe. What for - what ultimately for? What do men live by - the questions work and tell at what I can only call a religious depth of thought and feeling.</quote>
                  <ptr target="#leavis1962" loc="23"/>
               </cit>
            </p>
                <p>At another level, the issue, as Leavis saw it, was the pace of life that modern science and technology seemed to result in. Snow had kept stressing, in his Rede Lecture, the urgency of his concerns, the speed with which today turns into tomorrow - <cit>
                  <quote rend="inline">we have very little time. So little I dare not guess at it</quote>
                  <ptr target="#snow1998" loc="51"/>
               </cit> - but he hadn’t really paused to consider the deeper implications of this. Brakes must be applied sometimes, Leavis thought. It was not that Snow was wrong in advocating improvements in scientific education and in living standards for everyone; it was more that <cit>
                  <quote rend="inline">such concern is not enough - disastrously not enough.</quote>
                  <ptr target="#leavis1962" loc="25"/>
               </cit> Things were changing so rapidly, and critical reflection was urgently needed to help make sense of it all - and to prevent the worst scientific blunders which, in the atomic day and age, could have fatal results. Moreover, important ethical issues could well be at stake - issues that perhaps scientists themselves would not be aware of: 
                    <cit>
                  <quote rend="block">The advance of science and technology means a human future of change so rapid and of such kinds, of tests and challenges so unprecedented, of decisions and possible non-decisions so momentous and insidious in their consequences, that mankind - this is surely clear - will need to be in full intelligent possession of its full humanity (and ‘possession’ here means, not confident ownership of that which belongs to <emph>us</emph> - our property, but a basic living deference towards that to which, opening as it does into the unknown and itself unmeasurable, we know we belong). I haven’t chosen to say that mankind will need all its traditional wisdom; that might suggest a kind of conservatism that, so far as I am concerned, is the enemy. What we need, and shall continue to need not less, is something with the livingness of the deepest vital instinct; as intelligence, a power - rooted, strong in experience, and supremely human - of creative response to the new challenges of time; something that is alien to either of Snow’s cultures.</quote>
                  <ptr target="#leavis1962" loc="25–26"/>
               </cit>
            </p>
            <p>Intellectual depth and complexity along with a both critical and creative response to change - or <emph>life</emph>, an essential concept to Leavis because it was right at the core of what it means to be human -  this is what humanities scholars such as Leavis himself could help preserve. Without <quote rend="inline">the creation of the human world, including language,</quote> he argued, <quote rend="inline">the triumphant erection of the scientific edifice would not have been possible.</quote> The word <soCalled>language</soCalled> is crucial here. To Leavis, language was not just a means of communication; it was through language that meaning was created - meaning which was then transmitted through literature as a <quote rend="inline">cultural community or consciousness.</quote> The place where this cultural consciousness might be sustained was the university, and because language was central to thought and thought, past as well as present, would be communicated via literature, the center of the university ought to be <quote rend="inline"> vital English School,</quote> Leavis maintained: 
                <cit>
                  <quote rend="block">Like Snow I look to the university. Unlike Snow, I am concerned to make it really a university, something (that is) more than a collocation of specialist departments - to make it a centre of human consciousness: perception, knowledge, judgment and responsibility. And perhaps I have sufficiently indicated on what lines I would justify my seeing the centre of a university in a vital English School.</quote>
                  <ptr target="#leavis1962" loc="27, 28, 29"/>
               </cit>
               <note>
               See <ptr target="#ortolano2009" loc="72–75, 96"/>.
           </note>
            </p>
            <p>Throughout his lecture, Leavis anxiously claimed that he was not himself a Luddite, but that he would be dismissed by Snow and his cohort as being one, the moment he pointed to the complexity of current technical and intellectual developments. Any criticism voiced would be seen as inevitably <quote rend="inline">highbrow</quote> - a negative term wielded against anyone who attempted to work toward qualitative, rather than quantitative goals:
            <cit>
                  <quote rend="block">The upshot is that if you insist on the need for any other kind of concern, entailing forethought, action and provision, about the human future - any other kind of misgiving - than that which talks in terms of productivity, material standards of living, hygienic and technological progress, then you are a Luddite.</quote>
                  <ptr target="#leavis1962" loc="30, 19"/>
               </cit>
            </p>
                <p>Just as Snow personified for Leavis everything that was currently wrong, so Leavis was for Snow in the end just another Luddite. Today, the name of each is very much associated with the two cultures debate of which they were the main protagonists. As we find ourselves in the middle of another technological revolution - this time a digital one - we are once more very concerned with what the implications will be for our research and our way of thinking and writing. To what extent will the technologically savvy, already as fully converted to the digital cause as Snow was to the scientific revolution, carry the day - and on what terms? And to what extent will those of us who care about the humanities be allowed to fret about the present state and future of our disciplines in the same way that Leavis wondered about what can and should be done, without being considered <quote rend="inline">highbrow,</quote> elitist snobs?</p>
            </div>
            <div>
                <head>III. The <soCalled>mystique</soCalled> of quantitative research</head>
                <p>Snow’s lecture got an immediate response, both positive and negative, and he later thought that this must be because he had touched on something which was already <soCalled>in the air</soCalled>: <quote rend="inline">It was clear that many people had been thinking on this assembly of topics. The ideas were in the air… any of us could have produced a hubbub.</quote> Apart from the fact that these ideas were not all that original to him, what could be inferred from this, Snow claimed, was that <cit>
                  <quote rend="inline">there must be something in them.</quote>
                  <ptr target="#snow1998" loc="54–55"/>
               </cit>
            </p>
                <p>Snow had a point. Whether or not people agreed with him - and Leavis and many others obviously did not - he was on to something that greatly interested people. In fact, there was a similar debate going on at the University of Oxford. Here, Isaiah Berlin took the leading part in building a new graduate college, Wolfson College, which would promote the powerful scientific and technological developments of the time.<ptr target="#hardy2009"/> And across the Atlantic, famous historian and special assistant to President Kennedy between 1961 to 1963 Arthur Schlesinger, Jr. gave a talk to the American Sociological Association at its fifty-seventh annual meeting in August 1962 (a mere six months after Leavis had reacted so strongly to Snow) in which he discussed what he considered to be the hegemonic drive of the quantitative approach. This particular annual meeting of the ASA being in honor of Paul Lazarsfeld, who was considered by many to be one of the founders of modern empirical sociology, Schlesinger had called his talk <title rend="quotes">The Humanist Looks at Empirical Social Research</title>.<ptr target="#schlesinger1962"/>
            </p>
                <p>Schlesinger started out with a <term xml:lang="fr">cri de coeur</term>:
            <cit>
                  <quote rend="block">Insofar as empirical social research can drive historians to criticize their assumptions, to expose their premises, to tighten their logic, to pursue and respect their facts, to restrain their rhetoric - in short, insofar as it gives them an acute sense of the extraordinary precariousness of the historical enterprise - it administers a wholly salutary shock to a somewhat uncritical and even complacent discipline.</quote>
                  <ptr target="#schlesinger1962" loc="768"/>
               </cit>
            </p>
                <p>Having thus demonstrated that he had absolutely no quarrel with empirical social research per se and that, as a historian, he felt indebted to sociologists such as Lazarsfeld, Schlesinger then went on to clarify that the problem he wanted to address concerned the way in which many sociologists had come to consider empirical social research <quote rend="inline">not one of several paths to social wisdom, but the central and in-fallible path.</quote> Having fallen under the spell of what Schlesinger thought could only be called <quote rend="inline">the mystique of empirical social research,</quote> these sociologists had increasingly come to understand empirical social research as <quote rend="inline">above all, quantitative research - that is, research which deals in quantifiable problems and yields numerical or quasi-numerical conclusions.</quote> He stressed once again that he did not wish to be misunderstood; no historian could possibly <quote rend="inline">deny that quantitative research, complete with IBM cards and computers, can make an important contribution to historical understanding.</quote> What he questioned was the assumption that such quantitative research <quote rend="inline">can handle everything which the humanist must take into account.</quote> And perhaps worst of all, Schlesinger argued, was the dismissal of everything non-quantifiable as being irrelevant and un-important. What quantitative methods are not very good at handling can in fact well be <cit>
                  <quote rend="inline">the things that matter most,</quote>
                  <ptr target="#schlesinger1962" loc="768–70"/>
               </cit> he speculated - and then ended by going beyond his own discipline to conclude with a couple of paragraphs that concerned the humanities as a whole:
            <cit>
                  <quote rend="block">There is much, I would add, which we must leave, whether we like it or not, not just to historians but to poets, novelists, painters, musicians, philosophers, theologians, even politicians, even saints - in short, to one form or another of humanist. For an indefinite future, I suspect, humanism will continue to yield truths about both individual and social experience which quantitative social research by itself could never reach. Whether these truths are inherently or merely temporarily inaccessible to the quantitative method is a question which only experience can answer.
            <p>In the meantime, this humanist is bound to say that, as an aid to the understanding of society and men, quantitative social research is admirable and indispensable. As a guide to the significance of problems, it is misleading when it exudes the assumption that only problems susceptible to quantitative solutions are important. As a means of explaining human or social behavior, it is powerful but profoundly incomplete. As the source of a theory of human nature and of the universe, it is but a new formulation of an ancient romantic myth.</p>
                  </quote>
                  <ptr target="#schlesinger1962" loc="771"/>
               </cit>
            </p>
            <p>Leavis would have agreed wholeheartedly. As Guy Ortolano has shown, it was not the importance of science and technology that Leavis questioned, but rather the complete endorsement by modern civilization of ideals such as description, logic and clarity - to the exclusion of older, more qualitative ideals.<ptr target="#ortolano2005"/>
               <ptr target="#ortolano2009"/>For neither Leavis nor Schlesinger, that is, was it ever a question of science/technology versus the arts and humanities - but instead a question of finding the right balance between quantifying and qualitative ways of thinking. Both are important - and both offer us something that we cannot do without.</p>
            <p>It is precisely this insight - that we are not talking about an either/or, and that we are and should not be engaged in trench warfare - which makes it worthwhile to look at the old ‘two cultures’ debate. In its modern DH version, I would suggest, this means realizing that both qualitative and quantitative ways of doing research are needed - and that the furthering of a ‘humanist spirit’ or new digital <term xml:lang="de">Bildung</term> leads to our <emph>not</emph> letting ourselves be pushed completely into quantitative ways of thinking by the technologies that give rise to the DH. Instead, we should work toward developing a <emph>humanistic</emph> understanding of technology, along the lines of what Berry suggests. </p>
            </div>
            <div>
                <head>IV. Concluding remarks</head>
                <p>Viewed in an optimistic light, Bernhard Rieder and Theo Röhle correctly point out, the great interest among humanities scholars for the digital media looks like the emergence of a new and genuine trans-disciplinarity: <cit>
                  <quote rend="inline">Digital humanities - an endeavor at the forefront of crossing boundaries and research traditions - would seem <emph>to bridge the gap between the <quote rend="inline">two cultures</quote>
                     </emph> (Snow 1959), between the quantitative orientation of the natural sciences and critical cultural discourses in the humanities</quote>
                  <ref target="#rieder-röhle2012" loc="72">[my emphasis].</ref>
               </cit>
            </p>
                <p>If we look more closely, however, we risk finding a wish to compete with the natural sciences on their own turf by doing objective research, with the help of machines, which aims to reduce as far as possible any kind of human, subjective bias and/or emotion. Reminding us how, in the nineteenth century, the drive for objectivity led to the belief in <quote rend="inline">mechanical objectivity,</quote> and how this very belief was fought tooth and nail up through the twentieth century by humanists who wanted the role of human interpretation to be recognized, Rieder and Röhle warn about what they call the lure of objectivity and, in relation to that, the quest for universalism. To the lure of objectivity must be added the power of visual evidence. While having previously often questioned scientific images by raising the issue of representation and referentiality, humanities scholars now increasingly use images in their own research - seemingly furthering the view that numerical and visual reasoning is much more easily acceptable as <quote rend="inline">evidence</quote> than is textual rhetoric which is considered by most scientists to be <quote rend="inline">argumentation</quote> only. <ptr target="#rieder-röhle2012" loc="71–74"/>
            </p>
                <p>Rieder and Röhle have no clear-cut answer to the challenges to what they, too, consider to be a Kuhnian paradigm shift in favor of computer-based approaches. <quote rend="inline">Could computerized research make more traditional scholarship (look) obsolete,</quote> they ask; <quote rend="inline">is there a danger of catering too much to short attention spans while at the same time cruising on technology’s aura of objectivity?</quote> Being themselves all in favor of computer-based approaches, they do advocate that humanities scholars get involved with and try out the new computer-based methods. But they conclude their article by insisting on a thoughtful and critical approach - one that raises inopportune questions when the need arises:
                    <cit>
                  <quote rend="block">In order to develop a sensibility for the wider repercussions of methodological innovation, it is crucial that we understand not only the potential but also the limits of these new methods. Obviously, building research tools is not an end in itself and in many areas there is an argument to be made for the confident defense of methods that are based on principles other than <soCalled>persistent plotting.</soCalled>
                  </quote>
                  <ptr target="#rieder-röhle2012" loc="78"/>
               </cit>
            </p>
            <p>Like Rieder and Röhle, I think - and have in this article argued - that the many new developments within DH must be discussed with a view not only to their potential, but also to their limits. Whether or not it may properly be classified as a Kuhnian paradigm shift - and the vote is still out on this - the digital turn and the involvement with computer-based approaches will cause substantial changes for both the teaching and the research in the humanities. A number of humanities scholars have not yet understood the importance or, indeed, the enormity of this turn - especially when it comes to their way of doing basic research. Whereas a lot has been written on the impact on our teaching and dissemination of knowledge in the humanities, not that many scholars have tried to grapple with the impact on humanities research and recognition - with the epistemological consequences of working through computers. </p>
                <p>We are repeatedly told, by politicians, funding agencies and colleagues in other parts of Academia, that if we want to stay vital, interesting and relevant we need to <soCalled>reformat</soCalled> ourselves in the humanities. In the late 1950s and early 1960s, F.R. Leavis and Arthur Schlesinger, Jr. perceived their core humanities disciplines - literature and history, respectively - to be under duress by the hegemonic drive of the quantitative approach, so highly recommended by people such as C.P. Snow and Paul Lazarsfeld. This made them take up and rephrase for their own time the age-old debate about <quote rend="inline">the two cultures.</quote> Perhaps we should do something similar today, as computer-based approaches force us to reexamine the relationships of the <soCalled>what</soCalled> to the <soCalled>how</soCalled> within the humanities. DH is one hybrid, contemporary meeting point between the two cultures. In the DH, the two cultures literally overlap, thereby providing an excellent case study for the future of the humanities.</p>
            </div>
            
        </body>
        <back>
            <listBibl>
                <bibl xml:id="berry2012" label="Berry 2012" key="berry2012">. Berry, David. M. (ed.), <title rend="italic">Understanding Digital Humanities</title>. Basingstoke: Palgrave Macmillan, 2012.</bibl>
                <bibl xml:id="borstelmann2012"
                  label="Borstelmann 2012"
                  key="borstelmann2012">. Borstelmann, Thomas. <title rend="italic">The 1970s: A New Global History from Civil Rights to Economic Inequality</title>. Princeton, NJ: Princeton University Press, 2012.</bibl>
                <bibl xml:id="burdick2012" label="Burdick et al. 2012" key="burdick2012">Burdick, et al. 2012. Burdick, Anne, Johanna Drucker, Peter Lunenfeld, Todd Presner and Jeffrey Schnapp. <title rend="italic">Digital_Humanities</title>. Cambridge, MA: MIT Press, 2012.</bibl>
                <bibl xml:id="fitzpatrick2011"
                  label="Fitzpatrick 2011"
                  key="fitzpatrick2011b">. Fitzpatrick, Kathleen. <title rend="italic">Planned Obsolescence: Publishing, Technology, and the Future of the Academy</title>. NY: New York University Press, 2011.</bibl>
                <bibl xml:id="hardy2009" label="Hardy et al. 2009" key="hardy2009">Hardy, et al. 2009. Hardy, Henry, Kei Hiruta and Jennifer Holmes (eds.). <title rend="italic">Isaiah Berlin &amp; Wolfson College</title>. Oxford: Wolfson College, 2009.</bibl>
                <bibl xml:id="hart2004" label="Hart 2004" key="hart2004">. Hart, Michael. <title rend="quotes">Project Gutenberg Mission Statement.</title>  June 20, 2004 - available at <ref target="http://www.gutenberg.org/wiki/Gutenberg:Project_Gutenberg_Mission_Statement_by_Michael_Hart">http://www.gutenberg.org/wiki/Gutenberg:Project_Gutenberg_Mission_Statement_by_Michael_Hart</ref>.</bibl>
                <bibl xml:id="hayles2012" label="Hayles 2012" key="hayles2012">. Hayles, N. Katherine. <title rend="italic">How We Think: Digital Media and Contemporary Technogenesis </title>. Chicago and London: University of Chicago Press, 2012.</bibl>
                <bibl xml:id="hockey2004" label="Hockey 2004" key="hockey2004">. Hockey, Susan. <title rend="quotes">The History of Humanities Computing,</title> in Schreibman et al. 2004.</bibl>
                <bibl xml:id="kelly2010" label="Kelly 2010" key="kelly2010">. Kelly, Kevin. <title rend="italic">What Technology Wants</title>. New York: Viking, Penguin Books, 2010.</bibl>
                <bibl xml:id="leavis1962" label="Leavis 1962" key="leavis1962">. Leavis, F.R. <title rend="italic">Two Cultures? The Significance of C.P. Snow.</title> The Richmond Lecture, 1962. London: Chatto &amp; Windus, 1962.</bibl>
                <bibl xml:id="mackillop1995" label="MacKillop 1995" key="mackillop1995">MacKillop, Ian. <title rend="italic">F.R. Leavis: A Life in Criticism</title>. London: Allen Lane, the Penguin Press, 1995.</bibl>
                <bibl xml:id="ortolano2005" label="Ortolano 2005" key="ortolano2005">. Ortolano, Guy. <title rend="quotes">F.R. Leavis, Science, and the Abiding Crisis of Modern Civilization.</title> 
               <title rend="italic">History of Science</title> 43 (2005): 161-185.</bibl>
                <bibl xml:id="ortolano2009" label="Ortolano 2009" key="ortolano2009">. Ortolano, Guy. <title rend="italic">The Two Cultures Controversy: Science, Literature and Cultural Politics in Postwar Britain.</title> Cambridge &amp; N.Y.: Cambridge University Press, 2009.</bibl>
                <bibl xml:id="porsdam-rendix2012"
                  label="Porsdam and Rendix 2012"
                  key="porsdam-rendix2012">Porsdam and Rendix 2012. Porsdam, Helle and Mia Rendix. <title rend="quotes">The Enlightenment Revisited: Digitization and the Right to Read.</title> 
               <title rend="italic">PhiN. Philologie im Netz</title>, 62/2012, 21-37.</bibl>
                <bibl xml:id="ramadan2013" label="Ramadan 2013" key="ramadan2013">. <title rend="quotes">Thought Leader: Tariq Ramadan, Interview with Devin Stewart,</title> 
               <title rend="italic">Carnegie Council for Ethics in International Affairs</title>, 13 February 2013 - available at <ref target="http://www.carnegiecouncil.org/studio/multimedia/20130213/index.html#section-26792">http://www.carnegiecouncil.org/studio/multimedia/20130213/index.html#section-26792</ref> (last accessed on March 15, 2013).</bibl>
                <bibl xml:id="reynolds2010" label="Reynolds 2010" key="reynolds2010">. Reynolds, David. <title rend="quotes">Science, Technology, and the Cold War,</title> in Leffler, Melvyn P. and Odd Arne Westad (eds.). <title rend="italic">The Cambridge History of the Cold War</title>, Vol. III, Endings. Cambridge: Cambridge University Press, 2010, 378-99.</bibl>
                <bibl xml:id="rieder-röhle2012"
                  label="Rieder and Röhle 2012"
                  key="rieder-röhle2012">Rieder and Röhle 2012. Rieder, Bernhard and Theo Röhle. <title rend="quotes">Digital Methods: Five Challenges,</title> in Berry 2012.</bibl>
                <bibl xml:id="rosenzweig1998"
                  label="Rosenzweig 1998"
                  key="rosenzweig1998">. Roy Rosenzweig, <title rend="quotes">Review Essay, Wizards, Bureaucrats, Warriors, and Hackers: Writing the History of the Internet.</title> 
               <title rend="italic">American Historical Review</title>, December 1998 (1530-1552).</bibl>
                <bibl xml:id="schlesinger1962"
                  label="Schlesinger, Jr. 1962"
                  key="schlesinger1962">Schlesinger, Jr. 1962. Schlesinger, Jr., Arthur. <title rend="quotes">The Humanist Looks at Empirical Social Research.</title> 
               <title rend="italic">American Sociological Review</title>, Vol. 27, No. 6 (Dec., 1962), 768-771.</bibl>
                <bibl xml:id="schreibman" label="Schreibman et al. 2004" key="schreibman2004">Schreibman et al. 2004. Schreibman, Susan, Ray Siemens and John Unsworth (eds.). <title rend="italic">A Companion to Digital Humanities</title>. Malden, MA &amp; Oxford, UK: Blackwell Publishing, 2004.</bibl>
                <bibl xml:id="snow1998" label="Snow 1998" key="snow1998">. Snow, C.P. <title rend="quotes">The Two Cultures. The Rede Lecture, 1959,</title> in <title rend="italic">C.P. Snow The Two Cultures</title>. Cambridge: Cambridge University Press, 1998.</bibl>
                <bibl xml:id="svensson2012" label="Svensson 2012" key="svensson2012b">. Svensson, Patrik. <title rend="quotes">Envisioning the Digital Humanities.</title> 
               <title rend="italic">Digital Humanities Quarterly</title>, 2012: 6.2 - available at   <ref target="http://www.digitalhumanities.org/dhq/vol/6/1/000112/000112.html">http://www.digitalhumanities.org/dhq/vol/6/1/000112/000112.html</ref>
                </bibl>
            </listBibl>
           
        </back>
    </text>
</TEI>
