<?xml version="1.0" encoding="UTF-8"?>
<?oxygen RNGSchema="../../common/schema/DHQauthor-TEI.rng" type="xml"?>
<?oxygen SCHSchema="../../common/schema/dhqTEI-ready.sch"?>
<TEI xmlns="http://www.tei-c.org/ns/1.0"
     xmlns:cc="http://web.resource.org/cc/"
     xmlns:rdf="http://www.w3.org/1999/02/22-rdf-syntax-ns#"
     xmlns:dhq="http://www.digitalhumanities.org/ns/dhq">
    <teiHeader>
        <fileDesc>
            <titleStmt>
                <!-- Author should supply the title and personal information-->
                <title type="article">Curating Digital Spaces, Making Visual Arguments: A Case Study in New Media Presentations of Ancient Objects</title>
                <dhq:authorInfo>
                    <!-- Include a separate <dhq:authorInfo> element for each author -->
                    <dhq:author_name>Daniel <dhq:family>Price</dhq:family>
               </dhq:author_name>
                    <dhq:affiliation>University of Houston</dhq:affiliation>
                    <email>dprice2@uh.edu</email>
                    <dhq:bio>
                  <p>Dr. Price has written extensively on continental philosophy and aesthetics, including <title rend="italic">Touching Difficulty: Sacred Form From Plato to Derrida</title> (Davies Group Publishers, 2009). He has been working on the Vwire project for the last three years, and collaborating with art historians, social scientists and health professionals to explore ways in which visual interfaces with multi-dimensional data can sustain appropriate phenomenological intuitions. He received his Ph.D. from DePaul University in Chicago.</p>
               </dhq:bio>
                </dhq:authorInfo>
                <dhq:authorInfo>
                    <!-- Include a separate <dhq:authorInfo> element for each author -->
                    <dhq:author_name>Rex <dhq:family>Koontz</dhq:family>
               </dhq:author_name>
                    <dhq:affiliation>University of Houston</dhq:affiliation>
                    <email>rkoontz@uh.edu</email>
                    <dhq:bio>
                  <p>Dr. Koontz serves as Director of the School of Art at the University of Houston. He publishes on the art of Ancient Mexico and teaches Latin American art history in the School of Art. Recently his book <title rend="italic">Lightning Gods and Feathered Serpents</title> (University of Texas Press 2009) examined the role of public sculpture in an ancient Gulf Coast city. Other recent books include <title rend="italic">Blood and Beauty: Organized Violence in the Art and Architecture of Mesoamerica and Central America</title>, edited with Heather Orr and Mexico (6th edition) with Michael Coe, along with journal articles and book chapters. Dr. Koontz received his B.A. in art history from the American University in Paris and his M.A. and Ph.D. from the University of Texas at Austin.</p>
               </dhq:bio>
                </dhq:authorInfo>
                <dhq:authorInfo>
                    <!-- Include a separate <dhq:authorInfo> element for each author -->
                    <dhq:author_name>Lauren <dhq:family>Lovings</dhq:family>
               </dhq:author_name>
                    <dhq:affiliation>Independent scholar</dhq:affiliation>
                    <email>aurenlovings@gmail.com</email>
                    <dhq:bio>
                  <p>Lauren Lovings graduated from the University of Houston in May 2012 with a Bachelors of Art in Art History and French. She was awarded the Provost's Undergraduate Research Scholarship (2010) and the Summer Undergraduate Research Fellowship (2011) from UH for her assistance with Vwire.
</p>
               </dhq:bio>
                </dhq:authorInfo>
            </titleStmt>
            <publicationStmt>
                <!-- This information will be completed at publication -->
              <idno type="DHQarticle-id">000159</idno>
                <idno type="volume">007</idno>
                <idno type="issue">2</idno>
                <date when="2013-10-10">10 October 2013</date>
                <dhq:articleType>article</dhq:articleType>
                <availability>
               <cc:License rdf:about="http://creativecommons.org/licenses/by-nc-nd/2.5/"/>
            </availability>
            </publicationStmt>
            
            <sourceDesc>
                <p>This is the source</p>
            </sourceDesc>
        </fileDesc>
        <encodingDesc>
            <classDecl>
                <taxonomy xml:id="dhq_keywords">
                    <bibl>DHQ classification scheme; full list available at <ref target="http://www.digitalhumanities.org/dhq/taxonomy.xml">http://www.digitalhumanities.org/dhq/taxonomy.xml</ref>
               </bibl>
                </taxonomy>
                <taxonomy xml:id="authorial_keywords">
                    <bibl>Keywords supplied by author; no controlled vocabulary</bibl>
                </taxonomy>
            </classDecl>
        </encodingDesc>
        <profileDesc>
            <langUsage>
                <language ident="en"/>
            </langUsage>
            <textClass>
                <keywords scheme="#dhq_keywords">
                    <!-- Authors may suggest one or more keywords from the DHQ keyword list, visible at http://www.digitalhumanities.org/dhq/taxonomy.xml; these may be supplemented or modified by DHQ editors -->
                    <list type="simple">
                        <item/>
                    </list>
                </keywords>
                <keywords scheme="#authorial_keywords">
                    <!-- Authors may include one or more keywords of their choice -->
                    <list type="simple">
                        <item/>
                    </list>
                </keywords>
            </textClass>
        </profileDesc>
        <revisionDesc>
            <!-- Each change should include @who and @when as well as a brief note on what was done. -->
            <change who="MCC" when="2013-05-15">Encoded article</change>
        </revisionDesc>
    </teiHeader>

    <text>
        <front>
            <dhq:abstract>
                <!-- Include a brief abstract of the article -->
                <p>Curating is often seen as a mediation between artist, work, and audience, with the curator firmly at the center. The central role of the curator has been further emphasized with the rise of the curator as artist and the institutional and physical limitations of museum spaces. We argue that there are important alternative spaces of meaning to be developed between object and audience. Digital curating, in particular, allows for greater audience participation, both by expanding the potential audience and by allowing visitors to navigate through the virtual galleries under their own direction. We contend that by facilitating the site visitors’ creation of their own visual arguments, a new level of audience participation in visual analysis — indeed, in a fundamental intellectual and intuitive aspect of curating — is made possible. We explore how digital resources can be modified to allow for that contextual sense of making a visual argument through arrangement. An installation at the University of Houston debuted a new tool for digital content management and allows us to make some preliminary observations about the process of visual analysis, its role in curatorial practice, and explore future directions for work.</p>
            </dhq:abstract>
            <dhq:teaser>
                <!-- Include a brief teaser, no more than a phrase or a single sentence -->
                <p>Digital curating needs non-linear modes of presentation so that audiences can participate in the full visual analysis of truly discerning curating; Vwire provides an example using Teotihuacan masks.</p>
            </dhq:teaser>
        </front>
        <body>
            <head>Curating Digital Spaces, Making Visual Arguments: A Case Study in New Media Presentations of Ancient Objects</head>
            <!-- Use <div> only if there is more than one section -->
            <div>
                <head>The Problem of Discernment and Digital Curation</head>
                <p>	The active role the viewer plays in navigating a digital installation forces us to engage in the broader question of curatorial function. The act of curating has gained attention in art history in response to the evolving role of the viewer, but also with the rise of museum culture and the act of curating considered as its own art form.<note> Cf. the articles collected in <ptr target="#oneill2007"/> and <ptr target="#marincola2007"/>.</note> Even when viewed as an art form, curating is often couched as a mediating experience: the curator negotiates the relationship of artist, work, and audience <ptr target="#levistrauss2007"/>. Allowing for a moment that we should see the curator as a mediator, how can we best think about that process? Popular conceptions of celebrity curators would have us look for trailblazers, for those who have a certain <q>eye</q> and are willing to take risks to find the exemplary artist or object. We believe that the more basic curatorial function may be best captured in the term <q>discernment,</q> by which we wish to evoke a certain expert engagement with visual material that is distinct from — and in fact explains — more common ways of talking about curatorial expertise, like <q>having a perspective,</q> 
               <q>making a judgment,</q> or even simply <q>having a story to tell.</q>
               <note> By <q>discernment</q> we mean an analytic process of visually engaging in understanding an object. An interesting approach to creating collaborative digital tools for capturing discernments without presupposing categorical judgments can be found in <ptr target="#nauta2008"/>, along with relevant background on the computational and cognitive sciences.</note> The common language that expresses engagement with the objects, in other words, depends on a process of arranging and understanding objects in relation to each other and to some expert’s vista. This latter sense of curating — old and often fraught with elitist connotations — is the initial critical judgment that includes the expert’s larger reasons for selecting the particular field of interest and its exemplary objects, defining some objects as important and others not, so that we may initially define a corpus for our consideration. </p>
                <p>	Once that initial selection is done, however, curating then takes on the task of arranging and interpreting the objects at hand for particular viewing audiences. Judgments like <q>this piece shows what I mean,</q> or <q>this will bring the people in,</q> or <q>this really conveys the force of the artists’ gesture,</q> all depend on that earlier engagement that defines the corpus for consideration, but the communicative and experiential functions of an exhibit are not simple reifications of that initial process. Instead, as the exhibit takes shape the objects take on relationships and meaning that exceed the original culling.<note> Although we mean this claim to be untroubling, it is difficult to justify. The philosophical history surrounding the priority of a contextualizing world, with Heidegger, or explanatory forms of life, with Wittgenstein, led to quite distinct responses to the Cartesian and technological models that had explicitly begun from categorization and judgments of meaning. That these models still dominate in the natural sciences and popular understanding of technology further complicate the situation, as do strong dissenting voices, like Derrida’s insistence on the necessity of linguistic determinations. Worthwhile overviews of the arguments can be found in many places, including <ptr target="#hacking2002"/> and <ptr target="#casey2007"/>. A number of attempts to imagine a more <q>vibrant</q> and less human-centered production of the world have emerged recently, among those of note we recommend <ptr target="#bennett2010"/>.</note> The basic assumption that installations matter implies that the discursive power of the objects in relation to one another can and often does outstrip the limits and categories of the original criteria that brought the corpus together. Meaning emerges because of the discursive avenues created by the objects in an emergent conversation via the exhibit. We would like to point at this entire ensemble of processes — culling, arranging, and nurturing meaning — with the word <q>discernment,</q> insofar as it conveys an attentive and concentrated <q>living with</q> the objects and <q>getting to know the pieces on their own terms,</q> and is not simply the act of making judgments of preference or categorizing objects.<note> In the specific terms of the digital humanities, cf. <ptr target="#drucker2011"/> and <ptr target="#zöllner-weber2009"/>. For museum studies, <ptr target="#sherman1994"/>, <ptr target="#maleuvre1999"/>, <ptr target="#starn2005"/>.</note> Discerning activity precedes an agreement on descriptive vocabulary, but does not rely on an immediacy of intuition that would be in principle unavailable to others, or indeed, that would be private in any sense.</p>
                <p>	Discernment as we see it emerges from a deep attentiveness to objects — with all their various interior, exterior, formal and material relations — and the constitution of various communities of meaning centered on the exhibit. The celebration of the curator-agent tends to locate these activities within the individual cognitive powers of the curator and thus is open to various criticisms of Cartesian models of subjectivity, as well as related criticisms of capitalist models of production. These criticisms had already forced the community to engage with alternate models for relating to objects, both in understanding their original context and in displaying them to wider audiences.<note> There is an ongoing discussion of how to make digital display capable of embodying the criticisms of Cartesian models of subjectivity cf., among many others, <ptr target="#simanowski2011"/>, <ptr target="#paul2011"/>, <ptr target="#corby2006"/>, which we would like to join with the modest insistence that a small change in how we represent the wholeness of the activity of discernment can carry large weight in the philosophical and aesthetic regimes.</note> The language of <q>discernment</q> is meant to capture the active sense of engaging with objects without the reifying sense of a subject making judgments about things. Our particular interest, however, is in charting the sense in which the processes of discernment are transported into the digital realm, with its still dominant but recently challenged technological paradigms, and whether certain approaches can better accentuate and convey the active and complex process of discernment. </p>
                <p>A collaboration involving the present authors had begun a year earlier and resulted in an NEH Digital Humanities Start-up Grant for a tool called Vwire (Visual Web Interface for Researchers). We had begun with a large collection of images of putative Teotihuacan masks collected by Matt Robb of the St. Louis Museum of Art and had suggested the development of a tool using this collection as a pilot.<note>The Teotihuacan masks are important art historical objects, and have been involved in a number of arguments that have to do with formal characteristics discerned in the masks as a group. <ptr target="#pasztory1997"/> and <ptr target="#pasztory2005"/>.</note> Lauren Lovings, working as a student collaborator, initiated comparative installations on omeka.net and Vwire and then developed the present case study.</p>
                <p>The subsequent exhibition needed to explore and unveil the features and qualities of each displayed mask, with special attention to their purely formal characteristics. There were eight specific masks of interest to the exhibition, all of which were available for viewing on the omeka.net (see Figure 1) and Vwire sites (see Figures 2 and 3). Six of those mask images were printed for display in the physical space. The other two mask images (Brooklyn Museum and Princeton University Art Museum masks) were not printed due to the absence of sufficiently high-resolution images. </p>
                <figure>
                    <graphic url="resources/images/figure01.png"/>
                    <figDesc>Screenshot of the <ref target="http://omeka.net/">omeka.net</ref> site, displaying the linearity of the virtual exhibition.</figDesc>
                </figure>
                <figure>
                    <graphic url="resources/images/figure02.png"/>
                    <figDesc>A serial arrangement of the masks, focusing on the overall likeness of the facial features.</figDesc>
                </figure>
                <figure>
                    <graphic url="resources/images/figure03.png"/>
                    <figDesc>Lauren's visual conclusion of the central "template" mask and its relation to the other seven masks.</figDesc>
                </figure>
                <p>The exhibition was set up in the Visual Resources Library within the School of Art building at the University of Houston and was the first art history exhibition curated by an undergraduate student. The opening night of the exhibition was on December 2, 2011, along with the Studio Art Open House. Students in studio art classes presented their art projects on the upper floors of the School of Art building, and the Teotihuacan Mask exhibition was on the ground floor and attracted considerable foot traffic. </p>
                <p>There were eight images of Teotihuacan masks chosen for presentation on the omeka.net site, and six of those images were made into large prints and placed into simple frames. All six framed images were hung on a single lengthy wall. The wall was treated as though it were a Vwire space by not hanging the pictures at the same height or width apart, but by moving some closer to others, having some higher than others, and generally suggesting a visual argument through the arrangement. As the student curator, Lauren made her own visual argument on the wall space, and then allowed room for two computers to display the same objects in independent Vwire spaces, where the viewing audience could more fully interact with the images. During opening night, Lauren was able to point to the wall and explain how the visual argument using Vwire lead to <q>this conclusion</q> (Figure 3), and then asked the audience to show how they saw these masks and how they would visually organize them. Those arrangements were also saved, and can be made part of a developing history of the changing experience of the works.</p>
                <p>In the omeka.net presentation, as with the presentation of images on the wall of a traditional gallery space, there is a strong tendency toward seriality. The audience members <q>read</q> the objects from first to last and interpret the visual argument as a development, either in terms of a primary image from which differences are marked (as in the development of mannerism, or the <q>falling off</q> of derivative artists who follow a great master) or as a series culminating in a masterpiece (see Figure 2).</p>
                <p>On the Vwire site, the argument began with a central <q>template</q> mask, and variation was discerned in terms of radial distance from that central mask (Figures 3 and 4). In other words, the distinctions between the masks were allowed to emerge in two dimensions at once and to be cast against a gradient of discernible changes within the whole grouping. Some audience members still imposed linearity on their arrangements, creating visual arguments that began in one corner and then moved like written words either down columns or across rows. The <q>template</q> mask (center of Figure 4) is Dumbarton Oaks B, by common nomenclature, and it is one of the most reproduced of the masks in the secondary literature, showing up on the cover of several important volumes. It does not, for all that, have archaeological provenance placing it in Teotihuacan, or providing definitive interpretation concerning its use or symbolic functions. Double-clicking on any of the masks brings you to a page dedicated to that single object. </p>
            <figure>
                <graphic url="resources/images/figure04.png"/>
                <figDesc>An arrangement using distance and size of the images to demonstrate meaning in the visual argument.</figDesc>
            </figure>
            </div>
            <div>
                <head>Discernment, Visual Argumentation and the Philosophical Context</head>
                <p>	We begin with the broad assumption, relevant for digital and traditional installations, that curating and displaying art historical objects may promote mutual understanding and convey meaning by allowing the audience to participate in the practice of discernment. The viewer should see why the objects are grouped in a collection and see both similarity and difference emerge from the <q>conversation</q> between the objects. The display of objects is, consequently, no longer a process of exemplifying the sense of belonging to a group, or adding illustrative cases to render accessible an underlying scientific typology — both remnants of basic typological thinking about how subjects who manipulate objects tend to have arranged them conceptually. Recently, our understanding of the dynamic production (and reception) of objects has expanded to include the sense that the objects themselves participate in the creative process, both in their original context and in the display <ptr target="#pasztory2005"/> 
               <ptr target="#bennett2010"/>. The <q>visual argument</q> that a curator makes in arranging an installation emerges broadly as a mutual engagement with material objects, where the typological and encyclopedic approaches are only two of several possible modes of display. Each arrangement has a determinate shape, but should be seen as part of an active engagement by the viewer. The curatorial eye, however, should not be seen as on an equal footing with every possible perspective. The <q>discerning eye</q> of curatorial practice is the one that locates and explores the dynamic tensions between the objects — it takes time and it requires careful attention to the material and its forms. Here curatorial practice does not have to be limited to the initiating curator, but can be any participant in the exhibition, as we shall see. We propose to explore this sense of <q>discernment</q> in order to capture the dynamics of creative installations of conceptually challenging work, where the dependence of the typology on the more dynamic movement of mutual engagement can emerge in terms of its own <q>visual argument,</q> and where this installation provided a basic example for exemplifying the two approaches. </p>
                <p>	Although philosophical defenses continue to be offered for realism of various sorts, the dominant strands of thought in both English language and Continental philosophy over the last fifty years have all turned away from the model of language (and in our case, <q>expert judgment</q>) as the proper application of names to objects. Quine effectively mocked the <q>museum myth</q> of <q>uncritical semantics,</q> where objects were assumed to be waiting patiently for their viewers, who then knew what the object was by reading the label <ptr target="#quine1969" loc="27"/>.<note> Quine’s arguments at the time were that the dispositions to behavior explained the semantic content, as opposed to having the mental construct determine the activity.</note> Foucault was even less patient with the taxonomic and encyclopedic projects, and initiated a turn to genealogical explanation that situates the process of meaningful engagement within a purely immanent development of language <ptr target="#foucault1970"/>. Under the name of naturalized epistemology, following Quine, or the turn to new models of subjectivity, following Foucault, novel explanations for the production of objects emerged that no longer depended on the ideal of assigning the correct name to an object <ptr target="#hacking2002"/>. For the inheritors of each of these traditions, the next step was to go past the <q>Linguistic Turn</q> of the late 1960s and recast the development of concepts in the world as a process of mutual engagements and interactions, resolutely without privileging the moment of naming or categorizing, but still allowing for the efficacy and legitimacy of discernment as a practice. </p>
                <p>	Within this historical context, the promise of the digital museum emerged as multiplying individual acts of interpretation and decentralizing the authority of the curator and expert. It is difficult, but necessary, to separate this promise of semantic multiplication from the celebration of the anarchist’s impulse, where one celebrated the end of totalitarian mechanisms of control and the <q>death of the museum.</q> We would suggest that the understanding of the underlying phenomena, and the roles that objects play in our lives, was lost in the rush to contest all forms of authority, including those that emerge from the practice of attentive discernment. Where the production of the whole of the discernment is made available to the viewer, and thus engaged with as discernment and not categorization, the anti-authoritarian promise is met and the active role of real engagement is accentuated.<note> We do not wish to overstate the polemical nature of our argument, but underscore that we are not convinced that multiplication of interpretations preserves the fundamental experience of discernment, as embodied in visiting a curated display (traditional or digital). </note>  
                </p>
            </div>
            <div>
                <head>The Embodied Experience</head>
                <p>	The final piece of context we wish to add in comparison to the digital installation is in terms of the sense of embodiment one has in a physical museum. Obviously, many aspects of that experience cannot be replicated in a digital installation, but the encompassing idea of discernment allows us to understand the ways in which the <q>whole</q> of a physical installation is presented in concert with the linear display. Even in encyclopedic installations, where the flow of the audience is tightly controlled, the visitor will catch glimpses of the rest of the installation and gather a sense of how the whole hangs together meaningfully. Although much can be learned from looking at the objects in the order they are displayed and thinking through the serial development of the visual argument, the curatorial experience suggests that the blank spaces between objects — both on the wall and the floor — control the experience of scale and context in non-linear modes and still constitute essential elements within the installation of a good show. Discerning engagement, although it can happen at many levels, is the process of relating back and forth to the encompassing whole as one experiences and engages with the individual pieces. In that way, the viewers are on the same level as the objects, as they all engage with each other in mutual determinations of what can be understood, in a full and embodied sense, and not only in terms of what can be truly and definitively said about the objects in isolation.</p>
                <p>There are two ways of understanding how series relate to this whole, however. In one, the series precede the whole and the construction of the display counts as an imposition of an interpretation, or a way of arranging the parts to convey some sense of how the curator <q>sees the whole.</q> In the second, the process of creating the display is like the original process of creating the objects — the individual objects emerge from the engaged process of discernment, where formal qualities are brought out, functions are enhanced, aesthetics are developed, and the display is equally its own engaged process of discernment. One may still criticize the interpretation, or bemoan the violence of an aggregation of unrelated objects, but because they are not discerning reflections of what the objects can do, not because they reflect a misnaming of what the objects are.</p>
                <p>	The privilege of the serial in traditional museum displays, by this account, reflects the deeper ontological commitments to objectivity as individuated and isolated objects brought into relation only through the interpretive activity of interpreters.<note> Cf. <ptr target="#sherman1994"/> for an overview of the critical arguments against museum aesthetics. That one has moved to a post-critical stance, in our instance, means that we are not comparing grounds for the validity of judgments (as the original formulation of the critical enterprise with Kant would have it), but displaying the whole process of engaged discernment, with the judgments — and their grounds — contained within that larger world of engaged discerning activity.</note> When an object is seen, instead, as emerging into its separate existence through a process of discernment, then the ontological model is one of interdependent relation and developing possibilities, and the wholeness is in constant conversation with the articulated elements or parts. In that case, however, one must allow the viewer to feel the tension of the curator’s position — the audience is being asked to share in an open project of discernment and not to accede to a finished argument or claim about the objects on display. If the promise of digital installations is simply that they allow us to multiply interpretations or shed the authoritarian voice of the expert curator, then digital installations cannot allow us to engage with the objects as themselves agents in the world, creating an emergent meaning as the individual pieces engage in conversation with each other. Instead, to better approximate the force of the objects, the digital installation should allow for the relatedness to emerge as primary, as the discerning awareness of individual objects occupying place in relation to a broader context of meaningful activity.</p>
            </div>
            <div>
                <head>Returning to the Digital</head>
                <p>	We do not wish to suggest that the audience left the installation with a determinate interpretation of the eight masks on view. Instead, we wanted to focus on the active arranging of the objects by curator and audience over and above the creation of a single interpretation of the masks. Further, we wanted to emphasize that all such interpretations are very difficult, given the dearth of verifiable archaeological context with which to <q>anchor</q> an interpretation and privilege a particular arrangement. Where success was achieved, more simply, was in the conveyance of a formal beauty belonging to the objects and a sense of their production as encompassing a range of possible engagements with the broader work. This could be had from any installation, including the omeka.net project as well as simple wall hangings, but in the traditional displays it requires an act of imagination as the viewer takes in each piece, holds it in mind, and then constructs a sense of the overall relation. With Vwire, the overall view was presented first and then the variations were presented as distance from the central image, and one participated in the discernment of the space into regions, from within the experience of that space as both communally meaningful and malleable to new ways of arranging the masks and discerning engaging differences. </p>
            </div>
        </body>
        <back>
            <listBibl>
                <!-- Encode each bibliographic item as <bibl>. @xml:id and @label are required. All values for @xml:id should be lower-case. -->
                <bibl label="Bennett 2010" xml:id="bennett2010" key="bennett2010b">Bennett, Jane. <title rend="italic">Vibrant Matter: A Political Ecology of Things</title>. Duke University Press, Raleigh, North Carolina (2010).</bibl>
                <bibl label="Casey 2007" xml:id="casey2007" key="casey2007">Casey, Edward. <title rend="italic">The World at a Glance</title>. Indiana: Indiana University Press, Bloomington (2007).</bibl>
                <bibl label="Corby 2006" xml:id="corby2006" key="corby2006">Corby, Tom. Editor. <title rend="italic">Network Art: Practices and Positions</title>. Routledge, New York (2006).</bibl>
                <bibl label="Drucker 2011" xml:id="drucker2011" key="drucker2011">Drucker, Johanna. <title rend="italic">Humanities Approaches to Graphical Display.</title> 
               <title rend="italic">Digital Humanities Quarterly</title>. 5:1 (2011). <ref target="http://www.digitalhumanities.org/dhq/vol/5/1/000091/000091.html">http://www.digitalhumanities.org/dhq/vol/5/1/000091/000091.html</ref>
            </bibl>
                <bibl label="Foucault 1970" xml:id="foucault1970" key="foucault1970">Foucault, Michel. <title rend="italic">The Order of Things: An Archaeology of the Human Sciences</title>. London: Tavistock Publications (1970).</bibl>
                <bibl label="Hacking 2002" xml:id="hacking2002" key="hacking2002">Hacking, Ian. <title rend="italic">Historical Ontology.</title> Mass. Harvard University Press, Cambridge (2002).</bibl>
                <bibl label="Levi Strauss 2007"
                  xml:id="levistrauss2007"
                  key="levistrauss2007">Levi Strauss, David. <title rend="quotes">The Bias of the World: Curating after Szeemann and Hopps</title>. In <title rend="italic">Cautionary Tales: Critical Curating</title> [Kindle version], eds. Steven Rand and Heather Kouris. New York: apexart, 2007. Retrieved from Amazon.com.</bibl>
                <bibl label="Maleuvre 1999" xml:id="maleuvre1999" key="maleuvre1999">Maleuvre, Didier. <title rend="italic">Museum Memories: History, Technology, Art</title>. Stanford University Press (1999).</bibl>
                <bibl label="Marincola 2007" xml:id="marincola2007" key="marincola2007">Marincola, Paula, ed. <title rend="italic">What Makes a Great Exhibition?</title> Philadelphia, PA: Philadelphia Exhibitions Initiative, Philadelphia Center for Arts and Heritage (2007).</bibl>
                <bibl label="Nauta 2008" xml:id="nauta2008" key="nauta2008">Nauta, Gerhard Jan. <title rend="italic">As You Can See: Applying Visual Collaborative Filtering to Works of Art.</title> 
               <title rend="italic">Digital Humanities Quarterly</title>. 2:1 (Summer 2008). <ptr target="http://www.digitalhumanities.org/dhq/vol/2/1/000019/000019.html"/>
                </bibl>
                <bibl label="O'Neill 2007" xml:id="oneill2007" key="oneill2007">O’Neill, Paul, ed. <title rend="italic">Curating Subjects</title>. London: Open Editions (2007). </bibl>
                <bibl label="Paul 2011" xml:id="paul2011" key="paul2011">Paul, Christiane. <title rend="italic">Contextual Networks: Data, Identity, and Collective Production.</title> In <title rend="italic">Context Providers: Conditions of Meaning in Media Arts</title>, eds. Lovejoy, Margot, Christiana Paul and Victoria Vesna. University of Chicago Press, Chicago (2011).</bibl>
                <bibl label="Pasztory 1997" xml:id="pasztory1997" key="pasztory1997">Pasztory, Esther. <title rend="italic">Teotihuacan: An Experiment in Living</title>. Norman: University of Oklahoma Press (1997).</bibl>
                <bibl label="Pasztory 2005" xml:id="pasztory2005" key="pasztory2005">Pasztory, Esther. <title rend="italic">Thinking with Things: Toward a New Vision of Art</title>. Austin: University of Texas Press (2005).</bibl>
                <bibl label="Quine 1969" xml:id="quine1969" key="quine1969">Quine, W. V. <title rend="italic">Ontological Relativity.</title> 
               <title rend="italic">Ontological Relativity and Other Essays.</title> Columbia University Press, New York (1969).</bibl>
                <bibl label="Sherman 1994" xml:id="sherman1994" key="sherman1994">Sherman, Daniel J. <title rend="italic">Quatremere/Benjamin/Marx: Art Museums, Aura, and Commodity Fetishism.</title> In <title rend="italic">Museum Culture: Histories, Discourses, Spectacles</title>, eds. Daniel J. Sherman and Irit Rogoff, 123–143. University of Minnesota Press, Minneapolis (1994).</bibl>
                <bibl label="Simanowski 2011"
                  xml:id="simanowski2011"
                  key="simanowski2011">Simanowski, Roberto. <title rend="italic">Digital Art and Meaning</title>. University of Minnesota Press, Minneapolis (2011).</bibl>
                <bibl label="Starn 2005" xml:id="starn2005" key="starn2005">Starn, Randolph. <title rend="italic">A Historian’s Brief Guide to New Museum Studies.</title> 
               <title rend="italic">The American Historical Review</title> 110 (1): 68–98.</bibl>
                <bibl label="Zöllner-Weber 2009"
                  xml:id="zöllner-weber2009"
                  key="zollner2009">Zöllner-Weber, Amélie. <title rend="italic">Ontologies and Logic Reasoning as Tools in Humanities?</title> Digital Humanities Quarterly. 3:4 (Fall, 2009). <ref target="http://www.digitalhumanities.org/dhq/vol/3/4/000068/000068.html">http://www.digitalhumanities.org/dhq/vol/3/4/000068/000068.html</ref>
            </bibl>
            </listBibl>
           
        </back>
    </text>
</TEI>
