<?xml version="1.0" encoding="UTF-8"?>
<?oxygen RNGSchema="../../common/schema/DHQauthor-TEI.rng" type="xml"?>
<?oxygen SCHSchema="../../common/schema/dhqTEI-ready.sch"?>
<TEI xmlns="http://www.tei-c.org/ns/1.0"
     xmlns:cc="http://web.resource.org/cc/"
     xmlns:rdf="http://www.w3.org/1999/02/22-rdf-syntax-ns#"
     xmlns:dhq="http://www.digitalhumanities.org/ns/dhq">
    <teiHeader>
        <fileDesc>
            <titleStmt>
                <!-- Author should supply the title and personal information-->
              <title type="article">The Sound of Many Hands Clapping: Teaching the Digital Humanities through Virtual Research Environment (VREs)</title>
                <dhq:authorInfo>
                    <!-- Include a separate <dhq:authorInfo> element for each author -->
                    <dhq:author_name>Craig <dhq:family>Bellamy</dhq:family>
               </dhq:author_name>
                  <dhq:affiliation>VeRSI, University of Melbourne, Australia</dhq:affiliation>
                  <email>craig.bellamy@versi.edu.au</email>
                  <dhq:bio>
                  <p>Dr Craig Bellamy is an Analyst within the Digital Humanities based at the University of Melbourne in Australia. He is the founding Secretary of the Australasian Association for Digital Humanities and was Co-Chair of its recent inaugural conference. He is involved in a number of research and development projects including a national cultural-datasets integration project that includes a Virtual Research Environment.</p>
               </dhq:bio>
                </dhq:authorInfo>
            </titleStmt>
            <publicationStmt>
                <!-- This information will be completed at publication -->
              <idno type="DHQarticle-id">000119</idno>
                <idno type="volume">006</idno>
                <idno type="issue">2</idno>
                <date/>
                <dhq:articleType>opinion</dhq:articleType>
                <availability>
               <cc:License rdf:about="http://creativecommons.org/licenses/by-nc-nd/2.5/"/>
            </availability>
            </publicationStmt>
            
            <sourceDesc>
                <p>This is the source</p>
            </sourceDesc>
        </fileDesc>
        <encodingDesc>
            <classDecl>
                <taxonomy xml:id="dhq_keywords">
                    <bibl>DHQ classification scheme; full list available at <ref target="http://www.digitalhumanities.org/dhq/taxonomy.xml">http://www.digitalhumanities.org/dhq/taxonomy.xml</ref>
               </bibl>
                </taxonomy>
                <taxonomy xml:id="authorial_keywords">
                    <bibl>Keywords supplied by author; no controlled vocabulary</bibl>
                </taxonomy>
            </classDecl>
        </encodingDesc>
        <profileDesc>
            <langUsage>
                <language ident="en"/>
            </langUsage>
            <textClass>
                <keywords scheme="#dhq_keywords">
                    <!-- Authors may suggest one or more keywords from the DHQ keyword list, visible at http://www.digitalhumanities.org/dhq/taxonomy.xml; these may be supplemented or modified by DHQ editors -->
                    <list type="simple">
                        <item/>
                    </list>
                </keywords>
                <keywords scheme="#authorial_keywords">
                    <!-- Authors may include one or more keywords of their choice -->
                    <list type="simple">
                        <item/>
                    </list>
                </keywords>
            </textClass>
        </profileDesc>
        <revisionDesc>
            <!-- Each change should include @who and @when as well as a brief note on what was done. -->
            <change when="2012-05-28" who="MCC">Encoded file</change>
        </revisionDesc>
    </teiHeader>

    <text>
        <front>
            <dhq:abstract>
              <p>At the core of the work done within the digital humanities is a difficult interdisciplinary relationship between the at times divergent cognate fields of computer science and the humanities. This paper will explore some of the characteristics of the digital humanities and examine some of its <term>hard interdisciplinarity</term> relationships. It is the contention of the author that one of the central epistemological challenges within the field is to empower students to successfully manage the thorny interdisciplinary relationship intrinsic to technology and the humanities. Without understanding and managing this relationship, there is a danger that student projects lapse into exceedingly reductive pragmatism or overly theorised clumsiness. The author will suggest a model where this <term>hard-interdisciplinary</term> relationship may be taught and assessed through the critical use and analysis of digital objects within the framework of a Virtual Research Environments (VREs).</p>
            </dhq:abstract>
            <dhq:teaser>
                <!-- Include a brief teaser, no more than a phrase or a single sentence -->
              <p>Interdisciplinarity in the Digital Humanities through Virtual Research Environments</p>
            </dhq:teaser>
        </front>
        <body>
          <head>The Sound of Many Hands Clapping: Teaching the Digital Humanities through Virtual Research Environment (VREs)</head>
            <div>
              <head>Introduction</head>
            <p>Like many interdisciplinary fields within the humanities, the digital humanities consists of a broad range of researchers arriving within its fold from a range of disciplines practices. These may include disciplines as diverse as Papyrology, Media, Musicology, Classics, Epigraphy, Medieval Studies, History and Classical Archaeology. Although definitions vary between schools and schools of thought, humanities computing, or <q>digital humanities</q> as is now more popularly known, may be broadly defined as the application and development of computational methods and associated tools to address research problems within the humanities. Distinct from general computing approaches, the digital humanities is an interdisciplinary field of applied and experimental computing that advances the research concerns of the disciplines and sub-fields that make up the humanities. The methods employed in the field may be used to uncover new knowledge about corpora or to visualise historical research data in such a way as to uncover additional insights and meaning. The digital humanities is about structuring, analysing and communicating humanistic knowledge in a critical and authorial way using computing technology.<note>For a list of definitions of the humanities computing/digital humanities, by those working in the field, see: <ptr target="#rockwell2009"/>.</note>
            </p>
            <p>Through its journals, undergraduate and postgraduate programmes, conferences, and research outputs, the digital humanities is a fertile interdisciplinary field synergised, in part, through computing innovations at the research-methodology level. The methods employed in the field may involve text-encoding to create scholarly and critical editions of canonical texts, text mining techniques to uncover new historical knowledge about geographical place or word usage, or visualising data gathered on archeologically sites to propose arguments about building practices or cultural uses of the buildings. Many of the methods employed in one research endeavour may be applicable to another and the hard-gained wisdom in the digital humanities field facilitates the meaningful application of computing technologies developed in one research context to be reapplied in other research contexts.<note>Willard McCarty refers to this exchange of methods as a <term>Methodological Commons</term> 
                  <ptr target="#mccarty2005"/>.</note>
            </p>
          </div>
          <div>
            <head>Teaching <term>Hard Interdisciplinarity</term>
            </head>
            <p>However, much of the tacit knowledge of the digital humanist in negotiating the cultural and technical capitals of the academy is, ironically, historically contingent upon the precarious institutional arrangements of the field. A field that has traditionally lacked an institutional base to support long-term research strategies has by way of historical circumstance produced some of the most intrepid <term>hard-interdisciplinary</term> scholars anywhere in the academy. This has resulted in many impressive contributions to original scholarship through, for instance, the relationship between 3D scanning and Epigraphy, grid computing and history, or text encoding and medieval studies. It is these interdisciplinary arrangements — of researchers coming to the table to build something new — that is the hallmark of the digital humanities field <ptr target="#ramsay2011"/>. This has been the case ever since 1949 when Roberta Busa began the Concordance of Thomas Aquinas (1275-1274) in conjunction with Thomas J Watson, the founder of IBM. The tool he created for performing text analysis within the massive corpus of Aquinas took 30 years to complete <ptr target="#busa2005"/>.</p>
            <p>Later interdisciplinary configurations have uncovered new knowledge about disputed texts and produced new understanding about Roman theatres using advanced visualisation methods <ptr target="#finerolls2011"/>. It is these two distinct qualities of the field, <term>hard interdisciplinarity</term> and building computing projects, which are core to the teaching and research efforts within the field. Students with these qualities are able to engage with the plethora of digital resources available from the World’s great archives and advance their meaningful interpretation and production. In other words, the digital humanities make humanists that make things and through making them, they learn about them.</p>
            <p>Thus teaching the <term>hard-interdisciplinary</term> skills of computing and the interpretative humanities is not an easy task given that they often exist in competing research cultures that are antagonistic to one another. Although many digital tools and associated methods are groundbreaking in terms of their generalisable passage across disciplines, computing technology is far from egalitarian (as some would tell us) and it is characterised by new forms of hierarchy and competing ideas. Learning to pilot through rival cultural (and economic) capitals is important for much electronic scholarship, especially since there is resistance and misunderstanding about digital technologies within the humanities (coupled with an at times unhelpful temporal-parochialism emanating from technical discourses). The digital humanities is a diverse field and there is a need to develop strategies and applications to celebrate this diversity, rather than allow one group to standardise and dominate our understanding of it (whether they be text encoding specialists, empiricists, or at times hysterical archivists!).</p>
          </div>
          <div>
            <head>
               <q>If technology is the answer, what is the question?</q>
            </head>
            <note>
              <p> British Architect Cedric rice ridiculed technical-determinist approaches in architecture <ptr target="#price1979"/>.</p>
            </note>
            <p>Thus teaching in the digital humanities field should emphasise that computing is not simply a set of techniques to achieve a predetermined set of results. Computing in the humanities is a set of humanities <emph>questions</emph> to achieve a set of challenging <emph>interpretations</emph>. Digital resources and tools are made available to students through a series of choices by their creators, educators, and administrators, and making student aware of these choices is vital for facilitating active and critical engagement with them.</p>
            <p>Therefore, teaching technical skills to humanities students – so that they are faced with the similar technical choices of developers — is one way to emphasise that computing technologies, just like the academic monologue, is a series of (applied) choices, arguments and interpretations. But not all schools are equipped to provide computer programming classes and this level of in-depth technical knowledge may not always be achievable or desirable unless the student is considering a longer-term research career in the field. A <soCalled>critical interpretation</soCalled> of digital objects may also be fostered by providing technical architectures that open-up critical interpretations of digital objects (within assessable tasks) to broader audiences of students.</p>
            <p> This latest <foreign xml:lang="fr">genre</foreign> of projects in the digital humanities are sometimes called <term>Virtual Research Environment</term> (VREs) and may lessen the need for coding projects from scratch as they provide critical access to underlying humanities data sources through an interpretive <soCalled>heuristic</soCalled> framework. This framework provides tools and services to advance understandings and meaningful interpretations of, for instance, classical corpuses or graphical or social data. Large digitisation projects such as <title rend="italic">Perseus Digital Library</title> and <title rend="italic">Thesaurus Linguae Graecae</title> now allow their corpuses to be fed into text mining systems and text encoding systems <ptr target="#crane2011"/> 
               <ptr target="#tlg2011"/> 
               <ptr target="#eaquaproject2011"/>. Tasks may be set within these <term>Virtual Research Environments</term> to invite students to locate and compare significant occurrences of terms and places in a given corpus, or compare fragmentary texts, or classify texts. As long as the technical framework and the choices being made by the developers of this framework are transparent and open to critique — and the corpus is understood in its contextual scholarly setting — the student may be able to appreciate the coming into being of knowledge (and maybe even advance it!).</p>
          </div>
          <div>
            <head>From delivery of digital objects to interpretive frameworks</head>
            <p>For many educators within the humanities, the discovery of the digital humanities, broadly defined, largely came via the World Wide Web; its tools adopted to their domain through search-engines, database construction, large-scale digitisation projects, and digital libraries. As Cathy Davidson of Duke University and co-founded of the Humanities, Arts, Science, and Technology Advanced Collaboratory (HASTAC) explains, 
              <cit>
                  <quote rend="block">The first generation of digital humanities was all about data. The excitement and impetus of digital humanities throughout much of the 1990s and continuing to the present was that massive data bases could be digitised, searched, and combined with other data bases for interoperable searches that yielded more complex and complete results in a shorter amount of time than the human mind has ever imagined possible.</quote> 
                  <ptr target="#davidson2007"/>
               </cit>
            </p>
            <p>However, new-generation digital humanities projects are not just about hastily making data available through databases or digital libraries, but are about creating scholarly, interpretive frameworks to make sense of it. These frameworks allow information to be conceptualised, visualised, analysed, and collaboratively worked upon in order to address questions often never thought possible. And VREs facilitate team and project-based work, highly suitable for the digital humanities in the classroom. In fact, the more transformative effects of digital humanities innovations have been through collaborative team-work and the ability to re-use and relate data through these capacities; again highly desirable for educational purposes <ptr target="#goldberg2007"/>. Some innovative examples include:</p>
            <list type="bulleted">
               <item>
                  <label>UCLA’s <title rend="italic">Hypermedia Berlin</title> (2008)</label>: <title rend="italic">Hypermedia Berlin</title> is a research platform and interdisciplinary collaborative environment for analysing the architectural, cultural, and urban history of Berlin over an 800 year period <ptr target="#maciuka2011"/> 
               </item>
               <item>
                  <label>Aus-e-Lit (2011)</label>: At the University of Queensland, their Aus-e-Lit project is building a system for classroom teaching and research of a Australian literature and print culture and offers <quote rend="inline">. . .compound object authoring, editing and publishing services, collaborative annotation services, data integration and search services. empirical reporting services</quote> 
                  <ptr target="#auselit2011"/>.
            </item>
               <item> 
                  <label>TAPoR (2011)</label>: TAPoR <quote rend="inline">...is a gateway to tools for sophisticated analysis and retrieval, along with representative texts for experimentation. TAPoR has built a unique human and computing infrastructure for text analysis across Canada by establishing six regional centres to form one national text analysis research network. One of the major projects of the network was the development of the portal. This portal is a gateway to tools for sophisticated analysis and retrieval, along with representative texts for experimentation...</quote> 
                  <ptr target="#rockwell2011"/>.
              <note>
                     <p> See Geoffrey Rockwell’s description of the project on Arts-humanities.net, King’s College London; <ref target="http://web.mit.edu/STS.035/www/PDFs/think.pdf">http://www.arts-humanities.net/projects/tapor_text_analysis_portal_research</ref>.</p>
                  </note>
               </item>
            </list>
            <p>A VRE is usually not one technology, but is a set of tools and methods assembled in one place to assist students to manage and model research. VREs are extendable, flexible, and work on a common framework that can be altered to support the needs of specific teaching and research scenarios. A VRE does not have to be <soCalled>large</soCalled> because it can support underlying research processes within sub-disciplines or can be constructed around a particular set of research questions and teaching scenarios. A most importantly, a VRE is especially useful for research fields not accustomed to advanced computational methods because it can support knowledge transfer in an opaque way by not just making data available, but by making it available in a way that allows for contextual critique and analysis.</p>
            <p>A VRE can be used as a framework to address numerous questions such as those relating to the collaborative analysis of historical documents for historians, to those relating to the annotation of digital media, to student peer review, meta-tagging and/or creating maps through GIS (Graphical Information Systems). A well-considered VRE does not add unnecessary layers to the research and teaching process, but understands these processes so as to build systems that efficiently utilise distributed and collaborative labour. These approaches are highly translatable to formal teaching development because they can be broken into steps, delegated to individuals or teams and are fundamentally collaborative.</p>
          </div>
          <div>
            <head>Teaching the perspective of others</head>
            <p>A challenging perspective within the digital humanities to impart to students is that the Internet and related technologies are far from being simply the <soCalled>delivery boy</soCalled> of knowledge <ptr target="#mccarty2005"/>. There is an intrinsic message within the medium that goes beyond the offerings to the user that the technical developer provides. A lack of understanding of this has often led to inadvertently biased reference points that construct unnecessarily reductive academic discourses. It is crucial to realise that choices made by programmers and developers to present and order cultural knowledge are also a component of <emph>an opinion</emph>, and without an understanding of the interpretive choices that motivate their actions, we leave a significant gap in our understanding of how developers within the digital humanities shape knowledge production and dissemination.</p>
            <p>VREs, if well constructed, may be able to guide students to understand the <term>socio-technical</term> conflicts in the learning material being offered whilst receiving reasonable coherent views of the subject matter. Teaching students how to appreciate the perspectives of others (ie. temporality versus depth, practicality and <soCalled>rigour</soCalled> versus critical speculative enquiry) is an important component of teaching computing within a humanities context (however, some students do develop highly pragmatic and instrumental understanding of computing versus a more reflective, critical and holistic analysis of the digital materials provided).</p>
            <p>VREs not only impact upon the processes of teaching, but also alter the nature of the questions being asked in the first place (and it is possible to argue that the entire history of computing has had the core endeavour to <quote rend="inline">augment the human intellect</quote> and to assist individual question and decision making processes (e.g., <ptr target="#bush1945"/>, <ptr target="#engelbart1962"/>, <ptr target="#nelson1965"/>). The approach offered by VREs combines a theoretical sophistication with technical proficiency to expose important issues to critique in ways that were previously unavailable. Students come together to explore types of collaborative activity that would otherwise be difficult or impossible. Designing this collaboration around a central theme that integrates the student experiences, the knowledge in the field, and a healthy social interaction, means that new question about the digital objects being provided may emerge <ptr target="#beane2007"/>. This yields insights and develops skills that are valuable and meaningful in humanities education whilst lessening the need to teach the basics of computer programming.</p>
          </div>
          <div>
            <head>Conclusion</head>
            <p>Many of us learnt interdiscipilarity the same way we learned about computing: the hard way. But a new generation of projects in the digital humanities may lessen the need for programming whilst to exposing to critique the underlying technical decision-making process. Whilst is it important to <soCalled>make stuff</soCalled> in the digital humanities, different schools have different capacities to do this and VREs may be one way to impart digital humanities values and processes without the need to build projects from scratch.</p>
            <p>The questions concerning technology and society go back centuries and it is naïve to believe that the digital humanities and the tools and methods produced within it fold can somehow obviate the larger ingrained structures of cultural practice in education. In the Anglo-Saxon tradition, technological education generally comes from a heritage of utilitarian and vocational training whilst the humanities have been traditionally more valued by the middle classes. Building <term>hard-interdisciplinary</term> relationships between humanities and technology should engender a critical and deeply scholarly understanding of technological production, and VREs are one way to bridge this gap in the classroom.</p>
          </div>
        </body>
        <back>
            <listBibl>
              <bibl label="Aus-e-Lit 2011" xml:id="auselit2011" key="auselit2011">
               <title rend="italic">AUS-e-Lit</title>. University of Queensland. <ref target="http://itee.uq.edu.au/~eresearch/projects/aus-e-lit/">http://itee.uq.edu.au/~eresearch/projects/aus-e-lit</ref>. (Accessed 21 May, 2011).</bibl>
              <bibl label="Beane 2007" xml:id="beane2007" key="beane2007">Beane, J. <title rend="italic">Curriculum Integration</title>. Teachers College Press: New York, 1997.</bibl>
              <bibl label="Bowman 2011" xml:id="bowman2011" key="bowman2011">Bowman, Alan. <title rend="quotes">Building a Virtual Research Enviroment for the Humanities</title>. University of Oxford. <ref target="http://bvreh.humanities.ox.ac.uk/news/e-Science_Demonstrator">http://bvreh.humanities.ox.ac.uk/news/e-Science_Demonstrator</ref>. (Accessed 21 May, 2011.)</bibl>
              <bibl label="Busa 2005" xml:id="busa2005" key="busa2005">Busa, Father Roberto. <title rend="italic">Index Thomisticus</title>. Catholic University of the Sacred Heart. Milan: 2005. <ref target="http://itreebank.marginalia.it">http://itreebank.marginalia.it</ref>. Web version available since 2005.)</bibl>
              <bibl label="Bush 1945" xml:id="bush1945" key="bush1945">Bush, Vannevar. <title rend="quotes">As We May Think</title>. <title rend="italic">The Atlantic Monthly</title>. July 1945, Available online at MIT. <ref target="http://web.mit.edu/STS.035/www/PDFs/think.pdf">http://web.mit.edu/STS.035/www/PDFs/think.pdf</ref>. (Accessed 22 May 2011.)</bibl>
              <bibl label="Crane 2011" xml:id="crane2011" key="crane2011">Crane, Greg. <title rend="italic">Perseus Digital Library</title>. Tufts University. <ref target="http://www.perseus.tufts.edu">http://www.perseus.tufts.edu</ref> (Accessed 21 May, 2011.)</bibl>
              <bibl label="Davidson 2007" xml:id="davidson2007" key="davidson2007">Davidson, Kathy. <title rend="quotes">Data Mining, Collaboration, and Institutional Infrastructure for Transforming Research and Teaching in the Human Sciences and Beyond</title>. <title rend="italic">HASTAC (Humanities, Arts, Science, and Technology, Advanced Collaboratory)</title>. Duke University, 2007. <ref target="http://www.hastac.org/blogs/cathy-davidson/data-mining-collaboration-and-institutional-infrastructure-tranforming-research">http://www.hastac.org/blogs/cathy-davidson/data-mining-collaboration-and-institutional-infrastructure-tranforming-research</ref>. (Accessed 21 May, 2011.)</bibl>
              <bibl label="Deegan 2011" xml:id="deegan2011" key="deegan2011">Deegan, Marilyn, ed. <title rend="italic">LLC: The Journal of Digital Scholarship in the Humanities</title>. Oxford: Oxford University Press, 2011.</bibl>
              <bibl label="eAqua Project 2011"
                  xml:id="eaquaproject2011"
                  key="eaquaproject2011">
               <title rend="italic">eAqua Project</title>. University of Leipzig. <ref target="http://www.eaqua.net">http://www.eaqua.net</ref>. (Accessed 21 May, 2011.)</bibl>
              <bibl label="Engelbart 1962" xml:id="engelbart1962" key="engelbart1962">Englebart, D. <title rend="italic">Augmenting Human Intellect: A Conceptual Framework</title>. Menlo Park: Stanford Research Institute, 1962. Available online at <ref target="http://www.invisiblerevolution.net/engelbart/full_62_paper_augm_hum_int.html">http://www.invisiblerevolution.net/engelbart/full_62_paper_augm_hum_int.html</ref>. (Accessed 21 May 2011.)</bibl>
              <bibl label="Fine Rolls 2011" xml:id="finerolls2011" key="finerolls2011">
               <title rend="italic">Fine Rolls of Henry III</title>. Centre for Computing in the Humanities, King's College London and partners. <ref target="http://www.finerollshenry3.org.uk/home.html">http://www.finerollshenry3.org.uk/home.html</ref>. (Accessed 21 May 2011).</bibl>
              <bibl label="Goldberg and Franklin 2007"
                  xml:id="goldberg2007"
                  key="goldberg2007">Goldberg, David Theo and Kevin D. Franklin, eds. <title rend="italic">Socializing Cyberinfrastructure: Networking the Humanities, Arts, and Social Sciences</title>. Special issue of <title rend="italic">CT Watch Quarterly</title> 3.2: 2007.</bibl>
              <bibl label="Maciuka 2011" xml:id="maciuka2011" key="maciuka2011">Maciuika, John, <title rend="italic">Hypermedia Berlin</title>. UCLA. <ref target="http://www.berlin.ucla.edu">http://www.berlin.ucla.edu</ref>. (Accessed 21 May, 2011).</bibl>
                <bibl label="Nelson 1965" xml:id="nelson1965" key="nelson1965">Nelson, Theodore H. "<title rend="quotes">A File Structure for the Complex, the Changing and the Intermediate</title>. Proceedings, Association for Computing Machinery, 1965.</bibl>
                <bibl label="Ramsay 2011b" xml:id="ramsay2011b" key="ramsay2011b">Ramsay, Stephen. UIUC. <title rend="quotes">On Building</title>. <ref target="http://lenz.unl.edu/wordpress/?p=340">http://lenz.unl.edu/wordpress/?p=340</ref>. (Accessed 21 May, 2011.)</bibl>
                <bibl label="McCarty 2005" xml:id="mccarty2005" key="mccarty2005">McCarty, Willard. <title rend="italic">Humanities Computing</title>. Basingstoke: Palgrave MacMillan, 2005.</bibl>
              <bibl label="Price 1979" xml:id="price1979" key="price1979">Price, Cedric. London: Pidgeon Audio Visual/World Microfilms, 1979</bibl>
                <bibl label="Rockwell 2011b" xml:id="rockwell2011b" key="rockwell2011b">Rockwell, Geoffrey. <title rend="italic">TAPoR</title> (Text Analysis Portal). University of Alberta. <ref target="http://portal.tapor.ca">http://portal.tapor.ca</ref>. (Accessed 21 May, 2011.)</bibl>
              <bibl label="Rockwell and Newman 2009"
                  xml:id="rockwell2009"
                  key="rockwell2009">Rockwell, Geoffrey and John Newman. <title rend="quotes">How Do You Define Humanities Computing/Digital Humanities?</title> Tapor Project, University of Alberta. 2009. <ref target="http://tapor.ualberta.ca/taporwiki/index.php/How_do_you_define_Humanities_Computing_/_Digital_Humanities%3F#How_do_you_define_Humanities_Computing_.2F_Digital_Humanities.3F_.282009.29">http://tapor.ualberta.ca/taporwiki/index.php/How_do_you_define_Humanities_Computing_/_Digital_Humanities%3F#How_do_you_define_Humanities_Computing_.2F_Digital_Humanities.3F_.282009.29</ref>; (Accessed 21 May 2011).</bibl>
                <bibl label="Thesaurus Linguae Gracae 2011"
                  xml:id="tlg2011"
                  key="tlg2011">Thesaurus Linguae Graecae (TLG). University of California, Irvine. <ref target="http://www.tlg.uci.edu">http://www.tlg.uci.edu</ref>. (Accessed 21 May, 2011.)</bibl>
            </listBibl>
        </back>
    </text>
</TEI>
