<?xml version="1.0" encoding="UTF-8"?>
<?oxygen RNGSchema="../../common/schema/DHQauthor-TEI.rng" type="xml"?>
<?oxygen SCHSchema="../../common/schema/dhqTEI-ready.sch"?>
<TEI xmlns="http://www.tei-c.org/ns/1.0"
     xmlns:cc="http://web.resource.org/cc/"
     xmlns:rdf="http://www.w3.org/1999/02/22-rdf-syntax-ns#"
     xmlns:dhq="http://www.digitalhumanities.org/ns/dhq">
   <teiHeader>
      <fileDesc>
         <titleStmt>
            <!-- Author should supply the title and personal information-->
            <title type="article">A Design Methodology for Web-based Sound Archives</title>
            <dhq:authorInfo>
               <!-- Include a separate <dhq:authorInfo> element for each author -->
               <dhq:author_name>Annie <dhq:family>Murray</dhq:family>
               </dhq:author_name>
               <dhq:affiliation>University of Calgary</dhq:affiliation>
               <email>amurr@ucalgary.ca</email>
               <dhq:bio>
                  <p>Andrea (Annie) Murray is Curator of Rare Books and Manuscripts and Head, Special Collections at the University of Calgary. Formerly, she was Digital and Special Collections Librarian at Concordia University in Montreal. Her research and professional interests include special and digital collections, literary archives, the design of web-based sound archives for performed poetry, and scholarly communication in general. She holds a Master of Arts in English Language and Literature and a Master of Library and Information Studies, both from the University of British Columbia.</p>
               </dhq:bio>
            </dhq:authorInfo>
            <dhq:authorInfo>
               <dhq:author_name>Jared <dhq:family>Wiercinski</dhq:family>
               </dhq:author_name>
               <dhq:affiliation>Concordia University</dhq:affiliation>
               <email>jared.wiercinski@concordia.ca</email>
               <dhq:bio>
                  <p>Jared Wiercinski is Digital Services and Outreach Librarian at Concordia University in Montréal, Québec. His research interests include digital audio, digital libraries, and web-based sound and video archives. He holds a Master of Library and Information Studies from McGill University and a Bachelor of Arts degree from the University of British Columbia.</p>
               </dhq:bio>
            </dhq:authorInfo>
         </titleStmt>
         <publicationStmt>
            <!-- This information will be completed at publication -->
            <idno type="DHQarticle-id">000173</idno>
            <idno type="volume">008</idno>
            <idno type="issue">2</idno>
            <date when="2014-04-30">30 April 2014</date>
            <dhq:articleType>article</dhq:articleType>
            <availability>
               <cc:License rdf:about="http://creativecommons.org/licenses/by-nc-nd/2.5/"/>
            </availability>
         </publicationStmt>
         
         <sourceDesc>
            <p>This is the source</p>
         </sourceDesc>
      </fileDesc>
      <encodingDesc>
         <classDecl>
            <taxonomy xml:id="dhq_keywords">
               <bibl>DHQ classification scheme; full list available at <ref target="http://www.digitalhumanities.org/dhq/taxonomy.xml">http://www.digitalhumanities.org/dhq/taxonomy.xml</ref>
               </bibl>
            </taxonomy>
            <taxonomy xml:id="authorial_keywords">
               <bibl>scholarly information activities, scholarly primitives, humanities, sound archives, close listening, ontologies, digital infrastructure, digital humanities</bibl>
            </taxonomy>
         </classDecl>
      </encodingDesc>
      <profileDesc>
         <langUsage>
            <language ident="en"/>
         </langUsage>
         <textClass>
            <keywords scheme="#dhq_keywords">
               <!-- Authors may suggest one or more keywords from the DHQ keyword list, visible at http://www.digitalhumanities.org/dhq/taxonomy.xml; these may be supplemented or modified by DHQ editors -->
               <list type="simple">
                  <item/>
               </list>
            </keywords>
            <keywords scheme="#authorial_keywords">
               <!-- Authors may include one or more keywords of their choice -->
               <list type="simple">
                  <item/>
               </list>
            </keywords>
         </textClass>
      </profileDesc>
      <revisionDesc>
         <!-- Each change should include @who and @when as well as a brief note on what was done. -->
         <change when="2014-01-26" who="MCC">Encoded article</change>
      </revisionDesc>
   </teiHeader>
   
   <text>
      <front>
         <dhq:abstract>
            <!-- Include a brief abstract of the article -->
            <p>Well-designed digital tools facilitate the creation of new knowledge in the humanities. Good design is user-centered, focused, and needs-driven, all of which depend on a rich understanding of the target audience or end user. Unsworth’s scholarly primitives <ptr target="#unsworth2000"/> and the work of Palmer, Teffeau and Pirmann <ptr target="#palmer2009"/> on scholarly information practices provide a framework for understanding how humanities scholars do their work. We propose applying this framework to the design of a spoken word archive, with the aim of designing a digital tool that is optimized for the documented practices of scholars. We propose that listening and annotation are key activities of humanities scholars performing literary criticism of audio recordings. Taking the SpokenWeb poetry project as an example, we discuss how designing a web-based tool with these key activities in mind could facilitate close and critical engagement with recordings of spoken poetry. We present a methodology for designing a web-based sound archive for literary criticism and we propose features and functionalities that facilitate this criticism. </p>
         </dhq:abstract>
         <dhq:teaser>
            <!-- Include a brief teaser, no more than a phrase or a single sentence -->
            <p>Designing sound archives that will get used</p>
         </dhq:teaser>
      </front>
      <body>
         <head>A Design Methodology for Web-based Sound Archives</head>
         <cit>
            <quote rend="block">[P]roviding the collections and tools needed for producing new scholarship is arguably the most important role for cyberinfrastructure and will require a digital resource base <quote rend="inline">that is developed for specific scholarly purposes</quote>.</quote>
            <bibl>Palmer, Teffeau &amp; Pirmann, <title rend="italic">Scholarly Information Practices in the Online Environment: Themes from the Literature and Implications for Library Service Development</title> 
               <ptr target="#palmer2009"/>
            </bibl>
         </cit>
            <div>
            <head>Introduction</head>
            <p>As more digital libraries and digital humanities projects are developed, it is crucial to ensure that they are designed with the user experience in mind so that they are useful, sustainable, and can help generate new methodologies and knowledge in the humanities. Academic and memory institutions increasingly recognize the importance of acquiring and making available unique or primary source materials that will stimulate new scholarship. As rich scholarly resources are increasingly made available on the Web, scholars and designers need to create user interfaces that take into account how humanities scholars work and behave. Instead of expecting researchers to conform to an interface that does little more than present a collection, we should design scholarly tools that conform and adapt to the detailed and documented practices of scholars. We should create tools to disseminate primary source materials, and these tools should be supportive of the formative stages of the research and writing practices of humanities scholars.</p>
            <p>The researchers from the SpokenWeb project, based in Montreal, Canada, are designing a digital spoken word archive of digitized archival recordings of poetry readings given in Montreal from 1966-1974 by major North American poets. In doing so, we hope to develop new forms of critical engagement with literary recordings and to develop a comprehensive, modular and adaptable template for the handling of spoken word archives. Eventually, we hope that other scholars and institutions with analogous holdings of literary recordings can adopt and adapt SpokenWeb for their own recordings.</p>
            <p>The primary goal of the SpokenWeb project is to create a sound archive that encourages scholars to engage with the sound recordings in ways that facilitate their research. Whereas for many sound archives the focus is accessibility (i.e. simply making a collection of sound recordings web accessible), SpokenWeb’s focus is interactivity and productivity. The aim is to include design features grounded in empirical research on the needs of humanities scholars, in order to facilitate the types of activities and tasks that are the building blocks of their research, and also to experiment with innovative features that help scholars engage with the sound archive in generative ways that they did not realize were possible.</p>
            <p>UbuWeb is a web-based educational archive of avante-garde audio, visual and textual material, where the emphasis is strictly on accessibility: sound recordings on the site are accessible via a minimalistic playback interface where the only options are the playback and bookmarking of recordings. SpokenWeb, in contrast, aims to include features and tools which facilitate scholarship directly into the web interface through tools to compare multiple sound recordings or transcripts side-by-side, tools for sound visualization and playback manipulation, and the ability to annotate a poetic work with scholarly commentary.</p>
            <p>While many scholars use sites like UbuWeb for their scholarly activity, most of that scholarly activity likely takes place outside the site. Users can download files from UbuWeb, for example, for closer analysis of a given piece. The minimal design of UbuWeb does not leave room for an extensive array of tools to help scholars engage with the site’s content. SpokenWeb’s aim is to design a sound archive that promotes in-site scholarly activity. Thus the goal is to have scholars both access and engage with the content on the web.</p>
            <p>On a technical level, SpokenWeb is built using the WordPress content management system (CMS) and incorporates SoundCloud’s media player with its application programming interface (API). While we are evaluating several CMS systems, WordPress is the current front-runner based on its large user community and high degree of replicability. This ease of replication is important given our stated goal of creating a sound archive <q>recipe</q> that other cultural heritage institutions can follow, in order to open their own collections to scholarly activity. SoundCloud’s robust media player and API is particularly important, as it allows us to experiment with innovative features such as sound visualization, tethering the audio playback to a written transcript, and playback manipulation, features that all depend on an API. Archival copies of the sound recordings are stored offline in WAV format. Access copies are MP3s (encoded at 320 kilobits per second) that are streamed via the SoundCloud player. For copyright reasons, the majority of the sound recordings are password protected, with access limited to selected users for educational purposes. A small number of files are publicly accessible.</p>
            <figure>
               <head>Screen capture of audio playback on the SpokenWeb site. Among the site’s features are sound visualization, in the form of a waveform display, and tethered playback, where the transcript is hyperlinked to different time points in the playback.</head>
               <graphic url="resources/images/figure01.png"/>
               <figDesc>Screen capture of audio playback on the SpokenWeb site.</figDesc>
            </figure>
            <p>Using 89 recordings of poetry readings from a dynamic period in North American poetry, the SpokenWeb team of literary scholars, designers, computer scientists and librarians is developing a flexible and modular interface that tries to foster a critical practice of close listening. Close listening is an approach and practice of deep engagement with performed or recorded poems (sometimes referred to as audiotexts) that has been developed and encouraged by poet Charles Bernstein in his various writings and through his co-founding, with Al Filreis, of the PennSound website. Bernstein foregrounds the importance of sounded poetry, arguing that <cit>
                  <quote rend="block">To be heard, poetry needs to be sounded - whether in a process of active, or interactive, reading of a work or by the poet in performance. Unsounded poetry remains inert marks on a page, waiting to be called into use by saying, or hearing, the words aloud.</quote> 
                  <ptr target="#bernstein1998" loc="7"/>
               </cit>
            </p>
            <p>Bernstein affirms that the sound of poetry contributes to its meaning, and that <cit>
                  <quote rend="inline">poets, especially twentieth-century innovative poets, work with sound as material, where sound is neither arbitrary nor secondary but constitutive</quote> 
                  <ptr target="#bernstein1998" loc="4"/>
               </cit>. He also cites the poetry reading in particular as <cit>
                  <quote rend="block">...one of the most important sites for the dissemination of poetic works in North America, yet studies of the distinctive features of the poem-in-performance have been rare (even full-length studies of a poet’s work routinely ignore the audiotext), and readings - no matter how well attended - are rarely reviewed by newspapers or magazines).....A large archive of audio and videos documents, dating back to an early recording of Tennyson’s almost inaudible voice, awaits serious study and interpretation.</quote>
                  <ptr target="#bernstein1998" loc="5"/>
               </cit>
            </p>
            <p>The purpose of this article is to address a specific format (digital audio) used by researchers undertaking a particular humanist activity (literary criticism) when they engage with recordings of poetry readings. Drawing upon the literature of scholarly information use and behavior, we determined that two key activities in literary criticism - reading and notetaking - would likely find their corollary activities of listening and notetaking in the online audio environment. Our desire to develop a sound archive based on the actual behavior of humanities scholars is challenged by limited knowledge of how scholars of any kind conduct research that relies on listening instead of reading. Despite our goal to develop tools appropriate to the literary enterprise, criticism of sounded poems is new and consequently under-documented within the field of information studies. In this absence, we are (somewhat) hopefully adapting known behaviors of literary scholars and imagining how they might be replicated or adapted in an online audio environment. While we fully intend this to be an exercise in evidence-based design, we will rely on an iterative design process that includes user testing to elucidate user needs.</p>
            <p>There is a need for research that explores how scholars engage with audio recordings in their work. Ideally, observation of researchers using audio formats would be the basis for a considered ethnography of scholarly listening practices. Historically, audio recordings have presented challenges as a research format. Recordings are often stored on fragile and degrading magnetic media, require specific and possibly obsolete playback equipment, and are hard to manipulate and annotate. As digital objects, sound recordings are still somewhat difficult to navigate, annotate and manipulate. Most media players in sound archives tend to offer very limited playback functionalities. Digital audio presents interesting options for the navigation and annotation of sound; options that are simply not possible in the analogue realm. With well-developed digital audio workstations, we may be able to <q>unlock</q> much media content from earlier format limitations.</p>
            <p>We explore models of scholarly behavior and investigate the different phases of scholarly research in order to reveal what specific scholarly functions we could and should facilitate in an online sound archive. Taking into account other models of research processes developed by researchers who studied literary critics or music scholars, we speculate what system requirements or design features might best suit literary criticism of sounded poems. We draw upon cognitive and multimedia studies that ground learning in more than one sense modality at a time (summarized in <ptr target="#murray2012"/>. For the sake of brevity, we focus on two activities that are central to literary criticism - reading and note taking - and suggest features to facilitate and enhance these core activities in a web-based sound archive.  We are guided by the following idea expressed in <title rend="italic">Our Cultural Commonwealth</title> that: <quote rend="inline">providing the collections and tools needed for producing new scholarship is arguably the most important role for cyberinfrastructure and will require a digital resource base <quote rend="inline">that is developed for specific scholarly processes</quote>
               </quote> (cited in <ptr target="#palmer2009" loc="34"/>). In this spirit, we present a brief design methodology at the paper’s conclusion, with the goal of responding to known scholarly habits and processes.</p>
         </div>
         <div>
            <head>Scholarly Primitives, Information Activities, and Practices</head>
            <p>John Unsworth proposed the notion of scholarly primitives, which are <cit>
                  <quote rend="inline">basic functions common to scholarly activity across disciplines, over time, and independent of theoretical orientation</quote> 
                  <ptr target="#unsworth2000"/>
               </cit>. These intentionally abstract primitives, the atomic elements of scholarly activities and processes, include the following:</p>
            <list>
               <item>Discovering</item>
               <item>Annotating</item>
               <item>Comparing</item>
               <item>Referring</item>
               <item>Sampling</item>
               <item>Illustrating</item>
               <item>Representing</item>
            </list>
            <p>Scholarly primitives <quote rend="inline">are basic to scholarship across eras and across media,</quote> and arose from the need to build improved networked tools for humanities scholars. The goal was to better understand the scholarly process and its composite activities in order to develop tools that facilitate them, to <cit>
                  <quote rend="inline">imagine some basic functions of scholarship that might be embodied in tools which, given a common architecture, could be combined to accomplish higher-order (axiomatic) functions</quote> 
                  <ptr target="#unsworth2000"/>
               </cit>. Unsworth’s list was offered in the spirit of starting a conversation, and was not meant to be definitive or exhaustive.</p>
            <p>Palmer and her colleagues refined the scholarly primitives concept by emphasizing <cit>
                  <quote rend="inline">the explicit role of information in the conduct of research and production of scholarship</quote> 
                  <ptr target="#palmer2008"/>
               </cit> and by <cit>
                  <quote rend="inline">emphasizing a sense of the primitive as something at the base or beginning of a larger process</quote> 
                  <ptr target="#palmer2009"/>
               </cit>. Palmer et al. modify Unsworth’s vocabulary and propose a more elaborate framework that consists of scholarly information activities which include searching, collecting, reading, writing, and collaborating. The activities are then comprised of more granular activities, which they label as primitives. Further, they propose the idea of <quote rend="inline">cross-cutting primitives</quote> which are component, granular activities that are not tied to any one particular information activity and which are typically applicable to more than one.</p>
            <list>
               <head>The five core scholarly activities and their primitives <ptr target="#palmer2009"/>
               </head>
               <item>
                  <label>1. Searching</label> 
                  <list>
                     <item>1.1 Direct searching</item>
                     <item>1.2 Chaining</item>
                     <item>1.3 Browsing</item>
                     <item>1.4 Probing</item>
                     <item>1.5 Accessing</item>
                  </list>
               </item>
               <item>
                  <label>2. Collecting</label>
                  <list>
                     <item>2.1 Gathering</item>
                     <item>2.2 Organizing</item>
                  </list>
               </item>
               <item>
                  <label>3. Reading</label>
                  <list>
                     <item>3.1 Scanning</item>
                     <item>3.2 Assessing</item>
                     <item>3.3 Rereading</item>
                  </list>
               </item>
               <item>
                  <label>4. Writing</label>
                  <list>
                     <item>4.1 Assembling</item>
                     <item>4.2 Co-authoring</item>
                     <item>4.3 Disseminating</item>
                  </list>
                  </item>
               <item>
                  <label>5. Collaborating</label>
                  <list>
                     <item>5.1 Coordinating</item>
                     <item>5.2 Networking</item>
                     <item>5.3 Consulting</item>
                  </list>
                  </item>
                  <item>
                  <label>6. Cross-cutting Primitives</label>
                  
                    <list> 
                       <item>6.1 Monitoring</item>
                     <item>6.2 Notetaking</item>
                     <item>6.3 Translating</item>
                     <item>6.4 Data Practices</item>
                  </list>
                     </item>
                 </list>
               <p>Whereas Unsworth is deliberately format neutral, Palmer et al. are primarily grounded in a text-based world of information. Their framework includes the activity of reading - a text-based activity - but excludes listening and viewing, activities that are associated with audio, video, or image formats. An audio recording of an interview or a video recording of a news broadcast contain information in much the same way that a text document does. So for our purposes, we remedy this text-centric tendency by supplementing Palmer’s scholarly activity of reading with the additional activities of listening and viewing. With audio formats, the primitives tied to reading (i.e., scanning, assessing, and re-reading) also roughly translate to listening, with a slight adjustment. The activity of listening, for example, would include the primitives of scanning, assessing, and re-listening.</p>
            <p>The multi-institutional and interdisciplinary Project Bamboo strikes a balance between Unsworth’s minimalist, abstract and format-neutral primitives and Palmer et al.’s more detailed but textually-anchored information activities by introducing <q>themes</q> of scholarly practice. These <q>themes</q> originate from a workshop that <cit>
                  <quote rend="inline">...brought together scholars, IT professionals, and librarians from around the world to chart a direction for cyberinfrastructure development in the humanities</quote> 
                  <ptr target="#project2010" loc="1"/>
               </cit>.</p>
            <p>Project Bamboo’s framework proposes additional format-neutral activities such as modeling, visualizing, and synthesizing which enrich the contributions of Unsworth and Palmer. Table 1 shows the relationship between the Bamboo scholarly themes, the Unsworth primitives, and Palmer et al.’s scholarly information activities <ptr target="#project2010"/>.</p>
            <table>
               <head>The relationship between the Project Bamboo scholarly themes, Unsworth’s primitives, and Palmer et al.’s scholarly information activities (<ptr target="#project2010" loc="2–3"/>, reproduced with permission)</head>
               <row>
                  <cell>
                  Bamboo theme of scholarly practice
               </cell>
                  <cell>Unsworth primitive</cell>
                  <cell>
                  OCLC scholarly information activity
               </cell>
               </row>
               <row>
                  <cell>Gathering / Foraging</cell>
                  <cell>Discovery</cell>
                  <cell>
                  Searching (direct searching,
                  chaining, browsing, probing,
                  accessing)
               </cell>
               </row>
               <row>
                  <cell>Synthesizing / Filtering</cell>
                  <cell>
                  Comparing
                  <lb/>Sampling
               </cell>
                  <cell>
                  Collecting (gathering,
                  organizing)
               </cell>
               </row>
               <row>
                  <cell>Contextualizing</cell>
                  <cell>Referring</cell>
                  <cell>
                  Searching (chaining, browsing,
                  probing)
                  <lb/>Collecting (organizing)
                  <lb/>Cross-cutting (monitoring)
               </cell>
               </row>
               <row>
                  <cell>
                  Conceptualizing,
                  <lb/>Refining and Critiquing
               </cell>
                  <cell>
                  Illustrating
                  <lb/>Representing
                  <lb/>Comparing
               </cell>
                  <cell>
                  Reading (scanning, assessing,
                  rereading)
                  <lb/>Cross-cutting (notetaking,
                  translating)
                  <lb/>Writing (assembling)
                  <lb/>Collaborating (consulting)
               </cell>
               </row>
               <row>
                  <cell>Documenting methods</cell>
                  <cell>Representing</cell>
                  <cell>
                  Writing (disseminating)
                  <lb/>Cross-cutting (translating)
               </cell>
               </row>
               <row>
                  <cell>Managing data</cell>
                  <cell>
                  Discovering
                  <lb/>Referring
                  <lb/>Representing
               </cell>
                  <cell>
                  Searching (accessing)
                  <lb/>Collecting (organizing)
                  <lb/>Collaborating (coordinating,
                  consulting)
               </cell>
               </row>
               <row>
                  <cell>
                  Annotating /
                  <lb/>documenting
               </cell>
                  <cell>Annotating</cell>
                  <cell>
                  Writing (assembling)
                  <lb/>Cross-cutting (notetaking)
               </cell>
               </row>
               <row>
                  <cell>Modeling / visualizing</cell>
                  <cell>
                  Illustrating
                  <lb/>Representing
               </cell>
                  <cell>
                  Cross-cutting (translating)
                  <lb/>Writing (assembling)
               </cell>
               </row>
               <row>
                  <cell>
                  Overlapping teaching
                  and research
               </cell>
                  <cell>Representing</cell>
                  <cell>
                  Collaborating (coordinating)
                  <lb/>Cross-cutting (translating)
               </cell>
               </row>
               <row>
                  <cell>
                  Sharing / dissemination / publishing
               </cell>
                  <cell>Representing</cell>
                  <cell>Writing (disseminating)</cell>
               </row>
               <row>
                  <cell>Funding</cell>
                  <cell>Suggested parenthetically</cell>
                  <cell>No analogue</cell>
               </row>
               <row>
                  <cell>Collaborating</cell>
                  <cell>
                  Common thread throughout
                  scholarly primitives, not listed
                  separately
               </cell>
                  <cell>
                  Writing (co-authoring)
                  <lb/>Collaborating (coordinating,
                  networking, consulting)
               </cell>
               </row>
               <row>
                  <cell>Citation, credit, peer-review</cell>
                  <cell>Referring</cell>
                  <cell>
                  Reading (assessing)
                  <lb/>Writing (dissemination)
                  <lb/>Collaborating (consulting)
               </cell>
               </row>
            </table>
            <p>For us, the conceptual framework of the scholarly primitives functions as a type of abstract checklist for building new digital tools. The primitives call attention to the types of activities that scholars need to do. Accordingly, we need to plan and design environments with functionalities that will facilitate the primitives.</p>
            <p>To take Unsworth’s primitive of <q>discovery</q> as an example, we will ensure that the SpokenWeb sound archive facilitates scholars’ discovery of the content within our archive, and that it promotes discovery of connections and relationships between individual items such as poems, particular recordings, transcriptions, and so forth. This could take the form of search functionality, perhaps in the form of a simple search box, but could also include more sophisticated browsing tools which allow a scholar to explore the recordings without having a fixed starting point (i.e. a particular author, topic, or terminology) in mind. For instance, our browsing tools should facilitate serendipity.</p>
            <p>Unsworth’s primitives are a good starting point for this type of checklist, but by their very nature they are abstract and general. To improve our design checklist, we look at Palmer et al.’s scholarly information activities and the Bamboo project’s themes of scholarly practice. Both of these frameworks are more specific than Unsworth’s list, and are grounded in empirical research that shows, among other things, that the types of activities that scholars engage in will vary as a result of their disciplinary approach. From a design perspective, then, questions about the intended audience begin to emerge. The SpokenWeb project has to take into account the discipline-specific behavior of literary scholars.</p>
            <p>Palmer et al.’s <title rend="italic">Scholarly Information Practices in the Online Environment</title> summarizes scholarly information activities across disciplines. Figure 2 provides a summary of the scholarly primitives associated with the humanities and sciences, as well as those involved in interdisciplinary ventures.</p>
            <figure>
               <head>Scholarly primitives associated with disciplinary approach (<ptr target="#palmer2009" loc="35"/>, reproduced with permission</head>
               <graphic url="resources/images/figure02.png"/>
               <figDesc>Venn diagram showing three intersecting domains: Humanities, Sciences, and Interdisciplinary. </figDesc>
            </figure>
            <p>Not surprisingly, scholars from different disciplines tend to engage in certain activities more than others. For example, browsing and rereading are important for humanities scholars, as we see in Figure 2, whereas direct searching and data sharing are more important for scientists. Our project pays close attention to Palmer et al.’s conclusion that <cit>
                  <quote rend="inline">...humanities scholars and other researchers deeply engaged in interpreting source material rely heavily on browsing, collecting, re-reading and notetaking</quote> 
                  <ptr target="#palmer2009" loc="35"/>
               </cit>. Accordingly, we are designing the SpokenWeb with features that facilitate these core activities.</p>
            <p>In addition to questions of audience we want to pay close attention to the related and important question of format. As previously discussed, Palmer et al. are somewhat biased towards text-based information. Palmer et al. do list the specific formats that are typically used by a given discipline (e.g. in the <quote rend="inline">Source materials by discipline reported in the RLG reports</quote> table on page 5), but they do not talk about the relationship between scholarly activities and non-text formats. Non-textual formats are increasingly used in scholarship, and they deserve careful attention from designers of tools. Scholarly activities change depending on the information format being used. In our view, activities that need to be supported for the use of audio formats are listening, re-listening, and manipulating the playback of recordings.</p>
            <p>As noted, we have by necessity extended the scholarly information activity of <q>reading</q> as a placeholder for a slightly broader spectrum of intake or <q>consumptive</q> activities extending beyond the world of text into audio and visual realms. Our project supplements the list of core humanities primitives that we will prioritize in the site’s design (i.e., browsing, collecting, re-reading and notetaking) with the additional scholarly activities of listening and viewing, and their corresponding primitives (e.g., re-listening, re-viewing, et cetera).</p>
            <p>Unsworth’s primitives thus serve as a useful starting point or checklist for those who are designing digital tools. Palmer et al.’s scholarly information activities and Project Bamboo’s themes of scholarly practice provide empirically-grounded considerations for that checklist and raise important questions of audience and format.</p>
         </div>
         <div>
            <head>Reading Audio and Annotating Sound</head>
            <p>We were unable to find empirical research that provided a detailed account of how scholars work with audio recordings.</p>
            <p>Clara Chu’s descriptive model of the research process of literary critics shows the role of information sources at each stage, though audio recordings are not specifically addressed. As she notes, <cit>
                  <quote rend="inline">the body of literature dealing with the information needs and uses of literary scholars is small</quote> 
                  <ptr target="#chu1999" loc="249"/>
               </cit>. Her study identifies the following phases of literary critical work:</p>
            <list>
               <item>Idea Generation</item>
               <item>Preparation</item>
               <item>Elaboration</item>
               <item>Analysis and Writing</item>
               <item>Dissemination </item>
               <item>Further Writing and Dissemination</item>
            </list>
            <p>Chu notes that literary criticism is not a <quote rend="inline">clearly defined step-by-step sequential process.</quote> In this model, information use, and the reading and re-reading of the text being studied occurs extensively in both the Preparation and Analysis and Writing stages. Naturally, we then ask how literary criticism might occur in a digital audio environment. Does the use of sounded poems yield any variation to the model of literary criticism suggested by Chu? Indeed, she recommends that a study is needed of the <cit>
                  <quote rend="inline">way information technologies and the availability of electronic texts may be affecting literary critics’ work, communication, and information seeking</quote> 
                  <ptr target="#chu1999" loc="270"/>
               </cit>.</p>
            <div>
               <head>Reading Audio</head>
               <p>We wonder the extent to which the practice of careful reading and re-reading of text is replicated when a literary recording, as opposed to a printed text, is the object of study. To facilitate the practice Charles Bernstein has termed <q>close listening,</q> we are building SpokenWeb to explore how scholarly <emph>reading</emph> practices might inform scholarly <emph>listening</emph> practices. We assume that critics will need to listen repeatedly to particular passages in a web-based audio environment. Thus the chosen media player should facilitate the user’s ability to listen, slow down, pause, loop and repeat particular passages of the recording. Further, there may be a feedback loop between the listening tools or playback device and the process of close listening. Close listening could be a much richer experience in a well-designed web-based sound archive, with features that facilitate sophisticated manipulation of playback, than might be possible with playback on an analog reel-to-reel machine, for example. New tools, with the right features, could facilitate new ways of close listening.</p>
               <p>Given the absence of a body of literature which explains how scholars approach a sounded as opposed to a printed poem, we provisionally suggest that the attentiveness to the text, signaled by careful and repeated reading of a poem, will have strong carryover to the way a scholar would listen critically to a performed poem. To facilitate the reading of poems with both the eyes and the ears, the SpokenWeb has integrated transcripts of the audio recordings into the web interface. It is possible for scholars to listen to and/or read the content of the poetry readings. Since much learning we do is multimodal in nature, we recognize that other modalities inform listening <ptr target="#murray2012"/>. We believe having the option to read words as one listens to poems could benefit the researcher by enhancing comprehension and analysis of the recording.</p>
               <p>The ways in which scholars read is varied. In her work interviewing humanities scholars about their practices, Oya Rieger noted: <cit>
                     <quote rend="block">Reading, which is a critical process in research, is a multiply nuanced concept, with each type serving a unique purpose. The scholars I interviewed referred to multiple types of reading such as deep reading, close reading, skimming, or eyeballing. They emphasized that re-reading was a significant part of interpretive work and involved periodic interactions with selected texts.</quote>
                     <ptr target="#rieger2010" loc="87"/>
                  </cit>
               </p>
               <p>Chu suggests that reading is a process that occurs repeatedly throughout the different phases of a literary critic’s work <ptr target="#chu1999"/>. Humanities scholars in particular tend to read and re-read texts, and as Palmer, Teffau and Pirmann suggest, <cit>
                     <quote rend="inline">Re-reading is one of the primary reasons that scholars build personal collections. For humanities scholars, rereading a work is a significant part of interpretation and analysis</quote> 
                     <ptr target="#palmer2009" loc="21"/>
                  </cit>. Basic audio players featured in most web-based collections of literary recordings are not conducive to repeated listening of poems, as they do not allow the listener certain basic controls over the recording. In the SpokenWeb interface, we strive to allow the listener more control over the recording so that the reading/listening process can be conducted as much as possible on the scholar’s terms. For this reason, we have adopted Soundcloud’s media player, designed for electronic musicians and DJs, because it allows for more user control of the recording. Many libraries and archives are limited in digitization resources and could become focused on the digitization process itself and the attendant storage or metadata creation costs to the extent that the usability of the digitized content understandably becomes a low priority. For this reason, we hope to contribute an adaptable and user-friendly platform for providing access to digitized or born-digital audio recordings.</p>
               <p>Perhaps the work habits of music scholars can shed light on how a group of researchers works with recordings and textual sources simultaneously, since a composer or music historian might be listening to a performance and studying a score at the same time in the way a literary critic might sit and listen to a recording and consult a print book or a transcription at the same time.</p>
               <p>According to Brown, the most commonly used information resources in music research are print, audio, and video sources. She notes that <cit>
                     <quote rend="inline">[t]he relatively high ranking of recordings shows the great importance of listening in the research process</quote> 
                     <ptr target="#brown2002" loc="82"/>
                  </cit>. While the study did not provide details about the scholarly listening process, one participant in the study remarked that <cit>
                     <quote rend="inline">one of the things that is so basic to this kind of work is that you are constantly working back and forth from the example [a music recording] to the text [the criticism being written], back to the example, back to the text</quote> 
                     <ptr target="#brown2002" loc="86"/>
                  </cit>. She also notes <cit>
                     <quote rend="inline">this constant going back and forth is a real feature of writing about music</quote> 
                     <ptr target="#brown2002" loc="86"/>
                  </cit>. We suspect that this is how criticism of sounded poems might be performed as well: the critic is constantly listening and re-playing parts of the recording as she writes. Therefore, it is essential to make this kind of switching between activities (listening, reading, and writing) as natural and seamless as possible in a web-based environment.</p>
               <p>It is often noted how Web browsers and online research materials tend to lead to a more shallow kind of reading, or at least change the nature of the reading experience <ptr target="#nicholas2012"/> 
                  <ptr target="#cull2011"/> 
                  <ptr target="#carr2010"/>. These cultural critics tend to mourn the gradual reduction of sustained reading practices that largely characterized reading in the print world. We thus wonder how the practice of literary criticism will evolve with audiotexts and the increasing use of online resources in general. Not only are scholars engaging with an audio performance of a poem, but they are also doing so through a web-based tool. What does this mean for the critical practice of a literary scholar? This type of literary study will bring with it the need to explore how listening online compares to reading in print; the new habits that would emerge from such a practice; and a consideration of what it means to work with poetry in auditory instead of visual and typographic terms. Finally, what are the implications of our interactions with sound being mediated through a visual interface on a computer screen?</p>
            </div>
            <div>
               <head>Annotating Sound</head>
               <p>Having established the primacy of reading for humanities scholars, and the emerging importance of reading and listening for scholars of sounded poetry, we can now address a related scholarly primitive, annotation, and the related information practice of notetaking. Brockman et al. (as cited in <ptr target="#palmer2009"/> and Palmer &amp; Neumann <ptr target="#palmer2002"/> establish reading and writing as fundamental activities for humanities scholars. Scholarly notetaking is an activity that enhances reading and forms a bridge towards a later finished work of written criticism. As a scholarly practice, notetaking is critical to both the reading and writing phases of literary work.</p>
               <p>Hillesund’s <ptr target="#hillesund2010"/> study of a group of humanities and social science researchers sheds lights on scholarly work processes in its efforts to describe reading behavior all the while acknowledging that <quote rend="inline">reading is a most familiar activity, solidly packed and sedimented. It is one of those deep and complex phenomena that are so close to the mundane that their basic traits are hard to discover and talk about.</quote>What becomes clear is how physical and material the act of reading is, how tied to the body, space and objects. According to Hillesund, annotation improves comprehension of text, slows the pace of reading, and helps scholars to record and remember points. The <quote rend="inline">annotation habit is probably a way of processing information, giving it time to fit into schemas in long-term memory and provide time and space for reflection and discovery of inferences.</quote> Given the <quote rend="inline">kinaesthesia, and motor control (dexterity) as well as tactile and visual perception</quote> that characterize scholarly reading and writing, we can see how important and challenging it is to develop ways of delivering digital content that work in keeping with deeply embedded physical and mental processes associated with reading and writing. Thus, reading and writing are deeply intertwined in the scholarly process, and notetaking is a central behavior to both. Most digital tools have a long way to go in facilitating this most critical activity in scholarship. Again, we note that tools for text annotation and manipulation have received much more development and critical attention in the Digital Humanities, while tools for annotation of audio formats instead take their cues from web-based entertainment sites, e-learning environments and online music delivery and discovery tools.</p>
               <p>The sheer volume of valuable but fragile analogue audio material in libraries and archives suggests that many institutions will face the challenge of not only offering digitized recordings, but delivering them in such a way as to make them useful to scholars.</p>
               <p>Annotating a digital source such as a recording may come less naturally to a researcher, however. Bradley and Vetch <ptr target="#bradley2007"/> and Hillesund <ptr target="#hillesund2010"/> have observed that digital tools are not as likely to support annotation. This is something to strive for in interface design since notes represent the beginnings of written criticism. As Audenaert and Furuta suggest, having note taking capabilities in digital tools would greatly support scholarship: <cit>
                     <quote rend="block">Notetaking, however, is not merely the semi-formal representation of facts. Instead it is an integrated part of the iterative writing process. Scholars think of their notes specifically in terms of how that information will be represented in the published form of their work and organize them accordingly. To be successful, support for notetaking should be designed with this in mind and should provide a clear path to transition from information notes to a final publishable manuscript.</quote>
                     <ptr target="#audenaert2010" loc="290"/>
                  </cit>
               </p>
               <p>They also suggest the importance of being able to export notes from a given system into a writing software such as Microsoft Word <ptr target="#audenaert2010" loc="289"/>. Therefore, if skillfully deployed, annotation features in a digital environment would support both scholarly reading and writing, offering a more natural and seamless feel to a possibly unfamiliar digital workspace. Moreover, there is no need to assume that annotations will take the form of written or typed comments. In a web-based sound archive, the researchers may wish to record a spoken comment or annotation that responds to a particular passage. Similarly, an annotation might take the form of an image or a video. Our early steps in providing an opportunity for users to annotate recordings in SpokenWeb is through the adoption of SoundCloud’s commenting feature which allows users to make comments at any point in a recording. A future phase in development would establish a means for exporting the time-stamped comments into the scholar’s preferred writing environment.</p>
            </div>
         </div>
         <div>
            <head>Design</head>
            <p>In recent years, considerable work has addressed how a humanities scholar’s <soCalled>workbench</soCalled> or digital research environment might look and function <ptr target="#toms2008"/> 
               <ptr target="#toms2005"/> 
               <ptr target="#palmer2002"/> 
               <ptr target="#rieger2010"/> 
               <ptr target="#audenaert2010"/> 
               <ptr target="#project2010"/>. Similarly, work has been undertaken to determine user requirements for the humanities <ptr target="#bowman2007"/>.</p>
            <p>We wish to direct attention specifically to how digitized or born digital audio recordings might best be optimized in an online work environment. Despite a lack of research on the information behavior of scholars who work with audio formats, we establish a checklist of features and system requirements for a web-based tool for analyzing literary recordings. Drawing upon an analysis of humanities scholarship, we suggest that the following features (see Figure 3) would serve the various activities, primitives and overall scholarly behavior central to the humanities scholar’s work.</p>
         
            <figure>
               <head>From Primitives to Design Features. This table maps some of Unsworth’s scholarly primitives to Palmer at al.’s scholarly information activities, then proposes equivalent activities specific to a sound archive. We suggest features that could enhance and support these audio-based activities and provide examples when possible.</head>
               <graphic url="resources/images/figure03.jpg"/>
            </figure>

            <p>Below is a list of web sites and audio tools listed in Figure 3:

         <list type="unordered">
                  <item>Facebook <ref target="https://www.facebook.com/">https://www.facebook.com/</ref>
                  </item>
                  <item>Indaba <ref target="http://www.indabamusic.com/">http://www.indabamusic.com/</ref>
                  </item>
                  <item>RadioLab Demo <ref target="http://hyper-audio.org/r/">http://hyper-audio.org/r/</ref>
                  </item>
                  <item>Smithsonian Folkways <ref target="http://www.folkways.si.edu/tools_for_teaching/interactive-features.aspx">http://www.folkways.si.edu/tools_for_teaching/interactive-features.aspx</ref>
                  </item>
                  <item>SoundCloud <ref target="http://soundcloud.com/">http://soundcloud.com</ref>
                  </item>
                  <item>TED <ref target="http://www.ted.com/">http://www.ted.com/</ref>
                  </item>
                  <item>Variations Audio Timeliner <ref target="http://variations.sourceforge.net/vat/">http://variations.sourceforge.net/vat/</ref>
                  </item>
                  <item>You Tube <ref target="http://www.youtube.com/">http://www.youtube.com/</ref>
                  </item>
               </list>
               </p>
             <p>As Palmer and Neumann have noted, <cit>
                  <quote rend="block">interface design and human-computer interaction has, for the most part, ignored the needs of the humanities scholar. When the interface is considered, it is limited to discussions of items such as the Boolean logic problem and the vocabulary mismatch between system provision and user understanding ... Despite the profound impact of technology on this scholarly community, little is known about how computers have affected humanities scholars’ work flow, unless it is to say that scholars adopt technologies when they augment established research practices</quote> 
                  <ptr target="#palmer2002" loc="104–5"/>
               </cit>. By exploring how researchers use a particular type of primary source, we hope to contribute to this format-based gap in user behavior information.</p>
            <p>Palmer et al.’s study suggests that <cit>
                  <quote rend="inline">collecting, reading, writing and collaborating, and especially the cross-cutting primitives, are much more sparsely supported online and often only as a byproduct of existing systems rather than as a deliberately designed feature</quote> 
                  <ptr target="#palmer2009" loc="42"/>
               </cit>. Deliberately designed features are precisely what we want to bring to web-based audio interfaces.</p>
            <p>Part of the design phase of the project will examine which activities scholars carry over into the digital realm. We are intrigued by the possibility of developing a tool that can offer features to support existing habits, but also possibly enable new activities to help scholars.  As Rimmer et al. note, <cit>
                  <quote rend="inline">the media used (paper, books, shelves, etc. or screens, keyboards, mice) afford different kinds of interactions</quote> 
                  <ptr target="#rimmer2008" loc="1389"/>
               </cit>. Since humanities scholars often function with habits based in both the print and electronic world, we hope to facilitate a smooth overlap between these worlds, and develop an interface that allows for seamless integration with normal scholarly activities.</p>
            <p>Our evidence-based design methodology is the means by which we can build a tool humanities scholars will use and exploit as readily as their traditional textual sources. Rieger notes that <cit>
                  <quote rend="inline">multimodal environments require distinct modes of engagement from writers and readers</quote> 
                  <ptr target="#rieger2010" loc="112"/>
               </cit>. While there is a long history of literary critics working with printed texts, the history and methods of scholars working with audio recordings remain underdocumented or unknown. As such, it is much more difficult to anticipate user behavior within such environments.  We do not yet know how scholars use web-based sound recordings in their work. We do not know what interesting habits could emerge. Thus we have begun the design of SpokenWeb with the goal of delivering a flexible and modular user experience. The use of web-based audio files for literary research will be inherently multimodal since the recordings will be embedded in a graphical user interface and the listener will have the option of consulting transcripts of the recording or focusing solely on listening.</p>
            <p>The LAIRAH project analyzed 21 digital humanities projects in order to elucidate the factors that led to their use and uptake in scholarly communities. Noting that only two projects carried out formal user testing in the early stages of project design, the researchers observe: <cit>
                  <quote rend="block">User consultation was relatively rarely undertaken, despite the fact that it helps projects to design effective resources, and to avoid developing in ways that users may find over complicated or confusing. However, user testing, like disseminating information, is a skill that most humanities scholars have not acquired. It is therefore important that digital projects should be willing to work with those who already have expertise in this area, for example, researchers from Human Computer Interaction, Library and Information Studies, or practitioner librarians.</quote> 
                  <ptr target="#warwick2008" loc="93"/>
               </cit>
            </p>
            <p>Indeed, user awareness, engagement and testing was one of the LAIRAH’s six concluding recommendations for good practice in the construction of digital humanities projects <ptr target="#warwick2008" loc="394"/>. We hope that in both observation and user testing we can glean information that could be useful to other digital projects intended for scholars who make extensive use of audio recordings. As Palmer and Cragin note <cit>
                  <quote rend="inline">directly engaging domain scholars as collaborators or partners in research design and interpretation of results is important for reducing the chain of inference required to determine implications for the design and development of technologies for specific research communities</quote> 
                  <ptr target="#warwick2008" loc="198"/>
               </cit>.</p>
            <p>As much as we believe digital humanities projects should be more oriented around user experience and informed by well-conceived user testing, we simultaneously see the merit of the viewpoint offered by Gay and Hembrooke in their book <title rend="italic">Activity-Centered Design: An Ecological Approach to Designing Smart Tools and Usable Systems</title>: <cit>
                  <quote rend="block">User-centered methods also fail to identify future uses, needs, and problems that users and developers might not independently envision. This is especially important for nascent technologies, which people will inevitably view in the relatively constrictive terms of old technologies (such as using a digital hand-held machine to replace the old portable audiotape guide system in a museum).</quote> 
                  <ptr target="#gay2004" loc="19"/>
               </cit>
            </p>
            <p>We want to ensure that our sound archive performs in a way that reflects scholarly practice, but since web-based audio is relatively new, we look forward to anticipating and designing around new or unexpected behaviors. To this end, we believe that the Unsworth primitives, Palmer et al.’s scholarly activities, and the Bamboo themes can function as a checklist of the types of scholarly activities that we need to design for; they are empirically based and remind us to design for known needs and requirements. But the primitives and themes can also be helpful in generating new features that take advantage of the opportunities afforded by new technologies. As stated above, user centered methods can be limiting in that they are inherently conservative, backwards-looking design methods. The Unsworth primitives can be especially helpful in this regard. They are abstract in nature and are not tied to any particular discipline or format and can therefore help us to think creatively to envision new features that take full advantage of the potential afforded by new technologies while minimizing the impact of the <cit>
                  <quote rend="inline">constrictive terms of old technologies</quote> 
                  <ptr target="#gay2004" loc="19"/>
               </cit>. The Unsworth primitives can, in a sense, function as a type of thought recipe whereby a designer is reminded of a general scholarly activity (e.g. discovery) that will need to be designed for, but with nothing further: the designer is forced to improvise and experiment with different ways of how to realize this primitive in a new digital substratum.</p>
            <p>Ideally, then, the interface design will provide the more familiar and comfortable features that facilitate the types of activities that scholars know that they need to do, but will also be generative and experimental in taking advantage of the opportunities provided by new technology and will develop new features that scholars will find advantageous, and will come to need, but of which they are currently unaware.</p>
         </div>
        <div>
            <head>An Evidence-based Design Methodology</head>
            <list type="unordered">
               <item>Become familiar with Unsworth primitives, Palmer et al’s scholarly information activities, and the Bamboo themes of scholarly practice. </item>
               <item>Consult available research (e.g. <ptr target="#palmer2009"/>) to help identify all of the primitives and practices that are the most relevant to the project’s target user community. (For example, our project involves literary scholars, so we have chosen reading and annotation as key activities to support.)</item>
               <item>Identify the information sources and format types specific to your project.</item>
               <item>Using information gleaned from steps 1-3, adopt, adapt, or create features that would facilitate relevant primitives and practices. <note>The mapping from primitives and practices to interface feature may be relatively straightforward.  For example, in our project designed for humanities scholars, the scholarly practice of notetaking maps directly into a feature that facilitates audio annotation. Alternatively, the primitives and practices can function more abstractly, generating thinking and questions that could lead to experimental features. For example, Unsworth’s discovery primitive challenges designers to create new features that facilitate such a rich primitive in the unique context of their project.</note>
               </item>
               <item>Conduct user testing to evaluate the proposed features. Redesign or modify as needed.</item>
            </list>
         </div>
         <div>
            <head>Conclusion</head>
            <p>We have explored the applicability of various models and conceptions of scholarly behavior, particularly of humanities scholars, to interface design for a digital spoken word archive. Scholarly primitives <ptr target="#unsworth2000"/>, scholarly information practices <ptr target="#palmer2009"/> and the Bamboo themes of scholarly practice (n.d.) have all informed our sense of which scholarly behaviors need to be supported and facilitated in a sound archive.</p>
            <p>The question of format looms large in our project, since audio formats present basic challenges of accessibility, usability and annotatability. Since our design project involves delivering and providing a workspace for analyzing a challenging format, we have chosen to focus attention on two scholarly habits - note taking and deep/close reading - that are especially relevant for literary critics. We have suggested ways in which a web-based tool can better facilitate these core activities so intrinsic to the research and writing process of the literary critic.</p>
            <p>Surprisingly little information is available that reports on how scholars use audio recordings. This is striking given the historical and current importance of audio recordings in fields such as music, law, anthropology, oral history and communication studies, not to mention the ubiquity of sound recordings on the web today. Most studies of scholarly behavior analyze how scholars use texts, and thus the models and frameworks to describe scholarly activities are biased towards text and print-based information resources.  We have tried to imagine how scholars use audio recordings based on well-established, even empirical, observations of scholarly behaviors. But since not much is known specifically about how researchers use web-based audio recordings, it has been necessary to draw upon evidence-based design principles developed by scholars of e-learning and multimedia learning. Thus, in order to begin to articulate design principles for web-based spoken word archives, our project is assembling evidence and principles from cognitive studies and web design and is investigating how they could apply to a humanities research tool.</p>
            <p>The potential of deeper scholarly engagement with born digital or digitized sound recordings is promising. We see a fortuitous convergence of scholarly and technical factors, all of which suggest that web-based research using audio recordings will be made easier. We can benefit from useful models of scholarly behavior, the growing availability of archival media on the web, the deepening understanding of multimodal learning, the growth of performance studies, the ever-expanding array of functionalities in web-based applications and the potential for a new mode of literary analysis. It is our hope that we will contribute to an emerging and evidence-based list of design criteria that is based on scholarly behavior. Ideally, we can contribute to the formulation of functional requirements for scholarly software for humanities scholars who use audio recordings. Web-based tools need to fit in with established behaviors and practices in literary criticism, but we should also actively facilitate the emergence of sophisticated and responsive tools which can contribute to new or enhanced practices in literary scholarship. The creation of new knowledge in the humanities depends not only on better understanding the role of sound in the work of humanities scholars, but also incorporating this knowledge into the design of sound archives.</p>
         </div>
      </body>
         <back>
         <listBibl>
            <bibl label="Audenaert and Furuta 2010"
                  xml:id="audenaert2010"
                  key="audenaert2010">Audenaert, N. and Furuta, R. "What Humanists Want: How Scholars Use Source Materials", Proceedings of the 10th Annual ACM/IEEE Joint Conference on Digital Libraries, University of Queensland, Gold Coast, Queensland, Australia, June 2010. <ref target="http://dl.acm.org/citation.cfm?doid=1816123.1816166">http://dl.acm.org/citation.cfm?doid=1816123.1816166</ref>
            </bibl>
            <bibl label="Bernstein 2009" xml:id="bernstein2009" key="bernstein2009">Bernstein, C. <title rend="quotes">Making Audio Visible: The Lessons of Visual Language for the Textualization of Sound</title>, <title rend="italic">Textual Practice</title>, 23.6 (2009): 959-973.</bibl>
            <bibl label="Bernstein 1998" xml:id="bernstein1998" key="bernstein1998b">Bernstein, C. <title rend="italic">Close Listening: Poetry and the Performed Word</title>. Oxford University Press, New York (1998).</bibl>
            <bibl label="Bowman et al. 2007" xml:id="bowman2007" key="bowman2007">Bowman, A., Crowther, C., Kirkham, R. and Pybus, J. <title rend="italic">User Requirements Gathering for the Humanities: AHRC Investigators’ Report</title>, 2007.  <ref target="http://www.ahessc.ac.uk/files/active/0/URH-report.pdf">http://www.ahessc.ac.uk/files/active/0/URH-report.pdf</ref> 
            </bibl>
            <bibl label="Bradley and Vetch 2007"
                  xml:id="bradley2007"
                  key="bradley2007">Bradley, J. &amp; Vetch, P. <title rend="quotes">Supporting Annotation as a Scholarly Tool — Experiences From the Online Chopin Variorum Edition</title>, <title rend="italic">Literary and Linguistic Computing</title>, 22.2 (2007): 225-241.  </bibl>
            <bibl label="Brown 2002" xml:id="brown2002" key="brown2002">Brown, C.D. <title rend="quotes">Straddling the Humanities and Social Sciences: The Research Process of Music Scholars</title>, <title rend="italic">Library &amp; Information Science Research</title>, 24.1 (2002): 73-94. </bibl>
            <bibl label="Carr 2010" xml:id="carr2010" key="carr2010b">Carr, N. The Shallows: What the Internet is Doing to Our Brains. 1st ed. W.W. Norton, New York (2010).</bibl>
            <bibl label="Chu 1999" xml:id="chu1999" key="chu1999">Chu, C.M. <title rend="quotes">Literary Critics at Work and Their Information Needs: a Research-Phases Model</title>, <title rend="italic">Library &amp; Information Science Research</title>, 21.2 (1999): 247-273. </bibl>
            <bibl label="Ciccoricco 2012"
                  xml:id="ciccoricco2012"
                  key="ciccoricco2012">Ciccoricco, D. <title rend="quotes">The Materialities of Close Reading: 1942, 1959, 2009</title>, <title rend="italic">Digital Humanities Quarterly</title>, 6.1 (2012).</bibl>
            <bibl label="Cull 2011" xml:id="cull2011" key="cull2011">Cull, B.W.  <title rend="quotes">Reading Revolutions: Online Digital Text and Implications for Reading in Academe</title>, <title rend="italic">First Monday</title>, 16.6 (2011).  </bibl>
            <bibl label="Gay and Hembrooke 2004" xml:id="gay2004" key="gay2004">Gay, G. and Hembrooke, H. <title rend="italic">Activity-Centered Design: an Ecological Approach to Designing Smart Tools and Usable Systems</title>. MIT Press, Cambridge, Massachusetts (2004).</bibl>
            <bibl label="Hillesund 2010" xml:id="hillesund2010" key="hillesund2010">Hillesund, T. <title rend="quotes">Digital reading spaces: How expert readers handle books, the Web and electronic paper</title>, <title rend="italic">First Monday,</title> 15.4 (2010). </bibl>
            <bibl label="Murray and Wiercinski 2012"
                  xml:id="murray2012"
                  key="murray2012a">Murray, A. and Wiercinski, J. <title rend="quotes">Looking at Archival Sound: Enhancing the Listening Experience in a Spoken Word Archive</title>, <title rend="italic">First Monday</title>, 17.4 (2012).  </bibl>
            <bibl label="Nicholas and Clark 2012]"
                  xml:id="nicholas2012"
                  key="nicholas2012">Nicholas, D. and Clark, D. <title rend="quotes">
                  <q>Reading</q> in the Digital Environment</title>, <title rend="italic">Learned Publishing</title>, 25.2 (2012): 93-98.  </bibl>
            <bibl label="Palmer and Cragin 2008" xml:id="palmer2008" key="palmer2008">Palmer, C.L. and Cragin, M.H. <title rend="quotes">Scholarship and Disciplinary Practices</title>, <title rend="italic">Annual Review of Information Science and Technology</title>, 42.1 (2008): 163-212.</bibl>
            <bibl label="Palmer and Neumann 2002"
                  xml:id="palmer2002"
                  key="palmer2002">Palmer, C.L. and Neumann, L.J. <title rend="quotes">The Information Work of Interdisciplinary Humanities Scholars: Exploration and Translation</title>, <title rend="italic">The Library Quarterly</title>, 72.1 (2002): 85-117.</bibl>
            <bibl label="Palmer et al. 2009" xml:id="palmer2009" key="palmer2009">Palmer, C.L., Teffeau, L.C. and Pirmann, C.M. <title rend="italic">Scholarly Information Practices in the Online Environment: Themes from the Literature and Implications for Library Service Development</title> (Report Commissioned by OCLC Research), 2009. <ref target="http://www.oclc.org/programs/publications/reports/2009-02.pdf">www.oclc.org/programs/publications/reports/2009-02.pdf</ref>
            </bibl>
             <bibl label="Project Bamboo 2010" xml:id="project2010" key="project2010">Project Bamboo. Scholarly Practices Report, 2010. <ref target="http://www.projectbamboo.org/wp-content/uploads/Project-Bamboo-Scholarly-Practices-Report.pdf">http://www.projectbamboo.org/wp-content/uploads/Project-Bamboo-Scholarly-Practices-Report.pdf</ref>
            </bibl>
            <bibl label="Rieger 2010" xml:id="rieger2010" key="rieger2010">Rieger, O.Y.  <title rend="italic">Humanities Scholarship in the Digital Age: The Role and Influence of Information and Communication Technologies</title>. PhD dissertation. Cornell University, Ithaca (2010). <ref target="http://ecommons.library.cornell.edu/handle/1813/17217">http://ecommons.library.cornell.edu/handle/1813/17217</ref>
            </bibl>
            <bibl label="Rimmer et al. 2008" xml:id="rimmer2008" key="rimmer2008">Rimmer, J., Warwick, C., Blandford, A., Gow, J. and Buchanan, G. <title rend="quotes">An Examination of the Physical and the Digital Qualities of Humanities Research</title>, <title rend="italic">Information Processing &amp; Management</title>, 44.3 (2008):  1374-1392. </bibl>
            <bibl label="Toms and Flora 2005" xml:id="toms2005" key="toms2005">Toms, E.G. and Flora, N. <title rend="quotes">From Physical To Digital Humanities Library: Designing the Humanities Scholar’s Workbench</title>. In: Siemens, R. and Moorman, D. <title rend="italic">Mind Technologies: Humanities Computing and the Canadian Academic Community</title>. University of Calgary Press, Calgary (2005). </bibl>
            <bibl label="Toms and O’Brien 2008" xml:id="toms2008" key="toms2008">Toms, E.G. and Heather L. O'Brien. <title rend="quotes">Understanding the Information and Communication Technology Needs of the E-Humanist</title>, <title rend="italic">Journal of Documentation</title>, 64.1 (2008): 102-130.  </bibl>
            <bibl label="Unsworth 2000" xml:id="unsworth2000" key="unsworth2000">Unsworth, J. <title rend="quotes">Scholarly Primitives: What Methods Do Humanities Researchers Have in Common, and How Might Our Tools Reflect This?</title>, <title rend="italic">Symposium on Humanities Computing: Formal Methods, Experimental Practice</title>, King’s College, London, May 2000. <ref target="http://people.lis.illinois.edu/~unsworth//Kings.5-00/primitives.html">http://people.lis.illinois.edu/~unsworth//Kings.5-00/primitives.html</ref>
            </bibl>
            <bibl label="Warwick et al. 2008" xml:id="warwick2008" key="warwick2008">Warwick, C., Galina, I., Terras, M., Huntington, P. and Pappa, N. <title rend="quotes">The Master Builders: LAIRAH Research on Good Practice in the Construction of Digital Humanities Projects</title>, <title rend="italic">Literary &amp; Linguistic Computing</title>, 23.1 (2008):383-396. </bibl>
         </listBibl>
      </back>
   </text>
</TEI>
