<?xml version="1.0" encoding="UTF-8"?>
<?oxygen RNGSchema="../../common/schema/DHQauthor-TEI.rng" type="xml"?>
<?oxygen SCHSchema="../../common/schema/dhqTEI-ready.sch"?>
<TEI xmlns="http://www.tei-c.org/ns/1.0"
     xmlns:cc="http://web.resource.org/cc/"
     xmlns:rdf="http://www.w3.org/1999/02/22-rdf-syntax-ns#"
     xmlns:dhq="http://www.digitalhumanities.org/ns/dhq">
    <teiHeader>
        <fileDesc>
            <titleStmt>
                <!-- Author should supply the title and personal information-->
                <title type="article">Burying Dead Projects: Depositing the
                    Globalization Compendium</title>
                <dhq:authorInfo>
                    <!-- Include a separate <dhq:authorInfo> element for each author -->
                    <dhq:author_name>Geoffrey
                        <dhq:family>Rockwell</dhq:family>
               </dhq:author_name>
                    <dhq:affiliation>University of Alberta</dhq:affiliation>
                    <email>geoffrey.rockwell@ualberta.ca</email>
                    <dhq:bio>
                        <p>Dr. Geoffrey Martin Rockwell is a Professor of
                            Philosophy and Humanities Computing at the
                            University of Alberta, Canada. He has published and
                            presented papers in the area of philosophical
                            dialogue, textual visualization and analysis,
                            humanities computing, instructional technology,
                            computer games and multimedia including a book,
                            Defining Dialogue: From Socrates to the Internet. He
                            is currently the Director of the Kule Institute for
                            Advanced Studies and a network investigator in the
                            GRAND Network of Centres of Excellence that is
                            studying gaming, animation and new media. He is
                            collaborating with Stéfan Sinclair on Voyant Tools
                                (<ref target="http://voyant-tools.org">http://voyant-tools.org</ref>), a suite of text
                            analysis tools and leads the TAPoR (<ref target="http://tapor.ca">http://tapor.ca</ref>)
                            project documenting text tools for humanists. <ref target="http://www.geoffreyrockwell.com">http://www.geoffreyrockwell.com</ref>
                  </p>
                    </dhq:bio>
                </dhq:authorInfo>
                <dhq:authorInfo>
                    <dhq:author_name>Shawn
                        <dhq:family>Day</dhq:family>
               </dhq:author_name>
                    <dhq:affiliation>University College Cork</dhq:affiliation>
                    <email>day.shawn@gmail.com</email>
                    <dhq:bio>
                        <p>Shawn Day is a Lecturer at University College Cork,
                            Queen's University Belfast and Trinity College
                            Dublin, in Digital and Medical Humanities and Social
                            Computing. His background includes startups in
                            customer relationship management and information
                            architecture, and research in social and economic
                            digital history. His personal research explores
                            social and economic circumstances of the nineteenth
                            century retail liquor trade using digital, spatial
                            and social network analysis to discover the
                            relationships between credit, respectability, and
                            order in the Victorian community. Recent articles
                            have examined the social dimensions of the Victorian
                            public mental hospital using GIS and statistical
                            modeling tools. <ref target="http://shawnday.com">http://shawnday.com</ref>
                  </p>
                    </dhq:bio>
                </dhq:authorInfo>
                <dhq:authorInfo>
                    <!-- Include a separate <dhq:authorInfo> element for each author -->
                    <dhq:author_name>Joyce
                        <dhq:family>Yu</dhq:family>
               </dhq:author_name>
                    <dhq:affiliation>University of Alberta</dhq:affiliation>
                    <email>jmyu@ualberta.ca</email>
                </dhq:authorInfo>
                <dhq:authorInfo>
                    <!-- Include a separate <dhq:authorInfo> element for each author -->
                    <dhq:author_name>Maureen
                        <dhq:family>Engel</dhq:family>
               </dhq:author_name>
                    <dhq:affiliation>University of Alberta</dhq:affiliation>
                    <email>maureen.engel@ualberta.ca</email>
                    <dhq:bio>
                        <p>Maureen Engel is Assistant Professor of Humanities
                            Computing at the University of Alberta, Acting
                            Director of the Canadian Institute for Research
                            Computing in Arts (CIRCA), and was co-chair, with
                            Caitlin Fisher, of HASTAC 2013. She is
                            co-investigator on the Edmonton Pipelines |
                            Narrating Digital Urbanisms project, where her
                            “pipelines” aim to technologically intervene in our
                            notion of what urban space is, and how we constitute
                            and are constituted by it. She also collaborates on
                            the GRAND NCE (Networks of Centres of Excellence)
                            and the ArtCan digital commons for Canadian Art and
                            Art History. <ref target="http://edmontonpipelines.org">http://edmontonpipelines.org</ref>
                  </p>
                    </dhq:bio>
                </dhq:authorInfo>
            </titleStmt>
            <publicationStmt>
                <!-- This information will be completed at publication -->
                <idno type="DHQarticle-id">000179</idno>
                <idno type="volume">008</idno>
                <idno type="issue">002</idno>
                <date when="2014-05-29">29 May 2014</date>
                <dhq:articleType>article</dhq:articleType>
                <availability>
                    <cc:License rdf:about="http://creativecommons.org/licenses/by-nc-nd/2.5/"/>
                </availability>
            </publicationStmt>

            <sourceDesc>
                <p>This is the source</p>
            </sourceDesc>
        </fileDesc>
        <encodingDesc>
            <classDecl>
                <taxonomy xml:id="dhq_keywords">
                    <bibl>DHQ classification scheme; full list available at <ref target="http://www.digitalhumanities.org/dhq/taxonomy.xml">http://www.digitalhumanities.org/dhq/taxonomy.xml</ref>
               </bibl>
                </taxonomy>
                <taxonomy xml:id="authorial_keywords">
                    <bibl>Keywords supplied by author; no controlled
                        vocabulary</bibl>
                </taxonomy>
            </classDecl>
        </encodingDesc>
        <profileDesc>
            <langUsage>
                <language ident="en"/>
            </langUsage>
            <textClass>
                <keywords scheme="#dhq_keywords">
                    <!-- Authors may suggest one or more keywords from the DHQ keyword list, visible at http://www.digitalhumanities.org/dhq/taxonomy.xml; these may be supplemented or modified by DHQ editors -->
                    <list type="simple">
                        <item/>
                    </list>
                </keywords>
                <keywords scheme="#authorial_keywords">
                    <!-- Authors may include one or more keywords of their choice -->
                    <list type="simple">
                        <item>Archiving</item>
                        <item>Globalization</item>
                        <item>Digital Repositories</item>
                    </list>
                </keywords>
            </textClass>
        </profileDesc>
        <revisionDesc>
            <!-- Each change should include @who and @when as well as a brief note on what was done. -->
            <change when="2014-04-28" who="EH">Encoded article</change>
        </revisionDesc>
    </teiHeader>

    <text>
        <front>
            <dhq:abstract>
                <p> In the digital humanities we specialize in imagining and
                    launching digital projects, but we rarely consider how to
                    end them. In this paper we propose to discuss the ends of a
                    particular digital project as a case study for the planning
                    of ending. The project we focus on is the Globalization and
                    Autonomy Online Compendium that was developed as a digital
                    outcome of the Globalization and Autonomy project.
                    Specifically, this paper will: <list type="ordered">
                        <item> Survey the general issues at stake when planning
                            for the end of a digital project;</item>
                        <item> Provide some background on the project and the
                            Compendium;</item>
                        <item>Discuss the underlying technologies that had to be
                            dealt with;</item>
                        <item> Address the specific problem of ending and how we
                            prepared this project for archival deposit;</item>
                        <item> And conclude by talking about some other ends
                            that are really beginnings.</item>
                    </list>
            </p>
            </dhq:abstract>
            <dhq:teaser>
                <p> Exploring the preservation and ending of a digital humanities projects
                through the Globalization and Autonomy Online Compendium
               </p>
            </dhq:teaser>
        </front>
        <body>
           
             
                    <epigraph>
            <p>
               <quote rend="block">When can a digital scholarly project
                        be considered finally <q>done</q>? Perhaps never.
                        Something done is past, irrevocable, requiring nothing
                        more and indeed immune from further action.</quote>
               <ptr target="#brown2009"/>
            </p>
         </epigraph>
                
            
            <div>
                <head>Introduction</head>
               <p>In the digital humanities we specialize in imagining and
                    launching digital projects, but we rarely consider how to
                    end them. We imagine that all projects are dynamic and
                    ongoing — taking on a life of their own. Rarely do we admit
                    that some are moribund, or should be gracefully wound down.
                    We don’t want to think about their ends so we don’t plan
                    endings, and thus many projects are not properly documented
                    and deposited. This is a shame, especially in a field that
                    has thought so long and hard about preservation through the
                    digital.</p>
                <p>In this paper we propose to discuss the ends of a particular
                    digital project as a case study for the planning of ending.
                    The project we focus on is the Globalization and Autonomy
                    Online Compendium that was developed as a digital outcome of
                    the Globalization and Autonomy project.<note> The Compendium
                        is still running at <ref target="http://globalautonomy.ca/global1/index.jsp">http://globalautonomy.ca/global1/index.jsp</ref>
                        For information about the project see <ref target="http://globalautonomy.ca/global1/about_project.jsp">http://globalautonomy.ca/global1/about_project.jsp</ref>;.
                        We would like to recognize for their assistance Dr.
                        William Coleman, the project lead and Academic Editor of
                        the Compendium, and Nancy Johnson, also Academic Editor
                        of the Compendium. We would also like to thank the
                        Social Science and Humanities Research Council of Canada
                        and McMaster University for support of the project. This
                        paper is based on a presentation given at <title rend="italic">DH 2009</title> at the University of
                        Maryland, College Park, Maryland. </note>
            </p>
                <p> Specifically, this paper will: <list type="ordered">
                        <item>Survey the general issues at stake when planning
                            for the end of a digital project;</item>
                        <item>Provide some background on the project and the
                            Compendium;</item>
                        <item>Discuss the underlying technologies that had to be
                            dealt with;</item>
                        <item>Address the specific problem of ending and how we
                            prepared this project for archival deposit;</item>
                        <item>And conclude by talking about some other ends that
                            are really beginnings.</item>
                    </list>
                </p>
            </div>
            <div>
                <head>The Problem of Endings</head>
                <p>The vast expansion of digital resources and digitization
                    technologies through the 1990’s meant that much of the
                    attention of librarians, archivists, and researchers was
                    dedicated to establishing best practices for preserving
                    newly digitized cultural heritage materials. While
                    born-digital research projects were developing in parallel
                    to these large-scale digitizations, the work of establishing
                    best practices for concluding and archiving those research
                    projects necessarily involved both an extension of, and a
                    significant departure from, the practice of digitization. As
                    Margaret Hedstrom noted in 1998, <quote rend="inline">the
                        critical role of digital libraries and archives in
                        ensuring the future accessibility of information with
                        enduring value has taken a back seat to enhancing access
                        to current and actively used materials</quote>
                    <ptr target="#hedstrom1998"/>. Still, Hedstrom is able to
                    articulate two key departures for digital preservation: that
                    preserving media alone cannot preserve <quote rend="inline">information with enduring value</quote> and that
                    technologies for mass storage do not translate into
                    technologies for long-term preservation. Print-based
                    projects found their conclusion in the physical medium
                        (<soCalled>book</soCalled>, <soCalled>article</soCalled>
                    etc.), and libraries and archives preserved those objects by
                    means of acid-free paper, climate control, etc. The
                    technology for mass storage <emph>did</emph> constitute a
                    technology for long-term preservation. Born-digital
                    research, on the other hand, has yet to comprehensively
                    establish the conventions that will be capable of dealing
                    with the now separate requirements of doneness and archival
                    object — form <emph>and</emph> content. Each new project
                    reveals nuances and complexities that we must address as we
                    develop new best practices. </p>
                <p>In the last few years, there have been a growing number of
                    organizations that have been making advancements in digital
                    preservation methods. This includes the Reference Model for
                    an Open Archival Information System (OAIS), CEDARS (CURL,
                    Consortium of University Research Libraries, Exemplars in
                    Digital Archives-UK), National Library of Australia (NLA),
                    and RLG/OCLC (Research Library Group). Indeed, librarians,
                    archivists and other information professionals have a vital
                    role to play in developing and maintaining such methods and
                    standards, and in providing the stable end-point for
                    deposit. As Kretzschmar and Potter persuasively argue,
                        <quote rend="inline">collaboration with the university
                        library is the only realistic option for
                        long-term sustainability of digital humanities projects
                        in the current environment</quote> 
               <ptr target="#kretzschmar2010"/>. Given the exigencies of
                    project funding, project leadership, and ever-shifting
                    technological developments and demands, the stability of the
                    institutional archive is vital. </p>
                <p>Being aware of such efforts and debates, however, and
                    successfully depositing a digital project, are not always
                    the same thing. The Compendium did many things right, and in
                    fact was forward-thinking in its approach to its own ending.
                    Still, even with improved standards, thoughtful guidance,
                    and more rigorous practices, important lessons were learned
                    through the process. These will provide valuable guidance to
                    future DH projects, and provide a significant supplement to
                    the existing literature.</p>
            </div>
            <div>
                <head>Project Background</head>
                <p>The Globalization and Autonomy Online Compendium was one of
                    two major coordinated outcomes of the Globalization and
                    Autonomy project. The other major deliverable was a
                    ten-volume academic book series published by UBC Press.
                        <note> See <ref target="http://www.ubcpress.ca/books/series_globalization.html">http://www.ubcpress.ca/books/series_globalization.html</ref>
                    </note> The project was supported by a Major Collaborative
                    Research Initiative (MCRI) grant of $CAD 2.5 million from
                    the Social Sciences and Humanities Research Council (SSHRC)
                    of Canada, awarded in 2002. The project was
                        <soCalled>concluded</soCalled> (insofar as the funding
                    was concerned) in 2007. And yet, as papers in a special
                    cluster of DHQ titled <title rend="italic">Done</title>
                    discuss: Is a project ever truly done? <note>See DHQ Spring
                        2009, v3, n2, <ref target="http://digitalhumanities.org/dhq/vol/3/2/index.html">http://digitalhumanities.org/dhq/vol/3/2/index.html</ref>.
                    </note> Certainly the publication of all the print volumes
                    took longer.</p>
                <p>The Globalization and Autonomy project was led by William
                    Coleman at McMaster University, and involved over forty
                    co-investigators in twelve universities across Canada and
                    another twenty academic contributors around the world, not
                    to mention funded graduate students and staff. Geoffrey
                    Rockwell was a co-investigator with the responsibility for
                    the design and management of the Compendium; Nancy Johnson
                    was the editor of the Compendium; and both Shawn Day and
                    Joyce Yu were research assistants hired to help manage the
                    deposit process. Unlike some projects, the digital
                    deliverable was woven in from the beginning — it was written
                    into the grant, budgeted, assessed at the mid-term review
                    and peer reviewed by the UBC Press. <note>The Compendium was
                        reviewed as part of the peer review process run by UBC
                        Press when they reviewed the proposal for a book series.
                    </note> As part of weaving in a digital component, the team
                    also planned for a wrapping up when the Compendium would be
                    archived and deposited, even if it was also maintained
                    online. While we planned for an end, what we failed to
                    estimate properly was how difficult it is to wrap up a
                    project. This forms one of the crucial learning outcomes of
                    the digital side of this project and probably serves as a
                    benchmark reminder of the crucial importance of budgeting
                    and planning for the <soCalled>end</soCalled> of a project.
                    In fact, as in so many cases, an end that allows for a
                    sustainable continuity to the research is one of the most
                    important outcomes of any project.</p>
                <p>The goal of the Globalization project was <quote rend="inline">to investigate the relationship between
                        globalization and the processes of securing and building
                        autonomy</quote>. The project was designed from the
                    beginning and administered to understand globalization in a
                    collaborative and interdisciplinary way that avoided the
                    often political and economic focus of globalization
                    research. Hence the <soCalled>autonomy</soCalled> in the
                    title — we were looking at globalization and resistance to
                    globalization.</p>
            </div>
            <div>
                <head>The Compendium</head>
                <figure>
                    <head>Entry screen to the Compendium</head>
                    <graphic url="resources/images/figure01.png"/>
                </figure>


                <p>From a user perspective the initial interface of the
                    Compendium was engineered to introduce the project, the
                    compendium itself, and the UBC Press print series. Visitors
                    to the online Compendium were presented with a sampling of
                    the most recent contributions as well as an opportunity to
                    browse within major topical areas. A provision was made for
                    search, but browsing and discovery were presented as the
                    principal ways for using the site through a prominent menu
                    down the left. There was also, at the bottom of the entry
                    page, information about one or another of the volumes in the
                    coordinated publication series.</p>
                <figure>
                    <head> Bottom of entry page with featured UBC Press
                        volume</head>
                    <graphic url="resources/images/figure02.png"/>
                </figure>
                <p>If users follow the left-hand menu to one of the topical
                    pages, they see a list of all the research articles, position
                    papers, summaries, and other materials associated with that
                    topic. They can then click on an item to get an HTML view of
                    the article. The views of the materials are dynamically
                    generated from XML so that users can get different views of
                    same materials. All these materials can be viewed in the
                    normal HTML view and in a print view (without all the
                    navigation and site design) as PDF, or accessed as XML. The
                    print view and the PDF were to support global readers who
                    might not have stable access to the web and therefore want
                    to save and/or print materials. These views are generated
                    dynamically so that only the XML has to be maintained. We
                    also pull out a Table of Contents for the article (see
                    Figure 3) and a list of relevant Glossary items from the
                    article XML when we generate the standard HTML view.</p>
                <figure>
                    <head>View of the top of an article with the alternate
                        views</head>
                    <graphic url="resources/images/figure03.png"/>
                </figure>
                <p>In addition to the articles written by project participants
                    there is a wide-ranging and searchable hypertext Glossary of
                    terms and issues related to globalization as well as a
                    searchable bibliographic database that includes all the
                    references in the individual articles and the glossary
                    items. There is also an interactive site map that can be
                    used for navigating and understanding the Compendium as a
                    whole (see Figure 4).</p>
                <figure>
                    <head>Interactive site map to the Compendium</head>
                    <graphic url="resources/images/figure04.png"/>
                </figure>

                <p>In addition to the search interfaces for the Glossary and the
                    Bibliography, a global search and an Advanced Search page is
                    also available (see Figure 5).</p>
                <figure>
                    <head>Advanced search facility</head>
                    <graphic url="resources/images/figure05.png"/>
                </figure>
                <p>Finally, we built in a text analysis tool bar that shows up
                    on every article, position paper, and research summary. This
                    tool bar, when used, sends just the text of the article to a
                    TAPoRware tool for analysis. <note> TAPoRware can be used by
                        itself at <ref target="http://taporware.ualberta.ca">http://taporware.ualberta.ca/</ref> where there is
                        also documentation on how build a similar tool bar for
                        other projects.</note>
                </p>
                <figure>
                    <head>Text analysis tool bar from TAPoR</head>
                    <graphic url="resources/images/figure06.png"/>
                </figure>
            </div>
            <div>
                <head>Underlying Technology</head>
                <p>Digital humanities readers can probably imagine much of the
                    technology involved in the construction of the Compendium,
                    but a review of the technological structure of the project
                    is essential to understanding what aspects needed to be
                    wrapped up and the challenges faced in depositing it. </p>
                <p>Most of the content in the Compendium was written by
                    participants and submitted as Microsoft Word files for
                    editing. A decision was taken early not to try to force
                    contributors to learn our XML application. The editor and
                    assistants translated and encoded the content using a Text
                    Encoding Initiative (TEI) application for contemporary
                    research developed with consultants including Julia Flanders
                    and Syd Bauman. <note> The Text Encoding Initiative (TEI)
                        Consortium have developed Guidelines for the encoding of
                        digital texts. See <ref target="http://www.tei-c.org/">http://www.tei-c.org/</ref> for more. </note>
                    During the encoding process, the editor inserted links from
                    articles to glossary entries. This was done using a search
                    and replace batch tool we built that allowed us to update
                    the links regularly as we received more glossary
                    entries.</p>
                <p>For the TEI application — the Document Type Definition (DTD)
                    we developed following the TEI guidelines — we followed best
                    practices including involving outside consultants at regular
                    intervals to advise and later review the system. The same
                    applied to the technical structure and the interface design.
                    For the interface design we followed a persona/scenario
                    design process <ptr target="#cooper2004"/> that involved
                    project stakeholders outside the development team. Interface
                    personas and usage scenarios were presented to the full team
                    at one of the annual conferences as were successive
                    iterations of the Compendium. This was important to get
                    feedback and buy-in from the larger team, many of whom were
                    focused on their own research and the volumes planned for
                    the UBC Press series. We also had to negotiate what would go
                    in the volumes and what would go in the Compendium. In the
                    end we included summaries of all relevant chapters from the
                    print volumes in the digital Compendium — a compromise with
                    the UBC Press that had the advantage of allowing the editor
                    to rewrite summaries for the Compendium in language more
                    accessible than the volumes and more suitable for the web.
                    Because our anticipated audience included students and
                    policy workers, we strove to make the online Compendium
                    accessible to non-academics interested in Globalization and
                    a thorough Glossary was an important addition to that end. </p>
                <p>To manage the Compendium as it was being edited, we developed
                    an administrative interface with tools so that the editor
                    could manage the TEI files. The administrative interface
                    would parse, verify, and process files when uploaded. Upon
                    uploading for the databases, metadata that dynamically
                    generated tables of content would be extracted; the files
                    were also indexed for searching. This administrative
                    interface is hidden and less polished. One of the questions
                    we had to ask ourselves was what should happen to this part
                    of the system at the end. Should it too be documented and
                    archived? More generally, we had to ask what was ending and
                    what had to be documented. A project of this size has all
                    sorts of ephemera from email discussion archives to
                    conference materials. Even before the actual
                        <soCalled>content</soCalled> was being produced,
                    important questions of what ought to be documented and
                    preserved arose.</p>
                <p>The bibliographic records followed a different administrative
                    process and were entered directly through a separate web
                    interface to the database. At an early stage in production
                    we encountered an interesting problem: how to synchronize a
                    single bibliographic database for the project with all the
                    bibliographies from the individual position papers,
                    articles, and glossary entries as they trickled in. As
                    documents came in, we found that different writers would
                    enter slightly different information for the same reference.
                    We wanted a way to normalize the bibliographies without
                    having to wait until the end. What we settled on may seem
                    somewhat complicated but it made sense in the context of the
                    wider ongoing project and was what the larger team wanted
                    when we presented the problem to them. </p>
                <list type="ordered">
                    <item>First, the editor did not encode the bibliography of
                        an article in the XML file. Instead, she entered any new
                        records into the online database and checked if any
                        bibliographic entries (from a previous article) were
                        already entered.</item>
                    <item>If an entry already existed, she checked the new
                        author’s entry against the existing record. In case of a
                        discrepancy, she researched the reference and corrected
                        the database entry as needed.</item>
                    <item>Once an entry was checked/added/updated in the
                        database, she generated a stub tag with a key that
                        corresponded to the database record. This, rather than
                        the full record was put into the XML file for the
                        article. Then the article could be uploaded to the
                        Compendium.</item>
                    <item>When the XML version of the article was uploaded, the
                        system replaced the stubs with a full TEI
                        <gi>bibl</gi> entry from the database.
                        Thus, should articles become detached from the
                        bibliographic database (as happens when one deposits the
                        materials), each article will include a full
                        bibliography marked up in XML. The project team in one
                        of our meetings on the Compendium felt this was
                        important; they didn’t want their writings dependent on
                        dynamic generation from other data for
                        completeness.</item>
                    <item>In the uploading we also kept online all the XML files
                        with just the stubs. This allowed us to periodically
                        rerun the process that added the full bibliography and
                        replace the full XML files, thereby eliminating any
                        inconsistencies that might occur as we correct entries
                        over time. In short, we could regenerate the content on
                        a regular basis to guarantee consistency. </item>
                </list>
                <p>As for the components of the Compendium, it is technically
                    composed of:</p>
                <list type="unordered">
                    <item>XML files with the content;</item>
                    <item>A MySQL bibliographic database;</item>
                    <item>A metadata database of the content for generating
                        topical pages and for searching;</item>
                    <item>A full text index for searching the text;</item>
                    <item>The code that handles the dynamic generation of the
                        site, the searching, linking, and the XSL
                        transforms;</item>
                    <item>Some HTML pages and CSS stylesheets;</item>
                    <item>And various images that are embedded in pages.</item>
                </list>
                <p>The XML files are not on the site, and therein lies the
                    problem of depositing the Compendium as a whole. The true,
                    though simple, story we tell ourselves in the digital
                    humanities is that ensuring that a project uses an
                    appropriate form of markup (like the TEI) for content is
                    sufficient to preserve the work. The experience of the
                    Compendium is that the intellectual work is not only in the
                    individual articles, or even in the bibliographic data – it
                    is in the interaction between these, mediated by code and in
                    the user experience. The Glossary is a prime example — the
                    meaning is not just in the text of entries, but also in the
                    searchable whole and web of articles linked to glossary
                    entries. Likewise the interface design reflects decisions
                    about the audience that is unquestionably important to
                    understanding the work as a whole. These difficulties
                    clearly instantiate the difference between what Paul Conway
                    has named <q>digital preservation</q> and <q>digitization
                        for preservation</q>. While they are <quote rend="inline">intimately related… the underlying
                        standards, processes, technologies, costs, and
                        organizational challenges are quite distinct</quote>
                        <ptr target="#conway2010" loc="63"/>. We initially
                    thought it would be trivial to deposit the Compendium – in
                    the grant proposal we promised that we would encode the
                    content following the TEI guidelines and then deposit it at
                    the Oxford Text Archives and other similar digital archives
                    (digitization for preservation), but of course, the XML is
                    not the Compendium. The Compendium is a work of its own that
                    is more than the sum of the XML files. How do we deposit
                    such a system (digital preservation)? What exactly are the
                    boundaries in time and scope of the work that mark what
                    should be deposited? Ultimately we realize that the choices
                    we make in constructing the deposit reflect a major intent
                    of undertaking the project itself and that the ability to
                    capture user experience must increasingly inform digital
                    project planning.</p>
            </div>
            <div>
                <head>What is Done?</head>
                <p>As Matthew Kirchenbaum writes in the introductory essay to a
                    Special Cluster of the Digital Humanities Quarterly on
                        <title rend="italic">Done</title>, <quote rend="inline">What does it mean to <q>finish</q> a piece of digital
                        work?</quote>
                    <ptr target="#kirschenbaum2009"/>. Large complex sites that
                    reflect a group of researchers, like the Globalization
                    Compendium, can always be added to as people write another
                    working paper or glossary entry. The web allows one to
                    publish a work online and keep on updating it. Users want
                    and expect good resources to be maintained. They expect the
                    interface to be refreshed, corrections to be made, and
                    content to be updated. If not, a site looks stale and
                    becomes a suspect resource. <note> These expectations
                        overturn the academic expectations we have for published
                        materials where we want the stability of an edition in
                        order to properly cite a work. Something that is
                        perpetually a work in progress lacks the stability to be
                        cited which makes it difficult to base other research
                        on. See <ptr target="#diorio2010"/>. </note>
                </p>
                <p>Susan Brown and colleagues nicely describe the tension
                    between how we call these sites
                        <soCalled>projects</soCalled> with ends and how they can
                    yet take on a life of their own. A project is defined as
                    something with a planned and anticipated end, and we call
                    these things <soCalled>projects</soCalled> in that sense
                    when we are applying for funding. But, when successful, we
                    also want to keep on experimenting and adding to a
                        <soCalled>projection</soCalled>. Thus projects morph
                    into projections with futures for knowledge. As Brown et al.
                    put it, <quote rend="inline">This interplay between
                        traditional humanities content and innovative
                        methodologies means there is always more to be
                        done</quote> 
               <ptr target="#brown2009"/>.</p>
                <p>So what did we consider “done” in the Globalization and
                    Autonomy project? When and how did we plan to end the
                    Compendium? First of all, as a grant-funded project,
                    Globalization and Autonomy had a natural deadline as the
                    funding was supposed to be spent by 2007. SSHRC does allow
                    projects to apply for extensions if the funds are not spent
                    and there were some funds secured from other sources that
                    were independent of the grant, but effectively the plan was
                    to finish the Compendium and deposit something by 2008 when
                    the funding for researchers, research assistants, editors
                    and programmers would wind down. We had anticipated that
                    more work would be involved to deposit the project and had
                    allocated funds to do so. What we underestimated was how
                    long it would take to deposit the project. We finally
                    deposited the materials in 2012 — four years following the
                    official <soCalled>conclusion</soCalled> of the project. In
                    retrospect, it was unreasonable to expect the project to be
                    wrapped up and deposited during the last year of the
                    project. It would be akin to archiving a book while the
                    author is still writing the conclusion. </p>
                <p>This raises a question of whether the model of grant-project
                    funding needs to be rethought. Ideally, projects would
                    properly account for the time needed to wind down and bury
                    their dead data, but we believe that is unreasonable, at
                    least in 3- to 5-year projects, which is the typical funded
                    length in Canada. Given the rhythm of the academic calendar,
                    the time it takes to get a project going and then to develop
                    digital research sites makes it hard to do a good job that
                    tidies everything up. Any interesting project will change as
                    it continues to do research that further challenges tidy
                    timelines. Better would be small grant programs that provide
                    funding for finished projects that secure trusted
                    preservation partners to wind their project down, document
                    the project, and deposit appropriate data. Previously funded
                    projects, for which granting agencies have some
                    responsibility, would then be encouraged to be open about
                    what they had and how they could make sure the research data
                    was available over the long term. Such a grant program would
                    also draw attention to data preservation and foster research
                    into preservation. But, for many this is simply the least
                    glamourous aspect of the project process and therefore
                    hardest to find internal motivation to accomplish.</p>
                <p>As for what would be done in the ending of our project, it
                    made sense to us to deposit the project as it was at the end
                    of the grant. The state of the Compendium at that point
                    represented a natural moment to deposit the materials. In
                    fact, because it took us longer than expected to work out
                    where and how to deposit the project, we were able to
                    include materials from related conferences. These additional
                    materials were added to the Compendium in 2009 as we were
                    still working things out. Nonetheless, the goal was to
                    deposit the Compendium as of the end of the grant in 2007
                    and into 2008.</p>
                <p>As with many digital projects, we did not conceive of the
                    version finished in 2008 as necessarily the end of any work
                    on the Compendium. The SSHRC grant had funded the
                    development of a useful resource and the project leader had
                    ideas for future phases of the Compendium, but we felt we
                    should nonetheless assume that the Compendium might never be
                    funded again and deposit its state at the end of the
                    grant.</p>
                <p>It should be noted that a number of things have been done to
                    the Compendium since 2007. William Coleman ran a conference
                    in 2007 titled <title rend="italic">Building South-North
                        Dialogue on Globatlization Research</title> that brought
                    together researchers from the Global South and Global North,
                    and then a follow up meeting in August of 2008. <note> For a
                        summary of the conference see <ptr target="#coleman2008"/>. </note> Selected papers from the conferences were
                    reviewed, edited, and added to the Compendium. More
                    importantly, the conferences looked at the idea of
                    developing the Compendium into a portal for research into
                    globalization that would enhance South-North dialogue. The
                    consensus was, however, that there wasn’t sufficient need or
                    support for such a portal. Another change to the Compendium
                    happened as a result of Coleman leaving McMaster University
                    for the University of Waterloo bringing the Compendium with
                    him. The Compendium was redeployed to a server at the
                    University of Waterloo and a news feed from Coleman’s blog
                    was added to create a new entry page that could stay
                    current. <note> The entry page and the home page of the
                        Compendium used to be the same. Now the entry page <ref target="http://globalautonomy.ca">http://globalautonomy.ca</ref> leads to <ref target="http://globalautonomy.ca/global1/news.jsp">http://globalautonomy.ca/global1/news.jsp</ref>
                        while the home page is at <ref target="http://globalautonomy.ca/global1/index.jsp">http://globalautonomy.ca/global1/index.jsp</ref>.
                        Coleman’s blog is at <ref target="http://wdcoleman.uwaterloo.ca/">http://wdcoleman.uwaterloo.ca/</ref>. </note>
                </p>
                <p>A third consideration as to what should be done at the end of
                    the project was that the funder (SSHRC) requires all
                    projects to deposit their research data. To quote from the
                    SSHRC Research Data Archiving Policy, <quote rend="inline">All research data collected with the use of SSHRC funds
                        must be preserved and made available for use by others
                        within a reasonable period of time.</quote>
                    <note> See <ref target="http://www.sshrc-crsh.gc.ca/funding-financement/policies-politiques/edata-donnees_electroniques-eng.aspx">http://www.sshrc-crsh.gc.ca/funding-financement/policies-politiques/edata-donnees_electroniques-eng.aspx</ref>.
                        SSRHC considers a reasonable period to be within two
                        years of completion of the project. </note> All who
                    accept SSHRC funds are obligated to do so, although a survey
                    SSHRC conducted as part of the National Research Data
                    Archive Consultation revealed that very few datasets could
                    actually be found:</p>
                <cit>
                    <quote rend="block">In any given year, as many as one-half
                        of SSHRC-funded researchers produce research data. For
                        those who responded to this consultation, the figure is
                        55 per cent. This extrapolates to approximately 1200
                        data sets created by SSHRC-funded researchers between
                        1998 and 2000, or an average of 400 each year. As of
                        January 2001, only 7 per cent of those researchers
                        surveyed had archived their data, and only a further 18
                        per cent reported that they intended to do so. Of the 18
                        per cent that intend to archive their data, less than
                        one half were able to identify an actual data archiving
                        service or agency.</quote>
                    <ptr target="#nrdac2001" loc="8"/>
                </cit>
                <p>The even harsher reality when considering this mandated
                    archiving of publicly funded research is that globally, far
                    fewer funding agencies even demand that the research
                    products be effectively archived, let alone provide the
                    mechanisms to do so. <note>The UK may be a notable
                        exception to this where, despite the demise of the
                        ADHRC, the UK Data Archive (<ref target="http://www.data-archive.ac.uk">http://www.data-archive.ac.uk</ref>) has made
                        available an open source policy framework for other fund
                        granting agencies and combined this with a series of
                        best practice publications to encourage the research
                        deposit process. </note> The uncomfortable truth of
                    project ends is that we don’t properly bury our projects,
                    even though we know this is what we should do and often talk
                    about using guidelines like the TEI. And that is what
                    scholarly encoding following best practice guidelines like
                    the TEI is about — encoding one’s data so that others can
                    understand the decisions and be able to reuse it long after
                    the original researcher is gone. Projects should be designed
                    from the beginning to die gracefully, leaving as a legacy
                    the research data developed in a form usable in the future.
                    An archived project must not be expected to be a live one,
                    and yet, as Paul Conway argues, our expectations of the
                    digital information environment require that our access to
                    materials remain (apparently) unmediated (Conway 63). We are
                    fooling ourselves if we think projects will survive over
                    time as living, well-maintained projects. Ask yourself how
                    many projects you have let lapse without a service.
                    Likewise, we are fooling ourselves if we think we can always
                    do the burial next year when we think we have more time.</p>
                <p>But, why bother? SSHRC succinctly defines some of the reasons
                    for archival deposit:</p>
                <p>Sharing data strengthens our collective capacity to meet
                    academic standards of openness by providing opportunities to
                    further analyze, replicate, verify and refine research
                    findings. Such opportunities enhance progress within fields
                    of research as well as support the expansion of
                    inter-disciplinary research. In addition, greater
                    availability of research data will contribute to improved
                    training for graduate and undergraduate students, and,
                    through the secondary analysis of existing data, make
                    possible significant economies of scale. Finally,
                    researchers whose work is publicly funded have a special
                    obligation to openness and accountability. <note> From the
                        Research Data Archiving Policy, <ref target="http://www.sshrc-crsh.gc.ca/funding-financement/policies-politiques/edata-donnees_electroniques-eng.aspx">http://www.sshrc-crsh.gc.ca/funding-financement/policies-politiques/edata-donnees_electroniques-eng.aspx</ref>.
                    </note>
                </p>
                <p>They don’t say it explicitly, but another reason to deposit
                    is that our research, itself, is of its time and grist for
                    the mill of future researchers who may want to study us. Our
                    artifacts carry, despite our best intentions, hermeneutical
                    baggage. That which we bury may be of interest to the
                    archaeologists of knowledge of the future. SSHRC expects us
                    to be open so that others can study the research process
                    once we are dead, buried and history — a rather alarming
                    prospect, but one of the features of an emerging philosophy
                    of open research that advocates for exposing the research
                    process rather than hiding the mess behind authoritative
                    results.</p>
            </div>
            <div>
                <head>Depositing the Compendium</head>
                <p>Having defined the complex digital and human nature of the
                    Compendium, we were faced with determining what exactly we
                    were going to deposit and where could we deposit it. What
                    were the components in a seemingly straightforward technical
                    construct that we considered essential to deposit and how
                    could we package these in a means that would allow for their
                    potential disinterment? Just a important to this process was
                    the consideration of where to deposit that would allow for
                    both preservation and access to the constituent parts.
                        <note> The background research and discussion we carried
                        out is openly available on a wiki at <ref target="http://tada.mcmaster.ca/Main/ProblemOverview">http://tada.mcmaster.ca/Main/ProblemOverview</ref>
                        as a working document that was modified as we made
                        decisions and carried out steps in the process. The
                        pages on this wiki were also included the package
                        deposited. </note>
                </p>
                <p>To build our deposit package we identified four key aspects
                    of the digital project to attempt to capture and
                    preserve:</p>
                <p>
                    <hi rend="bold">Content: </hi>These are the original
                    research articles and other documents (bibliographic
                    database, HTML pages) created and published in the
                    Compendium. This, of course, raises the question of exactly
                    what is content. Is there not content to an interface
                    independent of the text? Those questions are for another
                    paper; in our case we considered content to be the texts,
                    including bibliography, and glossary. We also considered the
                    text on the HTML pages content.</p>
                <p>
                    <hi rend="bold">Code:</hi> Although the underlying code that
                    we have described may seem obvious, this is where things
                    begin to become difficult to cleanly identify. While one can
                    easily deposit code, it is difficult to imagine code being
                    useful for people or usable for archaeologists who might
                    want to reconstruct the Compendium. So we may ask, why
                    deposit code? Our reason was that in the code lies the
                    interactivity and interface — for us code includes the XSLT
                    code that generated much of the interface. We decided that
                    one of our objectives was to deposit materials that would
                    allow for the reconstitution of the Compendium in its
                    interactive form whether through the interpretation of code
                    or, less likely, through the reconstitution of a working
                    system.</p>
                <p>
                    <hi rend="bold">Process:</hi> Related to code is process. We
                    wanted to not just deposit the components that resided on
                    the server (XML files, database files, and code), but also
                    to deposit information that would trace the processes of the
                    Compendium as a collaborative project. The Compendium is the
                    result of various research, programming, and editorial
                    processes and decisions — many of which are documented in
                    instructions to authors and coders and other administrative
                    documents, including documentation around the deposit
                    process itself stored in the wiki. The process whereby we
                    handle synchronizing bibliographic entries mentioned above
                    is a case in point — it made a difference to the content that
                    isn’t apparent in the final XML files which hide the process
                    whereby bibliographies were generated. Therefore we decided
                    to deposit certain materials (but not all) that document the
                    editorial processes, including the editorial backend that
                    strictly speaking was not part of the Compendium as
                    experienced.</p>
                <p>
                    <hi rend="bold">The User Experience:</hi> Lastly we wanted
                    to deposit information that allows people to get a sense of
                    what the user experience of the compendium might be without
                    having to reconstitute a working copy. We made a concerted
                    attempt to deposit information about the experience of the
                    Compendium as an interactive work by writing a narrative
                    along with screen shots of typical use of the Compendium
                    stored as PDFs. This has the added advantage that it could
                    help someone wanting to re-implement some part of the
                    interactive code.</p>
                <p>It is also worth noting what we did not prepare for deposit.
                    We did not prepare for deposit materials from the project
                    that went into the UBC Press volumes because their printing
                    preserves that research in its final state. To gather those
                    materials would also have been a time consuming project as
                    we would have had to contact all the authors, negotiate
                    rights, and negotiate with UBC Press. Nor did we prepare for
                    deposit materials from the running of the Globalization and
                    Autonomy project itself; the only process documents chosen
                    were those associated with the editorial process for the
                    Compendium and materials concerning the decision-making
                    around the depositing process itself. (We added, at the last
                    moment, copies of the wiki where we documented our deposit
                    project.) Again, depositing all process documents was beyond
                    what we could do and it would have taken considerable work
                    to gather, negotiate rights for, and document all the
                    discussions. Finally, we did not gather draft documents for
                    the Compendium itself, such as the first drafts of papers
                    before editing and encoding. We focused instead on
                    depositing the Compendium — the finished online publication
                    and the experience of it. As useful as other materials might
                    be, we believe the most important materials to deposit
                    should be those that were carefully prepared for publication
                    and public viewing. These represent what the team
                    collectively wanted to pass on to the larger community as
                    useful research. </p>
                <p>As for how to organize the deposit, we decided to create a
                    deposit collection with these four components (content,
                    code, process, and experience) separated, each in the best
                    preservation formats we could find. This was easy for the
                    content; it was designed from the start in XML, which is, to
                    a certain extent, self-documenting. But in the case of code
                    it is less clear. For the code, all the materials were
                    output to a flat-file format, so things like the
                    bibliographic database were output to XML. The code was then
                    minimally commented so that it could be compiled, and
                    documentation was generated in HTML or XML in an industry
                    standard fashion where possible, though we note these
                    standards are for documentation, not preservation. The point
                    is that the documentation is embedded in the code and could
                    be extracted to produce documentation assuming that future
                    computer scientists recognize how to extract documentation. </p>
                <p>We also created <soCalled>Read Me</soCalled> documents
                    describing the environment and the technical arrangements
                    needed to run the code. We realize this means we did not
                    deposit a working system that someone could download,
                    install, and run to recreate the Compendium. The databases
                    were not stored in their native format; they will have to be
                    regenerated and we didn’t create a tarball (tape archive
                    file) of the whole site that could be unarchived into a
                    directory on a suitable machine to provide a working
                    instance. Frankly, we doubt anyone would bother and we doubt
                    server configurations will stay stable enough for unarchived
                    tarballs to work years from now. Instead, we sought to
                    deposit something that could be explored as is AND used to
                    recreate aspects of the current Compendium in the more
                    distant future if that matters to information
                    archaeologists. Preservation is, after all, the protection
                    of <quote rend="inline">information for <emph>access</emph>
                        by present and future generation</quote> (Conway, cited
                    in <ptr target="#hedstrom1998"/>, our emphasis). Access is not
                    recreation, and over the long term the chances that someone
                    can recreate the hardware and software platform on which an
                    installation could work will approach zero. We are better
                    off giving them something they can understand and
                    re-implement, if needed, than something they can’t install.
                    Further, the purpose of depositing is not only so that
                    people can recreate the original site, but also so that they
                    can study the Compendium and reuse it in unanticipated
                    ways.</p>
                <p>Similarly, we were not trying to deposit something in a form
                    where the interactivity could be maintained. There are
                    models for preserving interactive objects so that they can
                    be easily run on emulators. The most obvious would be to
                    move all the interactivity into XSL or other XML standards
                    for interactive processing like SMIL. The reasons we did not
                    go that route are that it is too expensive, it probably
                    won’t capture all of the interactivity, and we do not hold
                    much confidence in any of the candidate standards for
                    interactivity. Think about what happened to HyTime as a
                    standard (if you have even heard of it). <note> For more on
                        HyTime (Hypermedia/Time-based Structuring Language), an
                        SGML standard for multimedia see <ref target="http://www.hytime.org/">http://www.hytime.org</ref>. HyTime was, alas,
                        ahead of its time and too difficult to use. </note>
                    Instead, we created a deposit package with screen shots of
                    the experience of using the Compendium so that someone who
                    also had the code and content could at the very least
                    understand the experience and, if they chose to re-implement
                    things, could recreate it. There is nothing glitzy or flashy
                    about this, and that is the point. We are trying to recreate
                    the experience in as basic a form as possible to allow for
                    appreciation of the experience using as simple tools as
                    possible, for as long as possible. </p>
                <p>Lastly, we should mention that we prepared the package for
                    deposit in an Institutional Repository, but we also prepared
                    other ways of archiving the Compendium. We printed selected
                    parts of it on acid-fee paper so there would be a paper
                    archival copy and we burned the package to CD-ROM and
                    distributed the CD-ROMs to participants so that the CDs
                    might survive. Now we will turn to the deposit itself.</p>
            </div>
            <div>
                <head>The Question of Where to Deposit</head>
                <p>Once the issue of <emph>what</emph> to deposit had been
                    settled, the question became where to deposit the
                    Compendium. We decided that multiple depositories were the
                    most prudent solution, and one that presented the best
                    possibilities for long-term preservation and future access.
                    The question then was where to find Institutional
                    Repositories (IR) willing to take the materials. Library and
                    Archives Canada <note> For more on LAC see <ref target="http://www.collectionscanada.gc.ca/">http://www.collectionscanada.gc.ca/</ref>. </note>
                    is the official depository for published material in Canada,
                    but they were not equipped to take digital materials. When
                    it comes to funded research from institutions of higher
                    education, a number of university libraries have been
                    certified to receive research materials. <note> See <ref target="http://carl-abrc.ca/en/scholarly-communications/canadian-institutional-repositories.html">http://carl-abrc.ca/en/scholarly-communications/canadian-institutional-repositories.html</ref>
                        for the list of Canadian Institutional Repositories.
                    </note> At the time, the project host institution, McMaster
                    University, did not have an institutional repository, which
                    meant we didn't have a local IR. Another option was to find
                    an international IR. Unfortunately those we contacted were
                    not able to help us at the time due to funding constraints.
                    (Alas, it seems that some IRs have had their funding cut to
                    the point of being barely able to operate, which does not
                    bode well for preservation and is another reason for
                    depositing to multiple IRs.)</p>
                <p>The situation in 2008 thus seemed hopeless. We had done all
                    this work to prepare a package and now we couldn’t find
                    anyone to take it. Fortunately time heals IRs, and since
                    then both McMaster University and the University of Alberta
                    have set up IRs able to take our data. With the help of the
                    Digital Preservation Librarian Nick Ruest we deposited the
                    package at DigitalCommons@McMaster. <note> See <ref target="http://digitalcommons.mcmaster.ca/global_coll/1">http://digitalcommons.mcmaster.ca/global_coll/1</ref>.
                    </note> We have also deposited it to the Education and
                    Research Archive (ERA) of the University of Alberta. <note>
                        See <ref target="http://hdl.handle.net/10402/era.26095">http://hdl.handle.net/10402/era.26095</ref>.
                    </note> As a side note, although Library and Archives Canada
                    did have it in their brief to accept the package and were in
                    fact anxious to learn by doing so, revisions to the Library
                    and Archives Canada Act (2004) in 2007 removed <title rend="italic">Databases or web-based
                        applications</title> from their brief. <note> See Legal
                        Deposit of Publications Regulations (SOR/2006-337) <ref target="http://laws-lois.justice.gc.ca/eng/regulations/SOR-2006-337/index.html">http://laws-lois.justice.gc.ca/eng/regulations/SOR-2006-337/index.html</ref>.
                    </note> Seemingly they have backed away from the challenge
                    despite the increasing use of such means to make research
                    material available for reuse.</p>
            </div>
            <div>
                <head>Conclusion</head>
                <p>This brings us back to ends. There are ends to the Compendium
                    other than its deposit. One end that is not in the scope of
                    this paper, but may interest readers, is managing the review
                    of the Compendium so that those of us who worked on the
                    digital design but are not published in the book series are
                    recognized. When the project negotiated with publishers, one
                    reason we selected UBC Press was that they agreed to conduct
                    a peer-review of the Compendium along with the print series.
                    We often talk about how digital work isn’t reviewed, which
                    causes trouble in the academy, but in this case the
                    Compendium was reviewed and, in effect, accepted for
                    publication as a companion to the print series. </p>
                <p>A more important end, of course, is an anticipated beginning.
                    We may be burying the Compendium, but we do so partly in
                    order to bring it back to life in a new form. William
                    Coleman has been negotiating with other organizations to
                    develop the Compendium into an ongoing peer-review venue
                    that would, like a journal, continue to accept and review
                    new materials. But unlike a journal, these would be
                    organized encyclopedically rather than chronologically in
                    issues. With the addition of community tools like forums and
                    comment features that are not peer-reviewed, we hope the
                    Compendium could evolve into a venue for research and
                    learning around Globalization, especially from the Global
                    South — voices that are too infrequently heard in our circles.
                    The quality, extent and even distribution of content we now
                    have are, we believe, assets on which we can build
                    relationships. </p>
                <p>Finally, an end is what one learns. Some of the key lessons
                    we learned from this project are:</p>
                <list type="unordered">
                    <item>Researchers and other research stakeholders need to
                        take research data deposit seriously and allocate it the
                        necessary time and resources.</item>
                    <item>Researchers should decide when something is done and
                        what that means <emph>early</emph> in a project, not in
                        the rush of a messy end. At the same time, researchers
                        should be willing to redefine the when and what as the
                        project evolves. </item>
                    <item>The decision of <emph>what</emph> to do when a project
                        (or phase) is done is not simple. At the very least the
                        content published online should be deposited in such a
                        way that it can be discovered and reused.</item>
                    <item>Researchers should seek <emph>advice</emph> from local
                        librarians about the deposit services available and
                        current best practices.</item>
                    <item>It is better to deposit something at some point than
                        to perpetually put it off. Beware of developing the
                        wrapping up process into such an ambitious project that
                        it is never finished. Finishing a project should not
                        become a new project.</item>
                    <item>Researchers should consider depositing information
                        about the deposit decisions themselves. That sort of
                        metadata can help future users understand what was
                        deposited and why.</item>
                    <item>It takes significant time and effort to deposit a
                        project. It is not a matter of spending a weekend
                        uploading the XML at hand to a repository.</item>
                    <item>That which you decide to finish and deposit will
                        change as you deposit it. Be prepared for a long deposit
                        process that will have to deal with a moving
                        target.</item>
                    <item>For grant-funded projects, you should in principle
                        budget and plan a first deposit at the end of the
                        funding. However, this is not practical as most projects
                        are not really finished until the very last moment of
                        the grant, if that. At the end of a grant there is
                        usually a rush to finish what you said you would do and
                        therefore no time to step back, consider what was done,
                        and carefully document and deposit the project. For
                        these reasons you should hold back some resources to be
                        able to deposit a project after it has ended, not while
                        it is ending.</item>
                    <item>Grant funders should consider small post-award deposit
                        funding grants that large projects can apply for once
                        the project is over, the digital work done, and budget
                        spent. </item>
                    <item>Projects are often associated with individual
                        academics. These academics change institutions. Digital
                        humanists and institutions should therefore be willing
                        to take ongoing responsibility even when people move
                        away from institutions where they developed projects. At
                        the very least, institutions should be prepared to help
                        document and deposit projects even when faculty move on,
                        and individuals should be prepared to finish off
                        projects and deposit them even though they may have gone
                        to different jobs.</item>
                    <item>Institutional and government stakeholders need to
                        expect and invest in the long-term preservation of data.
                        The poor rate of depositing research data documented by
                        the NRAC Working Group (2001) is due to a number of
                        factors including lack of trusted institutional
                        repositories staffed to explain the importance of
                        depositing data to researchers. There is also a lack of
                        understanding of the long-term commitment needed for
                        such repositories to fulfill their function.
                        Repositories can be set up and then abandoned for other
                        priorities. Unfortunately, we seem to be in a time where
                        no one wants to make long-term commitments.</item>
                    <item>Articles about projects, like this one, that are
                        published and preserved by libraries are likely to be an
                        important way that researchers in the future learn about
                        projects. It may seem superfluous to document how a web
                        site that is still online and usable works, but given
                        how quickly a web site can disappear, published reports,
                        white papers, and articles can be an important
                        end.</item>
                </list>
                <p>The most important lesson from our experience is that it is
                    difficult and time consuming to deposit research materials.
                    Until more people actually start depositing datasets and
                    institutions start encouraging deposit, it will continue to
                    be so. There is precious little discussion and experience
                    for guidance. A second lesson is that so much of the idea of
                    long-term preservation is just that — an idea. In principle
                    there are many places that can accept deposits, but in
                    practice it isn’t always easy. Repositories come and go;
                    some have even had their funding pulled back. Support also
                    comes and goes, leaving academics confused about the
                    importance of this and how to do it.</p>
                <p>We believe that by depositing in multiple forms, in multiple
                    locations, and with rich documentation of the process and
                    experience, we have buried the Compendium in a suitable open
                    casket, ready for reanimation or reuse. Perhaps no one will
                    be interested, but that isn’t for us to say. Let the worms
                    loose.</p>
            </div>
        </body>
        <back>
            <listBibl>
                <bibl xml:id="ukdataarchive2011"
                  label="UK Data Archive 2011"
                  key="ukdataarchive2011">
                    <title rend="quotes">UKDA Preservation Policy</title>, 18
                    May 2011 <ref target="http://www.data-archive.ac.uk/media/54776/ukda062-dps-preservationpolicy.pdf">
                        http://www.data-archive.ac.uk/media/54776/ukda062-dps-preservationpolicy.pdf</ref>
                    Accessed 28 October 2012.</bibl>
                <bibl xml:id="alemneh2002" label="Alemneh D. et. Al." key="alemneh2002">
                    <title rend="quotes">A Metadata Approach to Preservation of
                        Digital Resources: The University of North Texas
                        Libraries’ Experience</title>, First Monday 7.8 (2002).
                        <ref target="http://firstmonday.org/ojs/index.php/fm/article/view/981/902">http://firstmonday.org/ojs/index.php/fm/article/view/981/902</ref>
                </bibl>
                <bibl xml:id="beagrie2009" label="Beagrie et al 2009" key="beagrie2009">
                    <title rend="quotes">Keeping Data Research Safe 2</title>,
                    JISC Research Sudy, 31 July 2009 <ref target="http://www.data-archive.ac.uk/media/1687/KRDS2_finalreport.pdf">http://www.data-archive.ac.uk/media/1687/KRDS2_finalreport.pdf</ref>
                    Accessed 28 October 2008.</bibl>
                <bibl xml:id="brown2009" label="Brown et al 2009" key="brown2009a">Brown, S. et
                    al. <title rend="quotes">Published Yet Never Done: The
                        Tension Between Projection and Completion in Digital
                        Humanities Research</title>
                    <title rend="italic">Digital Humanities Quarterly</title>,
                    3:2, <ref target="http://www.digitalhumanities.org/dhq/vol/3/2/000040/000040.html">http://www.digitalhumanities.org/dhq/vol/3/2/000040/000040.html</ref>,
                    2009.</bibl>
                <bibl xml:id="coleman2008" label="Coleman 2008" key="coleman2008"> Coleman, W. D.
                    and Johnson, N. <title rend="quotes">Building South-North
                        Dialogue on Globalization Research: Report on
                        Proceedings</title>, Globalization and Autonomy Online
                    Compendium, <ref target="http://globalautonomy.ca/global1/dialogueItem.jsp?index=SN_ColemanJohnson_MeetingReport.xml">
                        http://globalautonomy.ca/global1/dialogueItem.jsp?index=SN_ColemanJohnson_MeetingReport.xml</ref>,
                    2008.</bibl>
                <bibl xml:id="conway2010" label="Conway 2010" key="conway2010b">Conway, P. <title rend="quotes">Preservation in the Age of Google:
                        Digitization, Digital Preservation, and Dilemas</title>
                    <title rend="italic">The Library Quarterly</title> 80.1
                    (2010): 61-79.</bibl>
                <bibl xml:id="cooper2004" label="Cooper 2004" key="cooper2004"> Cooper, A. <title rend="italic">The Inmates Are Running the
                    Asylum</title>, Indianapolis, Indiana: SAMS, 2004.</bibl>
                <bibl xml:id="diorio2010" label="D'Iorio 2010" key="diorio2010"> D'Iorio, P.
                        <title rend="quotes">Scholarly Information Management: A
                        Proposal in Connexions</title>, May 14, 2010, <ref target="http://cnx.org/content/m34327/1.2/">http://cnx.org/content/m34327/1.2/</ref> 2010.</bibl>
                <bibl xml:id="hedstrom1998" label="Hedstrom 1998" key="hedstrom1998"> Hedstrom,
                    Margaret. <title rend="quotes">Digital Preservation: A Time
                        Bomb for Digital Libraries</title>, <title rend="italic">Computers and the Humanities</title>, 31 (1998):
                    189-202.</bibl>
                <bibl xml:id="kretzschmar2010"
                  label="Kretzschmar and Potter 2010"
                  key="kretzschmar2010"> Kretzschmar, W. Jr. and
                    Potter W. <title rend="quotes">Library collaboration with
                        large digital humanities projects</title>
                    <title rend="italic">Literary and Linguistic
                        Computing</title> 24.4 (2010): 439-445.</bibl>
                <bibl xml:id="nrdac2001" label="NRDAC 2001" key="nrdac2001"> NRDAC Working
                    Group. National Research Data Archive Consultation: Phase
                    One: Needs Assessment, Ottawa: Social Sciences and
                    Humanities Research Council of Canada, 2001.</bibl>
                <bibl xml:id="kirschenbaum2009"
                  label="Kirschenbaum 2009"
                  key="kirschenbaum2009">
                    Kirschenbaum, M. G. <title rend="quotes">Done: Finishing
                        Projects in the Digital Humanities</title>, <title rend="italic">Digital Humanities Quarterly</title>, 3:2,
                    2009.</bibl>
                <bibl xml:id="opendoar" label="OPENDOAR" key="opendoar">
                    <ref target="http://www.opendoar.org/find.php">http://www.opendoar.org/find.php</ref> Accessed 28
                    October 2012.</bibl>
                <bibl xml:id="rockwell2011" label="Rockwell 2011" key="rockwell2011d"> Rockwell, G.,
                    Day, S., Yu, J. and Coleman, W. D. <title rend="quotes">Globalization Compendium Archive</title>, <title rend="italic">Globalization Publications</title>, Paper
                    1, <ref target="http://digitalcommons.mcmaster.ca/global_coll/1">http://digitalcommons.mcmaster.ca/global_coll/1</ref>,
                    2011.</bibl>
                <bibl xml:id="sherpa2012" label="SHERPA-JULIET 2012" key="sherpa2012"> Research
                    Funders Open Access Policies <ref target="http://www.sherpa.ac.uk/juliet/index.php">http://www.sherpa.ac.uk/juliet/index.php</ref>;
                    Accessed 28 October 2012.</bibl>
                <bibl xml:id="vandeneyden2010"
                  label="Van den Eyden et al                 2010"
                  key="vandeneyden2010">
               <title rend="quotes"> Data Management Practices in the Social
                        Sciences</title>, UKDA Report 10 August 2010 <ref target="http://www.data-archive.ac.uk/media/203597/datamanagement_socialsciences.pdf">http://www.data-archive.ac.uk/media/203597/datamanagement_socialsciences.pdf</ref>
                    Accessed 28 October 2012.</bibl>

            </listBibl>
        </back>
    </text>
</TEI>
