<?xml version="1.0" encoding="UTF-8"?>
<?oxygen RNGSchema="../../common/schema/DHQauthor-TEI.rng" type="xml"?>
<?oxygen SCHSchema="../../common/schema/dhqTEI-ready.sch"?>
<TEI xmlns="http://www.tei-c.org/ns/1.0"
     xmlns:cc="http://web.resource.org/cc/"
     xmlns:rdf="http://www.w3.org/1999/02/22-rdf-syntax-ns#"
     xmlns:dhq="http://www.digitalhumanities.org/ns/dhq">
   <teiHeader>
      <fileDesc>
         <titleStmt>
            <!-- Author should supply the title and personal information-->
            <title type="article">Performative Materiality and Theoretical Approaches to Interface</title>
            <dhq:authorInfo>
               <!-- Include a separate <dhq:authorInfo> element for each author -->
               <dhq:author_name>Johanna <dhq:family>Drucker</dhq:family>
               </dhq:author_name>
               <dhq:affiliation>UCLA</dhq:affiliation>
              <email>drucker@gseis.ucla.edu</email>
              <dhq:bio>
                  <p>Johanna Drucker is the inaugural Breslauer Professor of Bibliographical Studies in the Department of Information Studies at UCLA. She is internationally known for her work in the history of graphic design, typography, experimental poetry, fine art, and digital humanities. In addition, she has a reputation as a book artist, and her limited edition works are in special collections and libraries worldwide. Her most recent titles include <title rend="italic">SpecLab: Digital Aesthetics and Speculative Computing</title> (Chicago, 2009), and <title rend="italic">Graphic Design History: A Critical Guide</title> (Pearson, 2008, 2nd edition late 2012). She is currently working on a database memoir, ALL, the online Museum of Writing in collaboration with University College London and King’s College, and a letterpress project titled <title rend="italic">Stochastic Poetics</title>. A collaboratively written work, <title rend="italic">Digital_Humanities</title>, with Jeffrey Schnapp, Todd Presner, Peter Lunenfeld, and Anne Burdick is forthcoming from MIT Press.
              </p>
               </dhq:bio>
            </dhq:authorInfo>
         </titleStmt>
         <publicationStmt>
            <!-- This information will be completed at publication -->
            <idno type="DHQarticle-id">000143</idno>
            <idno type="volume">007</idno>
            <idno type="issue">1</idno>
                <date when="2013-07-01">1 July 2013</date>
            <dhq:articleType>article</dhq:articleType>
            <availability>
               <cc:License rdf:about="http://creativecommons.org/licenses/by-nc-nd/2.5/"/>
            </availability>
         </publicationStmt>
         
         <sourceDesc>
            <p>This is the source</p>
         </sourceDesc>
      </fileDesc>
      <encodingDesc>
         <classDecl>
            <taxonomy xml:id="dhq_keywords">
               <bibl>DHQ classification scheme; full list available at <ref target="http://www.digitalhumanities.org/dhq/taxonomy.xml">http://www.digitalhumanities.org/dhq/taxonomy.xml</ref>
               </bibl>
            </taxonomy>
            <taxonomy xml:id="authorial_keywords">
               <bibl>Keywords supplied by author; no controlled vocabulary</bibl>
            </taxonomy>
         </classDecl>
      </encodingDesc>
      <profileDesc>
         <langUsage>
            <language ident="en"/>
         </langUsage>
         <textClass>
            <keywords scheme="#dhq_keywords">
               <!-- Authors may suggest one or more keywords from the DHQ keyword list, visible at http://www.digitalhumanities.org/dhq/taxonomy.xml; these may be supplemented or modified by DHQ editors -->
               <list type="simple">
                  <item/>
               </list>
            </keywords>
            <keywords scheme="#authorial_keywords">
               <!-- Authors may include one or more keywords of their choice -->
               <list type="simple">
                  <item/>
               </list>
            </keywords>
         </textClass>
      </profileDesc>
      <revisionDesc>
         <!-- Each change should include @who and @when as well as a brief note on what was done. -->
         <change when="2013-02-16" who="JHF">article into preview</change>
         <change when="2013-06-20" who="Tassie Gniady">Changed "dhq:caption" to "head."</change>
      </revisionDesc>
   </teiHeader>
   
   <text>
      <front>
         <dhq:abstract>
            
           <p>This article outlines a critical framework for a theory of performative materiality and its potential application to interface design from a humanistic perspective. Discussions of the materiality of digital media have become richer and more complex in the last decade, calling the literal, physical, and networked qualities of digital artifacts and systems to attention. This article extends those discussions by reconnecting them to a longer history of investigations of materiality and the specificity of media in critical theory and aesthetics. In addition, it introduces the concept of performative materiality, the enacted and event-based character of digital activity supported by those literal, physical conditions, and introduces the theoretical concerns that attach to that rubric. Performative materiality is based on the conviction that a system should be understood by what it does, not only how it is structured. As digital humanities matures, it can benefit from a re-engagement with the mainstream principles of critical theory on which a model of performative materiality is based. The article takes these ideas into a more focused look at how we might move towards integrating this model and critical principles into a model of humanistic interface design.</p>
         </dhq:abstract>
         <dhq:teaser>
            
           <p>The performative approach to materiality suggests that understanding what systems do and how they are used is as important describing their structure.</p>
         </dhq:teaser>
      </front>
      <body>
         <head>Performative Materiality and Theoretical Approaches to Interface</head>
         <note>Originally presented a talk at DH 2011, this paper is still only a sketch for design work ahead, and is to be read more as a suggestive transcription of that presentation than as a formally finished work. Thus the scholarly apparatus is minimal here in terms of references and notes. </note>
         <div>
            <head>Introduction</head>
            <p>Three agendas intertwine in this piece: the desire to shift discussions of materiality towards a performative model while building on recent work on the topic; a recuperation into digital humanities of mainstream principles of critical theory on which this model is based; and some thoughts on how we might move towards integrating this model and critical principles into a model of humanistic interface design.</p>
         </div>
         <div>
            <head>Performative Materiality</head>
            <p>In the mid-1990s, Matt Kirschenbaum rescued discussions of digital media from a major misconception rampant in then popular characterizations of electronic technology as <emph>immaterial</emph>. By calling attention to the material substrates of computing — its drives, tracks, disks, and fundamental physical supports — he made an argument for materiality as essential to the operation and identity of digital media. </p>
            <p>In the 1990s, <q>electronic</q> writing and digital media studies were still relatively new, and a hyperbolic rhetoric based on a dubious binarism had come into play. Inscriptional technologies were being divided into <q>old</q> media (print, ink, manuscript) and <q>new</q> electronic and digital ones without careful examination of the bases of these distinctions.<note> Michael Heim’s <title rend="italic">Electric Language</title> was published in 1987, George Landow and Paul Delany’s <title rend="italic">Hypermedia and Literary Studies</title> (1991), George Landow’s <title rend="italic">Hyper/Text/Theory </title>(1994), and Jay David Bolter’s <title rend="italic">Writing Space</title> (1991), just to cite several milestone texts. Matthew Kirschenbaum, <title rend="italic">Mechanisms: New Media and the Forensic Imagination</title> (2008); Kirschenbaum’s citations are a richer index of these discussions. </note> As a by-product of these binarisms, theorists and practitioners of hypertext and electronic writing had enthusiastically proclaimed the immaterial condition of the digital in what seemed a holy grail of <foreign>différance</foreign>, as if digital inscription were the demonstration of <q>pure</q> differentiation existing only as an abstract binary flux.<note> Why this should be a holy grail is another matter entirely, as if disembodiment and abstraction might fulfill some longstanding separation of mind and spirit from the sullying conditions of corporeality. </note>In a misfire of analysis, the capacity of electrical charge to create code through positive and negative values, the foundation of <emph>digital</emph> technology, had been described as <emph>immaterial</emph>. Many writers, including theoreticians schooled in the differential play central to deconstructive philosophy, simply described fungible, fluid, rapidly re-inscribable digital code as an immaterial medium, ignoring the physical realities that Kirschenbaum’s nicely termed distinctions of <emph>forensic</emph> and <emph>formal</emph> materiality have put back into play <ptr target="#paul2007"/>.</p>
            <p>Not only are digital formats material, they are persistently and fundamentally so, as summed up in Kirschenbaum’s phrase, <quote rend="inline">Every contact leaves a trace.</quote> Kirschenbaum’s argument is organized around two aspects of materiality, forensic and formal. These are useful categories, and though they do not exhaust the discussion of material features and properties, summarizing his terms is a good place to begin. In Kirschenbaum’s definitions, <emph>forensic</emph> materiality refers to evidence, while <emph>formal</emph> materiality refers to the codes and structures of human expression. The forensic elements of a document might include ink, paper, stains, fingerprints, other physical traces, while the formal elements would be the organization of the layout, design, or the style of literary composition, relations between image and text and so on. Both are available to description and analysis; neither is self-evident, each would have to be interpreted and placed in a continuum of other evidence or read in relation to other texts, images, documents and the cultural codes of their composition. This distinction is excellent as far as it goes, and useful for reminding us that digital media have these basic dimensions. But his description is grounded in ontology rather than performance, in a sense that the identity of material things resides in their properties and capacities, in <emph>what they are</emph> rather than <emph>what they do</emph>. My emphasis on the <emph>performative</emph> dimension of materiality is meant to extend, rather than replace, this understanding. Performative materiality suggests that what something <emph>is </emph>has to be understood in terms of what it <emph>does</emph>, how it works within machinic, systemic, and cultural domains. </p>
            <p>The history of approaches to materiality is long and complex, with basic discussions of matter and form, substance and essence, traceable to earliest antiquity in many strains of philosophy in the west and the east, and these wait in the wings to be called back onstage in any longer discussion of the topic (<ptr target="#drucker1994"/>, <ptr target="#drucker2009"/>, <ptr target="#bynum2011"/>, <ptr target="#beardsley1966"/>, <ptr target="#mcgann2003"/>). But Kirschenbaum’s useful intervention came at a crucial moment, and was well positioned to shift the terms of debates about digital technology back towards attention to materiality in an approach informed by interpretative disciplines such as bibliography, critical studies, and theoretical dimensions of English literature.  </p>
            <p>Jean-François Blanchette, whose work I first encountered in 2008, draws on a very different disciplinary background for his criticism of <q>immateriality.</q> Trained in informatics, encryption, and the theoretical study of digital code from a technical and legal perspective, he was extending the study of digital materiality to the analysis of elaborate systems and their interdependent modular components. By adding the concept of <emph>distributed materiality</emph> to our inventory, he provides language to describe the co-dependent, layered contingencies on which the functions of drive, storage, software, hardware, systems, and networks depend. Not only are all of these elements material, but they are locked into relations with each other that are governed by their material design and constraints in ways that have an effect on the costs and efficient operation of the system.</p>
            <p>Attention to the material components of hardware, software, and their processes provides a point of departure for the investigation of larger systemic relations in which multiple materialities are at play. But even the fullest account of physical features supplies only a partial framework for understanding how digital materiality works, whether it is operating inside exchanges that are exclusively those of the technology or interacting with human users and operators. Distributed materiality, though still focused on entities and their relations, edges towards an event-based model, with its roots in systems theory and suggestive connections to new materialisms.</p>
            <p>Performative materiality draws on studies in cognition, perception, reader-response, textual hermeneutics, interface design, and curiously, it is supported by empirical and theoretical approaches. It shifts the emphasis from acknowledgement of and attention to material conditions and structures towards analysis of the production of a text, program, or other interpretative event. After all, no matter how detailed a description of material substrates or systems we have, their use is performative whether this is a reading by an individual, the processing of code, the transmission of signals through a system, the viewing of a film, performance of a play, or a musical work and so on. Material conditions provide an inscriptional base, a score, a point of departure, a provocation, from which a work is produced as an event. The materiality of the system, no matter how stable, bears only a probabilistic relation to the event of production, which always occurs only in real time and is distinct in each instance. </p>
            <p>If every reading produces a text anew then the production of a text is the fundamental work of reading — this is a truism of every theoretical development since New Criticism. Eye-tracking software and studies of user experience support this assertion just as surely as the deconstructionist theoretical approaches to text, in a curious meeting of empirical and theoretical investigations from very different parts of the intellectual universe. Steve Krug’s <title rend="italic">Don’t Make Me Think</title> 
               <ptr target="#krug2000"/>, diagramming the ways individuals hop around on a web page in accord with motivations and whims, meets Stanley Fish’s <title rend="italic">Is there a text in the class</title> 
               <ptr target="#fish1980"/>, in the weird science hybrid analysis of readerly work. In each case, the performance constructs meaning as a result of engagement, the text is performed, rather than received. Materiality provokes the performance, and this is true whether we are talking about the workings of distributed systems in which resistance, voltage, and allocation of resources perform in accord with other processes and decisions, or whether we are referring to the reading of a poem.</p>
            <p>The point here is to bring the concept of performative materiality to bear as a criticism of literal materiality and its tendency to assign intrinsic and inherent values to material properties in the analysis of digital artifacts as an extension of literary and critical studies. Because if materiality was overlooked in the vertigo of new media fantasies of a disembodied or un-embodied existence, then attention to materiality has been equally ill-served by a literal approach that resembles the naive techniques of pre-psychoanalytic dream studies — in which inventories of dream images were linked to their meanings in a published key, as if the icons and images of the unconscious might be spelled out and the dream deciphered and read according to a mechanistic process of reading equivalences. A dream of crossing water would be interpreted as a sign of a coming separation, a dream of an owl taking flight predicted death, and so on in a one-to-one relation of symbol to value. Sigmund Freud showed that the unconscious is structured like a language, and that its displacements and associations form a system of dynamic relations. Concepts of co-dependencies, contingencies, and syntactic relations replaced the lists of keys and images in old dream books, which lost favor except among fortune tellers and carnival psychics.</p>
            <p>The same change happened across other humanistic and social science fields and disciplines in the late 19th and early 20th centuries as similar structuralist moves undermined the idea of intrinsic value, replacing it with relative value in anthropology, economics, linguistics, and cultural studies, a crucial point of departure in our discussion, though far from its endpoint. Structuralism put the relativistic, systems-dependent approach to meaning production into play more than a hundred years ago. Meaning is use, as Ludwig Wittgenstein famously said, to which we can add, such use is always circumstantial and situational. This shift from an approach grounded in what something <emph>is</emph> to how something <emph>works</emph> changes the analysis of material evidence from iconographic reading to indexical reading, leading us into the lifecycle of production, use, control, resource consumption, labor, cost, environmental impact and so on — so that an artifact’s materiality is read as a snapshot moment within continuous interdependent systems. Classic structuralism, as exemplified by Saussurean linguistics, de-essentialized and systematized the understanding of meaning as value, and performative materiality builds on that basic shift into the post-structuralist engagement with readerly production of texts, and beyond, to a probabilistic perspective that synthesizes these critical traditions with those of user experience. In addition, the fields of code studies, software, and platform studies are permeated with theoretical insights into the performative dimension of digital processing. Algorithms are instructions for processes, for performances, whose outcomes may usually be predictable, but of course, are as open to error and random uncertainties in their execution as they are to uncertain outcomes in their use at the higher level of their operation and use. To these approaches we can add certain strains of <q>new</q> materialisms, the emergent systems-thinking approaches coming from ecologies of semiotics and information, though not all of these share a performative dimension.</p>
            <p>By re-engaging with the intellectual traditions of critical theory from structuralism to post-structuralism, deconstructivism, cultural and critical studies, and complex systems grounded in ecological approaches that posit emergent properties, we can bring an analytical framework for approaching the materiality of digital activity into focus. In this framework, we chart the shift from a concept of things as entities to a concept of them as events, from a notion of <emph>what is</emph> to that <emph>which is always in flux</emph>, from a <emph>literal</emph> to a <emph>contingent</emph> materiality that is exposed by the performative dimension of use. But oddly, perversely, reification seems to have run rampant in approaches to the description of screen space and digital media, even if the iterative character of digital forensics should have long ago infused the theoretical impulse with a profoundly Heraclitan view of artifacts before us. Some of the media archaeology approaches to studying in an <emph>archaeographology</emph>, to use Wolfgang Ernst’s term, reinscribe digital media in an entity-driven approach that is both literal (code as inscription) and virtual (code as model) <ptr target="#parikka2011"/>. These counteract the model of <emph>immateriality,</emph> though they do not replace it with a concept of digital flux, or of material as an illusion of stability constituted across instabilities, one whose complexities could inform critical engagement with other material artifacts in more traditional media. Perhaps it is not too late. </p>
            <p>The many dimensions of performative materiality, then, touch on each layer of digital media — in an analysis of the co-dependencies and contingencies of the material substrate, in a description of the production of display from code through processing as a performative act, in the engagement of users with the generative experience of viewing, and in the mutability and reinscribability of files in the mutable substrate of digital technology. While such a description sounds like a characterization of the essential qualities of digital media, it is meant as a description of the ways these qualities are always operating within contingent fields, flows, and relations that reconstitute them.</p>
            <p>In finishing this discussion of fundamental frameworks, I want to make it clear that I am distinguishing <emph>literal</emph> materiality (which I take to be a naïve if well-intentioned focus on the properties of entities) from both the <emph>forensic,</emph> which is evidentiary, and <emph>formal</emph>, which is encoded and conventionalized. Literal materiality is based on a mechanistic model that suggests that the specific properties of material artifacts or media can be read as if meaning were a self-evident product of form, as if some universal key, paralleling those guides to dreams, existed for all physical objects and material elements, as if the cultural world were turned into a natural world and could be <q>read</q> with empirical, positivist methods, as if the detailed, minute, and careful description of physical properties reveals inherent or self-evident values (and as if a century or more of critical thinking had not occurred).</p>
            <p>Not even the most naïve forensic expert would suggest this. Certainly materials have properties. Brittle cast iron will never have the tensile strength of tempered steel. A blood stain is not a coffee stain. But the value of evidence is not a fixed entity, revealed by empirical methods. For example, identifying a typeface or font and the date, place, or producer of origin does not automatically reveal a <q>meaning</q> of a font. A font does not have a meaning, it has a set of associations and relative values. Description of material properties puts in play a series of interpretative events in which the performative dimensions of these properties are actualized in complex inter-relations, dependencies, contingencies, and circumstances.</p>
            <p>If avoiding the pitfall of naïve, literal materiality is important, a corollary principle is the need to keep from assigning value to media on the basis of their <q>specificity</q> — as if the properties of a particular medium determined the forms of discourse or expression of which it was capable (e.g. the <q>linear</q> qualities of print text). Media specificity is often literal materiality, as if a substrate’s characteristics determined the forms of expression it supports. Changes in technology create changed conditions for design in buildings just as they do in media environments, but materials do not determine design or aesthetic developments. For instance, the technical qualities of print media necessary for avant-garde approaches to typographic design — using diagonals, mixed fonts, and so on — were part of letterpress from the time of the invention of movable type in the 15th century. But they were not conceptually in view until the 20th. Why? Because the aesthetic language on which they were based had not been invented. The innovation was conceptual, not technical. Media may have specific properties at the forensic level that contribute to their expressive, aesthetic capacities. When attention to media specificity slips into a literal approach to the interpretation of materiality it falls short of providing an adequate basis for critical analysis of the ways materiality works. It offers some necessary techniques for description, as a start point, but not for analysis as an interpretative process. Literal approaches are modeled on a mechanistic approach that presumes objects of perception are self-identical and observer-independent. Performative approaches are modeled on a probabilistic premise that suggests an object is produced as an effect of a dynamic relation between provocation of the object’s characteristics and an interpretative process. </p>
            <p>In a model of materiality as fundamentally performative, we can show how forensic, evidentiary materiality and formal organization serve as a provocation for the creation of a reading as a constitutive interpretative act. The specific structures and forms, substrates and organizational features, are <emph>probability conditions</emph> for production of an interpretation. Knowledge creates the objects of its discourses, it does not <q>discover</q> them. Constructivist epistemology shifts our attention from knowledge to knowing, from objects that are observer-independent to the recognition of observer-dependent process, or events. We recognize our readings as the production of effect, not a recovery of cause or an original thing. Objects exist in the world but their meaning and value are the result of a performative act of interpretation provoked by their specific qualities. To say that is merely to remind ourselves of what we already know: that we need to recover the lineage of critical theory that transformed the humanities from structuralism onward to understand digital objects and to design them. Without these intellectual strains, our thinking about digital matters proceeds as if the last century had not existed, and we were merely late 19th century naturalists on the trail of a new species of inscriptional and medial artifacts.
         </p>
            <p>Recuperating the full apparatus of humanist critical theory for our understanding of digital materiality brings a host of methodologies into our analysis, and combines it with newer developments in code studies, complexity, and new materialisms. While it may seem flat-footed and pedestrian to march through these frameworks one after another, the exercise is meant to have the benefit of demonstrating the value of our critical heritage. After this summary review, I will turn my second agenda, to address ways in which the insights from critical theory could lead to a humanistic interface design, formulating an interface grounded in probabilistic and performative approaches. </p>
            <p>So, touching on each of these critical approaches in turn, I will try to show their usefulness and relevance for critical study and design of digital media. </p>
            <p>
               <emph>Forensic materiality</emph> draws on traditions of descriptive and analytic bibliography as well as physical and chemical analyses and investigations. It uses these techniques to attend to the specific properties of digital inscription. Forensic studies, literally speaking, are those concerned with the evidence used in legal arguments. Thus materiality at this level is concrete, subject to scrutiny, and available to observation through empirical methods. For a humanist, the extension of such a positivist approach to material has to be tempered with the recognition that no matter how self-evident a material artifact may be within the descriptive frames offered by forensics, the value of a text, even its content and meaning, is always a product of a reading within specific circumstances. And the value of forensic materiality depends on the same web of cultural associations and historically situated values as any other interpretative act. That an artifact has specific properties may be incontrovertible, just as in the contrast above between iron and steel. But what those properties <emph>mean</emph> is very different from what we may imagine those properties <emph>are</emph>. In fact, the entire <q>is-ness</q> of materiality, grounded in assumptions of self-evident identity, is always subject to humanist critique, or should be, if critical methods are to prevail. Forensic analysis provides a foundation for other work, as does formal analysis of a text, image, situation, or event. But the caveat that nothing is self-evident and no value is intrinsic has to be kept in play. Expanded forensic analysis of digital artifacts allows access to the lifecycle of production. We can track the resources used, labor involved, shipping, transportation, manufacture, as well as providing a foundation for media-specific description and analysis <ptr target="#bowers1964"/>, <ptr target="#culler1997"/>.<note> For a useful introduction and overview see <ptr target="#abbott2009"/> and <ptr target="#hayles2002"/>.</note>
            </p>
            <p>
               <emph>Distributed materiality</emph> focuses on the complex of interdependencies on which any digital artifact depends for its basic existence. In a distributed approach, any digital <q>entity</q> is dependent on servers, networks, software, hosting environments and the relations among them just as surely as a biological entity depends upon atmospheric and climatic conditions. An extension of forensic approaches, the distributed concept requires attention to the many layers and relationships of hardware, software, bandwidth, processing, storage, memory, and other factors. The distributed approach registers a shift from materiality grounded in a single feature or factor to an approach based on multiple systems of interrelated activity. Each of these is supported by technical <emph>things</emph> — substrates, wiring, chips, circuits, etc. — and <emph>relations.</emph> By its very character, distributed-ness disturbs assumptions of singularity or stability. A quality, materiality, whose identity depends on contingencies cannot be mistaken for a self-evident object. For instance, we understand the production of a play as a distributed material event, rather than as a fixed or static thing. We can understand all textual and material production in the same way — as dependent upon interrelated systems and conditions.<note> For more information on basic structuralism and after, see <ptr target="#saussure1959"/>, <ptr target="#levi-strauss1956"/>, <ptr target="#mcgann2001"/>, and <ptr target="#mckenzie1999"/>.</note> 
            </p>
            <p>
               <emph>Performative materiality</emph> emphasizes the production of a work as an interpretative event. While Kirschenbaum, following generations of textual critics, refers to such formal properties of a work as its apparent organization, composition, use of media and materials, he knows full well that we don’t absorb a work in a mechanistic way. No text is <q>transferred</q> wholesale, like a bucket of coal being moved along a conveyor. The text of a book is not ingested by a sequential processing of its ascii string or by literal reading of each item on a page and each page in turn. Nor is a web page. Every person produces a work as an individual experience, according to their disposition and capacity. This should be obvious, but the mechanistic methods — such as eye tracking — used to analyze user experiences of websites seem to be premised on forgetting everything we ever learned from textual studies. The worlds of engineering and humanistic thought need integration.</p>
            <p>At the formal level, a work is a set of encoded instructions for reading, viewing, listening, or experiencing. In a performative approach, the cognitive capacities of the reader make the work through an encounter. The humanist inventory of critical methods appropriate to such analysis is long and rich: textual studies in the traditional and more radical modes, from close reading and new criticism through the Derridian and DeManian deconstruction and poststructural play. Cultural studies has its role here as well, introducing that decentering that shifts the ground from under the certainties of a single worldview, faceting any object of study along lines of inquiry that relativize all judgments and values. Exposing the ideological assumptions of digital materialities and the strategies on which they claim and gain cultural authority is essential. The performance of a work provoked by a material substrate is always situated within historical and cultural circumstances and particulars and expresses ideology at every level of production, consumption, implementation and design.  </p>
            <p>The performative dimension also invokes cognitive studies, including radical constructivist approaches to knowledge. Here phenomenology, embodied-ness, and features of psychoanalytic insight have their role, demonstrating the unique and particular qualities of individual experience in their tensions with drives, desires, denials, and other qualities of mind. The cognitive production of experience is ephemeral, temporal, specific, but provoked by the formal, material properties that provide stimulation. The notion of cues and triggers, rather than structures of meaning, informs this approach, and explains the force of performativity as enactment. We can think about the corrective introduced by Mary Carruthers into the description of memory theaters that, based on Frances Yates’ understanding, had persisted for decades. Carruthers created a model of dynamic cues, rather than memory of structures, that is being borne out by new studies of memory and internet use. 
            <figure>
                  <graphic url="resources/images/figure01.jpg"/>
                  <head>Giulio Camillo, Memory Theater, <title rend="italic">L’Idea del Theatro</title>, 1550</head>
               </figure>
               <figure>
                  <graphic url="resources/images/figure02.jpg"/>
                  <head>Ole Worm, Cabinet of Curiosities, <title rend="italic">Musei Wormiani Historia</title>, c. 1650</head>
               </figure>
            We remember where and how to find or look for information, rather than remembering information itself. Thus performative materiality is always probabilistic, since it demonstrates the fact that material forms are only the site of potential for meaning production, not for transfer. Media are constitutive of meaning, they do not serve as a conduit or pipeline. Performative concepts of materiality engage this constitutive principle and the cognitive conditions of production through acts of reading or other embodied individual experience (<ptr target="#carruthers1998"/>, <ptr target="#carruthers1990"/>, <ptr target="#austin1962"/>, <ptr target="#butler1999"/>, <ptr target="#glaserfeld1995"/>, <ptr target="#maturana1987"/>).</p>
            <p>
               <emph>Non-representational</emph> approaches make a strong case for the impossibility that language, or any other symbolic code — graphical, visual, audible — ever represents a preexisting entity. <q>Representations</q> are presentations, rhetorical arguments expressed in graphical, textual, visual form. Cultural geographers, annoyed with the assumption that a map could represent a spatial experience, pushed for a non-representational approach that is particularly germane to virtual environments. The concept pushes attention squarely towards the codes and formal structures of those artifacts. This emphasizes the understanding that material forms create the mediating expressions that are transactional objects of meaning production. In such a framework, objects don’t <emph>represent,</emph> they perform. Our critical focus attends to the expressions, not their presumed referent, since the relation between sign and referent is tentative in any case. The emphasis on understanding artifacts as constitutive, rather than representational, forces us to look at them, to see how they work. As in looking at a cabinet of curiosities, we are well aware that the organization and layout creates a world view, it does not correspond to any order of things in the world (where dolphins are fishes, mermaids exist, and unicorn horns can be displayed next to those of goats). We can invoke Charles Peirce, and the notion of inference without causality, or abduction mentioned above, as one of the central tenets of this critical approach (<ptr target="#thrift2007"/>, <ptr target="#anderson2010"/>, <ptr target="#buchler1940"/>, <ptr target="#gell1992"/>).</p>
            <p>
               <emph>Theories of enunciation</emph> are drawn primarily from linguistics. They got purchase early on in visual studies and film as ways to analyze modes of address and point of view systems. They pinpoint assumptions about who is speaking to whom and for what purpose in any act of articulation (verbal, visual, demonstrative, etc.). Enunciative theories engage power relations immediately. They show how the subjected and the spoken, the positioned and placed, the subordinate and the super-regulatory are dimensions of all speech acts — and by extension, all coded acts of cultural expression. Enunciative systems describe the spoken and speaking subject of language. What is it <emph>to be spoken</emph>? How is one’s subject position created by a system of articulation? The return to the Foucauldian paradigm of the panopticon, and of other disciplinary regimes, provides one concrete example. But so does Barthes’ study of mythologies and semiotic systems — the spoken subject of the fashion system, for instance, or the gendering system of cultural norms, all organize subject positions from which it is difficult to break. The <q>you</q> and <q>I</q> of speaking, now shifting in part towards the <q>we</q> of the hive mind, are indicative of change in the enunciative apparatus of the digital. They call all the more acutely for a critical approach rooted in humanities training, if only to adequately describe the unfolding phenomena. Theories of enunciation distinguish modes of discourse by attending to markers of identity, the use of first, second, or third person, various shifters and diectics, and other features of linguistic systems that identify and position speaking and spoken subjects.<note>For basic semiotics, linguistics, and theories of the subject and enunciation, see <ptr target="#genette1980"/>, <ptr target="#benveniste1970"/>, <ptr target="#cha1981"/>, <ptr target="#baudry1978"/>, <ptr target="#silverman1983"/>, <ptr target="#coward1977"/>, <ptr target="#foucault1972"/>, <ptr target="#barthes1974"/>.</note> 
            </p>
            <p>
               <emph>Interface theory </emph>is culled from interface design, behavioral cognition, and ergonomics, approaches to reading and human processing. It also draws on the history of graphic design and communication with a specific attention to the semantics of visual form. Diagrammatic analysis becomes particularly useful in looking at interface, since information organization and structures are keyed to the navigational functions these enable. The study of the relational features of any material artifact and system puts us squarely into the realm of diagrams and the study of the semantics of relations. Graphical expressions are particularly tractable as diagrams, but the diagrammatic dimension does not rely on graphical forms. Relations can be specified logically, mathematically, or socially and anthropologically, as well as spatially or temporally.<note>See <ptr target="#wikipedia"/>, <ptr target="#card1999"/>, <ptr target="#garrett2000"/>, <ptr target="#fuller2003"/>, <ptr target="#wikipedia"/>, <ptr target="#card1999"/>, <ptr target="#garrett2000"/>, <ptr target="#fuller2003"/>, <ptr target="#laurel1990"/>, <ptr target="#hoffman1989"/>.</note>
            </p>
            <p>
               <emph>Systems ecology and new materialisms</emph> assert that matter is not inert, that the traditional approach that characterized matter as that which is bounded, finite, has dimension and extension should be qualified by recognizing the emergent properties of material. Even stopping short of attributing sentience or agency to material systems, understanding them as part of ecologies with principles of self-organization, equilibrium, and self-regulating or adaptive capacities changes our view of material from inert to dynamic. The concept of flux and change, of fundamental instability in all material systems, offers the possibility of transformation and modification in codependent or emergent materialities. Work in complex adaptive systems, in cybernetics, in anthropology and sociology of knowledge, and in chaos theory all pertain to the study of new materialisms. In systems theory the aggregate is more than the sum of the parts, and a system has properties that neither inhere in individual components, nor exist independent of the system. While not strictly speaking, the domain of humanists, this theoretical apparatus has come into discussion through the positing of post-human conditions and an a-humanist philosophy, two strains of late 20th century critical thought. Again the flux and change of material conditions requires that we shed our atavistic attachment to the notion of things and shift into a realization that all apparent things are events.<note>See <ptr target="#coole2010"/>, <ptr target="#gleick1987"/>, <ptr target="#clarke2009"/>, <ptr target="#jenks2006"/>, <ptr target="#waldrop1992"/>, <ptr target="#holland1996"/>, <ptr target="#holland1999"/>, <ptr target="#byrne1998"/>, <ptr target="#cilliers1998"/>.</note>
            </p>
            <p> 
               <emph>Media archaeology </emph>brings the study of inscriptional technologies into an analytic frame based on the <q>real</q> (as opposed to the symbolic or imaginary regimes of critical theory). Its methods focus on the object-ness of things outside of human perception or engagement, in the conviction that this substrate in digital media is computational, mathematical, and process-driven, fundamentally both algorithmic and encoded. Familiar from early theories of digital communication, particularly the work of Claude Shannon and Warren Weaver, this approach has gained traction in part because of its insistence on attention to the specificity of code, platforms, software, and systems in their autonomy. The <q>archaeology</q> of the approach stresses analysis of quantifiable characteristics rather than interpretative cycles of production, eschewing narratives of history in favor of descriptions of sites and artifacts. While extreme in its embrace of observer-independent premises, the tenets of media archaeology acknowledge a temporal dimension to the activities of algorithmic production, the constant cycles of reiteration that are one of the crucial and distinctive qualities of code. </p>
            <p>This outline of principles and critical approaches, though sketchy, is meant to prompt our collective memories towards reengagement with the critical apparatus of theory relevant to work with digital humanities. Engagement with digital media changes when we conceptualize our projects and problems in accord with these critical tenets. Not only is our view of digital objects changed, but we see the possibilities for using the digital environment to take apart the <q>is-ness</q> of things. We can shift from an entity-based to an event-based conception of media and demonstrate the radically constitutive, co-dependent relations of complexity we overlook when we take a web of contingencies for a static, fixed, object of intellectual thought. Putting theoretical interpretation into dialogue with digital technology, we engage the opportunity for exposing the very processes by which its reification and reification through its means and media are taking place. We constitute our objects of knowledge through the acts of interpretation that pretend to be observations of what already is, though, perversely, the very act of putting humanists into digital projects seemed to bracket critical thinking from the design process (and take design out of the critical process). Here is where the challenge lies — not merely in critical analysis for the benefits of insight, but for the rethinking of design premises. How to bring these conceptions of materiality into the design of digital humanities projects? The answer is not to reinvent humanities theory, or critical epistemology, but to call it back into play in the design process. </p>
            <p>Thinking about the latent potential in interface design is a good starting point. If we turn our attention to specific concrete examples, a Google search results page, the Chicago Encyclopedia, and Stanford’s Spatial History Project site and projects to see how a generative relation between critical analysis and design possibilities could arise. Interface lends itself particularly well to this re-engagement since the whole notion of interface as a <q>thing</q> rather than as a space of constitutive production demonstrates the reifying effects of display and media in the digital environment. Interfaces are ubiquitous — in plumbing, appliances, vehicles, dashboards, and any device in which human actions have to be mediated in and through a space of exchange. A book is an interface, for instance, though its reified condition is equally pernicious, persistent and difficult to dislodge. We are aware that digital interface seems more mutable and flexible than that of a book, but is this really true? The interface is not an object. Interface is a space of affordances and possibilities structured into organization for use. An interface is a set of conditions, structured relations, that allow certain behaviors, actions, readings, events to occur. This generalized theory of interface applies to any technological device created with certain assumptions about the body, hand, eye, coordination, and other capabilities.</p>
            <p>Approaches to interface design arose within the HCI community, with its  emphasis on maximum efficiency in the user-centered experience. Since virtual cockpits to train soldiers using simulated combat missions and flight experience were first designed (some as early as 1929), or the earliest experiments for real time interaction with digital media in the days of Douglas Engelbart and Ivan Sutherland’s experiments with head sets, pedals, mice, and screens, the dominant paradigm in the human-machine relationship has come from the engineering community. 
            <figure>
                  <graphic url="resources/images/figure03.jpg"/>
                  <head>Douglas Engelbart, Workstation, 1966 <ref target="http://www.livinginternet.com/w/wi_engelbart.htm">http://www.livinginternet.com/w/wi_engelbart.htm</ref>
                  </head>
               </figure>
               <figure>
                  <graphic url="resources/images/figure04.jpg"/>
                  <head>Ivan Sutherland, Sketchpad, 1963. <ref target="http://en.wikipedia.org/wiki/Sketchpad">http://en.wikipedia.org/wiki/Sketchpad</ref>
                  </head>
               </figure>
            Leading practitioners in the field of visualization, such as Jakob Nielsen, Stuart Card, and Ben Shneiderman, have defined basic principles for design methodology and display that are premised on a pragmatic, but highly mechanistic, analysis of a user’s abilities to process information effectively. 
            <figure>
                  <graphic url="resources/images/figure05.jpg"/>
                  <head>Ben Shneiderman, Lifelines, Graphical user interface for faceted query. <ref target="http://www.cs.umd.edu/hcil/lifelines2/">http://www.cs.umd.edu/hcil/lifelines2/</ref>
                  </head>
               </figure>
            Their approach, applied to the vast numbers of tasks for searching, navigating, buying, and communicating online, is grounded in a user-as-consumer model, the assumptions of which do not match those appropriate to analysis of a humanities-based experience (where goals of distraction, engagement, flow experience and pleasure-driven activity are not goal-oriented, but motivated by the process). Criticisms from inside that community, such as the work of Jesse James Garrett (showing the confusion between an approach to interface design based on information versus tasks) or Aaron Marcus’s group (analyzing cultural differences and their connection to interface functionality) have provided useful insights and pushed design principles to be more nuanced. 
            <figure>
                  <graphic url="resources/images/figure06.jpg"/>
                  <head>Geert Hofstede’s Dimensions used by Aaron Marcus in cross-cultural interface design
                  <ref target="http://www.amanda.com/">http://www.amanda.com/</ref> and also: <ref target="www.iwips.org/iwips2002/.../AMA_XCult_13Jul02.ppt">www.iwips.org/iwips2002/.../AMA_XCult_13Jul02.ppt</ref>
                  </head>
               </figure>
               <figure>
                  <graphic url="resources/images/figure07.jpg"/>
                  <head>Jesse James Garrett, The Elements of User Experience, 2002. <ref target="http://www.acidlabs.org/2007/06/22/elements-and-forces-in-ia/">http://www.acidlabs.org/2007/06/22/elements-and-forces-in-ia/</ref>
                  </head>
               </figure>
            But the basic model of the user-centered, task-driven, goal-oriented approach to interface design remains. This approach has been adopted by humanists, particularly when the resources to do so are available, and this is the missed opportunity. The situation arises in part because the dominant vocabulary (graphical and conceptual) for interface design has come from the engineering community. The responsibility lies with the digital humanities community to invent graphical language suited to its critical principles, not with the HCI labs.</p>
            <p>The same critique leveled by post-structuralists against New Criticism is pertinent to the critique of a formal structure that reifies behaviors and tasks in interface designs. The <q>text</q> of an interface is not a thing, stable and self-evident, whose meaning can be fixed simply by a detailed reading of its elements. An interface is a space in which a <emph>subject</emph>, not a <emph>user</emph>, is invoked. Interface is an enunciative system. Texts and speakers are situated within pragmatic circumstances of use, ritual, exchange, and communities of practice. They are affected by it, and so is what they <q>read</q> or <q>receive</q> through an interface. How can the community of digital humanists take critical insights from literary, cultural, and gender studies into our current practice? If the object is merely to demonstrate that one may read an interface with the same techniques we used to read <title rend="italic">Young Mr. Lincoln</title> or to follow old psychoanalytic or literary arguments into a new realm of semiotic analysis, a rather tedious and predictable path would lie ahead. This might have some value in the undergraduate classroom, as the unpacking of ideological subtexts fascinates the young. </p>
            <p>But for those of us concerned with the design of environments for digital humanities and its research agendas, the stakes of this critical encounter are quite different. Can we conceive of models of interface that are genuine instruments for research? That are not merely queries within pre-set data that search and sort according to an immutable agenda? How can we imagine an interface that allows content modeling, intellectual argument, rhetorical engagement? In such an approach, the formal, graphical materiality of the interface might register the performative dimensions as well as support them. Such approaches would be fundamentally distinct from those in the HCI community. In place of transparency and clarity, they would foreground ambiguity and uncertainty, unresolvable multiplicities in place of singularities and certainties. Sustained interpretative engagement, not efficient completion of tasks, would be the desired outcome. Grounded in principles of interpretation and a theory of subjectivity, such an approach to design has yet to be developed. But it would expose the process of thinking rather than display fixed results of intellectual activity as if they were products.</p>
            <p>This is not an argument in favor of bad, inefficient, or obstructive design. Nor is it a perverse justification for the ways in which under-resourced projects create confusion, as if that were a value for humanists. Quite the contrary. The challenge of creating an interface in which the performative character of interpretation can be supported and registered builds on demonstrable principles: multiple points of view, correlatable displays, aggregated data, social mediation and networking as a feature of scholarly work, and the qualities of games with emerging rule sets. </p>
            <p>The humanities embody a set of values and approaches to knowledge as interpretation that cannot be supported by a mechanistic approach to design. This is not just a semantic exercise, but a point of departure for implementation. The concept of performative materiality has a double meaning here. In the first sense, on which I have been concentrating, materiality is understood to produce meaning as a performance, just as any other <q>text</q> is constituted through a reading. That notion is fundamental to humanistic approaches to interpretation as situated, partial, non-repeatable. In the second sense, performative materiality suggests an approach to design in which use registers in the substrate and structure so that the content model and its expressions evolve. The <q>structure of knowledge</q> becomes a <q>scheme of knowing</q> that inscribes use as well as provoking it. The idea of a user-consumer is replaced by a maker-producer, a performer, whose performance changes the game. This takes us back to some of the earlier theory of games, to the work of Brenda Laurel and others, whose theoretical training brought notions of subjectivity and performance into the study of online environments. </p>
            <p>In suggesting directions for design, I do not claim to have a toolset of solutions, since that would put us right back into the HCI model and its problem-solving efficiency. Instead, my goal is to lay out some basic ideas on which to imagine a performative approach to materiality and the design of an interpretative interface. Such an interface supports acts of interpretation rather than simply returning selected results from a pre-existing data set. It should also be changed by acts of interpretation, and should morph and evolve. Performative materiality and interpretative interface should embody emergent qualities. Their form would be co-dependent with use, rather than structured to constrain or model specific behaviors or tasks. They should have the potential to be inflected — by subject positions, point of view, and acts of interpretation. </p>
            <p>We can apply these critical concepts to design as well as to analysis, as in the case of suggestions arising from discussion of this Google search page in contrast to the Encyclopedia of Chicago and the projects on the Stanford Spatial History site:  </p>
            <list type="gloss">
               <item>
                  <label>Forensic features</label>: these are not self-evident. Code does not show itself, nor does the infrastructure, so to analyze them fully would require study of the devices and systems in which the sites are generated, stored, displayed, accessed, refreshed. Forensic analysis can also be used to track the lifecycle of production of digital technology and examine the connections between digital materials and resource issues, such as costs in ecological and human terms. A design challenge would be to have ways to show the history of the rewritable substrate and expose the palimpsest of traces held in memory. Google’s forensic profile, with its data gathering analytics, would look very different from that of the Encyclopedia and Stanford sites, which are largely designed for passive use. The appearance of seamlessness that the GUI presents in each instance is an illusion that covers a historical field of user experiences, but the Stanford site, in particular, with its showcase of authors, is impervious to trace-making records by users. The Stanford site is asocial media, and not meant to support debate or commentary. If interfaces were designed to expose the history of user trails, reactions, comments, that might provide an interesting intervention. Where on the search or home pages would we see the other histories of similar searches, our own or that of others? How would this display associate with other histories of a search or profiles of use?</item>
               <item>
                  <label>Distributed materiality</label>: The interrelation of forensic levels and recognition of the many dependent contingencies on which we rely for a basic display and search pulls the study of search engines, information structures and organization into play. Google’s offered ranking and ordering of results reveals only the tip of the machinations at work; the apparent simplicity of the display sits like a skin pulled over a mass of complexities; what are the contrasts? Alternatives? What are the terms of ranking and relations? How might they be altered or toggled in a meaningful way? The Stanford site offers display from a set of stored files with pre-packaged interactivity (the visualizations and faceted queries), but its relations are all structured by the content developers. The Encyclopedia draws on a repository whose combinatoric use is supported by dynamic, real-time APIs, but the files are probably all stored locally and well-protected by a fire wall. What contingencies shape the display, integration, operations? How will the efficiencies of these sites shift with changes in scale? How inter-operable are any of the Stanford site’s elements with each other at the level of data, networking, or search? How might responsiveness emerge from use?</item>
               <item>
                  <label>Performative acts</label> seem to get tracked by mapping the way people read a page or site, but this gives only a partial indication of comprehension or of what was actually <q>read</q> on a page. The performance of a text that results in its being remade in each instance of use is not a mechanical act, but a cognitive one. The structure of a Google search page is organized to steer reading and presentation of results. The Stanford site merely moves one through scrolled arguments. The Encyclopedia’s modular and elaborately cross-referenced data structure supports linked jumps from topic to topic, but lacks synthetic frameworks. The formal organizations designed for clear legibility, are also extensions of long traditions of western reading structures. The graphical languages build on familiar sidebar navigation and menu structures, as if gender, cultural codes, metaphoric use of terms and tropes, and their capacity to spin the message on the page were value neutral. But in fact, the graphical expressions organize hierarchy and structure dynamic relations and balances within the relations of the display. In the Google page, the flatfooted appearance belies its formal sophistication. The categories of everything (called <q>web</q> in the menu bar), images, videos, news, shopping conflate typologies of media, genres, activities. The more delimited domains of Stanford and the Chicago Encyclopedia are designed around content and institutional identity. Stanford’s site privileges the institutional identity of the researchers and their place within that specific project’s support, so all projects are menu items on its platform. The Chicago Encyclopedia leads with the design of its content in a manner meant to encourage cross-reference. The cues for performance are organized around thematic categories and points of reference, while Google presents its menus as if the universe of the Web were simply structured in the way its representation suggests. </item>
               <item>
                  <label>Enunciative dimensions</label> of a page identify who speaks to whom and in what orders of language and enunciative modalities; whose voice that says <q>everything</q> 
                  <q>images</q> 
                  <q>news</q> are the fundamental categories of the Google-verse? The corporate entity of Google of course, but who or what does that mean? Who speaks the Encyclopedia? It addresses its audience with a civic voice, assuming a broad public whose differences are less important than its entitlement to access and education. The Stanford site brands its authors, each of whom is profiled in academic celebrity mode, and each of whom <q>speaks</q> their project in a voice that aggregates collective work and collaborative research into a text whose identity and position in the cultural universe assume a naturalized authority couched as discipline-specific expertise. The credentials of the <q>speakers</q> are visible, attached to the work, unlike those of the Google or Encyclopedia authors. The very notion of <q>authorship</q> in Google is usefully problematic. Tracking the processes of design in the corporate web would reveal many threads of power, pressure, contradiction. Porn, we notice, is not among the categories at the highest level of Google search pages, nor are games, gambling, or social networking. The <q>I</q> of Google who creates the <q>you</q> of the user of the search engine has already interpolated the subject into the structure of the page in such a way that certain desires and interests are subordinated, even stigmatized. Orders of graphic modality and enunciation organize and argument. The top menu bar frames the whole Google world under a set of searchable categories. The sidebar, with its chronological order, is a log, a history, in which the past disappears below and the present continually refreshes above the long tail of the past. A click on the <q>All results Timeline</q> for a current theme or topic in the news (last week it was the British phone hacking scandal) gives a bar chart. Who identified the data that is displayed? After the fact? When? How does the historical trajectory of what is online match attention offline, and where is the full iceberg of the unrevealed tale? The visual suggests a slow buildup to the present scandal, but what happens out of sight is not necessarily of lesser import or scale than the flurry of attention generated by the scandal. Because Google presumes to present access to the <q>everything</q> of the web, its enunciative modalities are markedly different from those of the delimited domains of the Encyclopedia or Stanford Spatial History. But how do their rhetorics of visualization and presentation express an ideology — who speaks for whom where and how in these graphical and textual expressions? What is not able to be said in their forms and formats? What is excluded, impossible, not present, not able to be articulated given these structures? How can menu categories be altered to contrast one group of users habits to that of others? How do we get perspective on our own view? Point of view is structured into interface design but never exposed or marked conspicuously.</item>
               <item>
                  <label>Systemic ecologies</label>: Systems of organization and information have their own self-organizing principles, and operate at a higher order than that of mere aggregation of disparate elements. Does information really swarm? Do language acts aggregate at some level within communication systems? Do media reconfigure along lines of ecological limits, adjusting their capacities to the pressures and forces on the system? The materiality of meta-informatics seems intractable, and yet, is a materialismembodied in those relations and exchanges that emerge from and constitute another order of organization. Analysis of this dimension of organization tracks distributed systems into emergent ones, looks at flows of energy (literally), capital, attention, and interconnection among these. These interfaces might be designed to show their participation in systemic activity and emergent fields of discourse at a higher level of scale and a lower, more granular, level of use. 
           </item>
            </list>
            <p>The implications for design? Engage with a way to shift from the univocal to polyvocal, introduce point of view systems within the interface so that all views are from the position of an observer, not assumed to be independent, autonomous.
            <figure>
                  <graphic url="resources/images/figure08.jpg"/>
                  <head>Ivanhoe Game Demonstration
                  <ref target="http://www.ivanhoegame.org/">http://www.ivanhoegame.org/</ref>
                  </head>
               </figure>
            Create fragmented and correlated points of view that resist self-evident reification. Create environments that are constellationary, so that diagrammatic relations can be used to re-order familiar conventions through acts of generative, performative engagement. We introduced these features into the first designs at SpecLab, into the now slider in Temporal Modeling, the more systematic integration of player point of view in the Ivanhoe design. Archaeologists concerned with the speculative nature of their models of reconstruction based on fragmentary evidence have been keen to find graphical conventions to show uncertainty in their digital models. 
            <figure>
                  <graphic url="resources/images/figure09.jpg"/>
                  <head>T. Zuk, S. Carpendale and W. D. Glanzman. <quote rend="inline">Visualizing Temporal Uncertainty in 3D Virtual Reconstructions.</quote> 
                     <title rend="italic">Proceedings of the 6th International Symposium on Virtual Reality</title>. 2005. 99–106. <ref target="http://www.sci.utah.edu/~kpotter/library/papers/zuk:2005:VTUR/index.html">http://www.sci.utah.edu/~kpotter/library/papers/zuk:2005:VTUR/index.html</ref>
                  </head>
               </figure>
               Multiple imaging modes that create palimpsestic or parallax views of objects make it more difficult to imagine reading as an act of recovering truth, and render the interpretative act itself more visible. The task of modeling diversity, of exposing the differences among ontologies as ideologies, has a dramatic role to play in dislodging the centrism of western epistemologies, in particular those grounded in the administrative sensibility with its perverse attachment to control through standardization. </p>
            <p>When we have humanist computer languages, interpretative interfaces, and information systems that can tolerate inconsistency among types of knowledge representation and organization of it, then the humanist dialogue with digital environments will have at the very least advanced beyond complete submission to the terms set by disciplines whose fundamental beliefs are antithetical to interpretation. </p>
            <p>The critical design of interpretative interface means that we understand the task not just as an arrangement of things or a structure for the organization of behaviors and actions, but as the mobilization of a critical network that exposes, calls to attention, its made-ness — and by extension, the constructed-ness of knowledge, its interpretative dimensions. This will orchestrate, at least a bit, the shift from conceptions of interface as things and entities to that of an event-space of interpretative activity.</p>
            <p>In summary, I am suggesting that we redress the odd amnesia that has come with the exigencies and tasks defined by digital media and recall our humanist commitment to interpretation. This means embracing ambiguity and uncertainty, contradictions and the lack of fixity or singularity. No file is ever self-identical, and certainly no file is ever the same twice. All expressions in human systems are constitutive, non-representational, and content models, forms of classification, taxonomy, or information organization embody ideology. Ontologies are ideologies, through and through, as naming, ordering, and parameterizing are interpretative acts that enact their view of knowledge, reality, and experience and give it form. All acts of migration from one medium to another, one state of instantiation to another, are mutations. The antidotes to the familiarity that blinds us is embrace of parallax, disaggregation of the illusion of singularity through comparatist and relativist approaches, and engagement with fragmentation and partial presentations of knowledge that expose the illusion of seamless wholeness. Veils of maya are replaced with other veils of maya, we know this, but at the very least, acknowledging that creates a restless engagement with the acts of knowing. More attention to acts of producing and less emphasis on product, the creation of an interface that is meant to expose and support the activity of interpretation, rather than to display finished forms, would be a good starting place. </p>
            <p>What is at stake here is that the model of materiality we have in mind shapes the ways we approach the design and use of critical digital media.</p>
         </div>
      </body>
      <back>
         <listBibl>
            <!-- Encode each bibliographic item as <bibl>. @xml:id and @label are required. All values for @xml:id should be lower-case. -->
            <bibl xml:id="surname2009" label="Surname 2009" key="surname2009"/>
            <bibl label="Abbott and Williams 2009"
                  xml:id="abbott2009"
                  key="abbott2009">Abbott, Craig S. and William Proctor Williams. <title rend="italic">Introduction to Bibliographical and Textual Studies</title>. NY: Modern Language Association of America, 2009.</bibl>
            <bibl label="Anderson and Harrison 2010"
                  xml:id="anderson2010"
                  key="anderson2010">Anderson, Ben and Paul Harrison, eds. <title rend="italic">Taking-Place: Non-Representational Theories and Geography</title>. London: Ashgate, 2010. </bibl>
            <bibl label="Austin 1962" xml:id="austin1962" key="austin1962">Austin, John L. <title rend="italic">How to Do Things with Words</title>. Oxford: Clarendon Press, 1962.</bibl>
            <bibl label="Barthes 1974" xml:id="barthes1974" key="barthes1974">Barthes, Roland.  <title rend="italic">S/Z</title>. NY: Hill and Wang, 1974.</bibl>
            <bibl label="Baudry 1978" xml:id="baudry1978" key="baudry1978">Baudry, Jean-Louis. <title rend="italic">L’Effet Cinéma</title>. Paris: Editions Albatros, 1978.</bibl>
            <bibl label="Bearsley 1966" xml:id="beardsley1966" key="beardsley1966">Beardsley, Monroe. <title rend="italic">Aesthetics</title>. New York: Macmillan, 1966.</bibl>
            <bibl label="Benveniste 1971"
                  xml:id="benveniste1971"
                  key="benveniste1971">Benveniste, Emile. <title rend="italic">Problems in General Linguistics</title>. Coral Gables, FL: University of Miami Press, 1970.</bibl>
            <bibl label="Bolter 1991" xml:id="bolter1991" key="bolter1991">Bolter, Jay David. <title rend="italic">Writing Space</title>. Hillsdale, N.J.: L. Erlbaum Associates, 1991.</bibl>
            <bibl label="Bowers 1964" xml:id="bowers1964" key="bowers1964"> Bowers, Fredson. <title rend="italic">Bibliography and Textual Criticism</title>. Oxford: Clarendon Press, 1964.</bibl>
            <bibl label="Buchler 1940" xml:id="buchler1940" key="buchler1940">Buchler, Justus, ed. <title rend="italic">Philosophy of Charles Sanders Peirce</title>. NY: Harcourt Brace, 1940.</bibl>
            <bibl label="Butler 1999" xml:id="butler1999" key="butler1999">Butler, Judith. <title rend="italic">Gender Trouble</title>. NY: Routledge, 1999.</bibl>
            <bibl label="Bynum 2011" xml:id="bynum2011" key="bynum2011">Bynum, Caroline. <title rend="italic">Christian Materiality</title>. Cambridge: MIT University Press, 2011.</bibl>
            <bibl label="Byrne 1998" xml:id="byrne1998" key="byrne1998">Byrne, David S. <title rend="italic">Complexity Theory and the Social Sciences</title>. NY: Routledge, 1998.</bibl>
            <bibl label="Card et al. 1999" xml:id="card1999" key="card1999">Card, Stuart, Jock Mackinlay and Ben Shneiderman, eds. <title rend="italic">Readings in Information Visualization</title>. San Francisco: Morgan Kaufmann Publishers, 1999.</bibl>
            <bibl label="Carruthers 1990"
                  xml:id="carruthers1990"
                  key="carruthers1990">Carruthers, Mary. <title rend="italic">The Book of Memory</title>. Cambridge and New York: Cambridge University Press, 1990.</bibl>
            <bibl label="Carruthers 1998"
                  xml:id="carruthers1998"
                  key="carruthers1998">Carruthers, Mary. <title rend="italic">The Craft of Thought</title>. Cambridge and New York: Cambridge University Press, 1998.</bibl>
            <bibl label="Cha 1981" xml:id="cha1981" key="cha1981">Cha, Theresa Hak Kyung. <title rend="italic">Apparatus</title>. NY: Tanam Press, 1981.</bibl>
            <bibl label="Cilliers 1998" xml:id="cilliers1998" key="cilliers1998">Cilliers, Paul. <title rend="italic">Complexity and Postmodernism.</title> London: Routledge, 1998. </bibl>
            <bibl label="Clarke and Hansen 2009" xml:id="clarke2009" key="clarke2009">Clarke, Bruce and Mark B. Hansen, eds. <title rend="italic">Emergence and Embodiment</title>. Durham, NC: Duke University Press, 2009.</bibl>
            <bibl label="Coole and Frost 2010" xml:id="coole2010" key="coole2010">Coole, Diana and Samantha Frost, eds. <title rend="italic">New Materialisms.</title> Durham: Duke University Press, 2010.</bibl>
            <bibl label="Coward and Ellis 1977" xml:id="coward1977" key="coward1977">Coward, Rosalind and John Ellis. <title rend="italic">Language and Materialism</title>. London and Boston: Routledge and Paul, 1977.</bibl>
            <bibl label="Culler 1997" xml:id="culler1997" key="culler1997">Culler, Jonathan. <title rend="italic">Literary Theory</title>. Oxford and New York: Oxford University Press, 1997.</bibl>
            <bibl label="Drucker 1994" xml:id="drucker1994" key="drucker1994">Drucker, Johanna. <title rend="italic">The Visible Word</title>. Chicago: University of Chicago Press, 1994. </bibl>
            <bibl label="Drucker 2009d" xml:id="drucker2009d" key="drucker2009d">Drucker, Johanna. <title rend="quotes">Entity to Event: From Literal, Mechanistic Materiality to Probabilistic Materiality.</title> 
               <title rend="italic">Parallax </title>15:4 (2009), 7–17.</bibl>
            <bibl label="Fish 1980" xml:id="fish1980" key="fish1980">Fish, Stanley. <title rend="italic">Is there a text in this class?</title> Cambridge: Harvard University Press, 1980.</bibl>
            <bibl label="Foucault 1972" xml:id="foucault1972" key="foucault1972">Foucault, Michel. <title rend="italic">The Archaeology of Knowledge.</title> New York: Pantheon Books, 1972.</bibl>
            <bibl label="Fuller 2003a" xml:id="fuller2003a" key="fuller2003a">Fuller, Matthew. <title rend="italic">Behind The Blip</title>. Brooklyn, NY: Autonomedia, 2003.</bibl>
            <bibl label="Garrett 2000" xml:id="garrett2000" key="garrett2000">Garrett, Jesse James. <title rend="quotes">The Elements of Visual User Interface.</title> March 30, 2000. Accessed 20 August 2012. <ref target="http://www.jjg.net/elements/pdf/elements.pdf">http://www.jjg.net/elements/pdf/elements.pdf</ref>
            </bibl>
            <bibl label="Gell 1992" xml:id="gell1992" key="gell1992">Gell, Alfred. <title rend="italic">The Anthropology of Time.</title> Oxford and Providence: Berg, 1992.</bibl>
            <bibl label="Genette 1980" xml:id="genette1980" key="genette1980">Genette, Gérard. <title rend="italic">Narrative Discourse: An Essay in Method. </title>Ithaca: Cornell University Press, 1980.</bibl>
            <bibl label="Glasersfeld 1995"
                  xml:id="glaserfeld1995"
                  key="glaserfeld1995">Glasersfeld, Ernst von. <title rend="italic">Radical Constructivism</title>. London and Washington: Falmer Press, 1995.</bibl>
            <bibl label="Gleick 1987" xml:id="gleick1987" key="gleick1987">Gleick, James. <title rend="italic">Chaos: Making a New Science.</title> NY: Viking, 1987.</bibl>
            <bibl label="Hayles 2002" xml:id="hayles2002" key="hayles2002">Hayles, N. Katherine. <title rend="italic">Writing Machines</title>. Cambridge: MIT University Press, 2002.</bibl>
            <bibl label="Heim 1987" xml:id="heim1987" key="heim1987">Heim, Michael. <title rend="italic">Electric Language.</title> New Haven: Yale University Press, 1987.</bibl>
            <bibl label="Jenks and Smith 2006" xml:id="jenks2006" key="jenks2006">Jenks, Chris and John Smith. <title rend="italic">Qualitative Complexity</title>. New York: Routledge, 2006.</bibl>
            <bibl label="Kirschenbaum 2008"
                  xml:id="kirschenbaum2008"
                  key="kirschenbaum2008">Kirschenbaum, Matthew. <title rend="italic">Mechanisms: New Media and the Forensic Imagination</title>. Cambridge: MIT University Press, 2008.</bibl>
            <bibl label="Hoffman 1989" xml:id="hoffman1989" key="hoffman1989">Hoffman, Donald. <title rend="quotes">The Interface Theory of Perception.</title> 
               <title rend="italic">Object Categorization: Computer and Human Vision Perspectives</title> eds. Sven Dickinson, Michael Tarr, Ales Leonardis and Bernt Schiele. Cambridge and New York: Cambridge University Press, 1989. <ref target="www.veronadesign.biz/interface.pdf">www.veronadesign.biz/interface.pdf</ref>.</bibl>
            <bibl label="Holland 1996" xml:id="holland1996" key="holland1996">Holland, John. <title rend="italic">Hidden Order: How Adaptation Builds Complexity. </title>NY: Harper, Basic Books, 1996.</bibl>
            <bibl label="Holland 1999" xml:id="holland1999" key="holland1999">Holland, John. <title rend="italic">Emergence: From Chaos to Order</title>. New York: Harper, Basic Books, 1999.</bibl>
            <bibl label="Krug 2000" xml:id="krug2000" key="krug2000">Krug, Steve. <title rend="italic">Don’t Make Me Think</title>. Indianapolis, IN: Que, 2000.</bibl>
            <bibl label="Landow 1994" xml:id="landow1994" key="landow1994">Landow, George, ed. <title rend="italic">Hyper/Text/Theory. </title>London: Johns Hopkins University Press, 1994.</bibl>
            <bibl label="Landow and Delany 1991" xml:id="delany1991" key="delany1991">Landow, George and Paul Delany. <title rend="italic">Hypermedia and Literary Studies</title>. Cambridge: MIT University Press, 1991.</bibl>
            <bibl label="Laurel 1990" xml:id="laurel1990" key="laurel1990">Laurel, Brenda. <title rend="italic">The Art of Human-Computer Interface Design</title>. Reading, MA: Addison-Wesley, 1990.</bibl>
            <bibl label="Lévi-Strauss 1956"
                  xml:id="levi-strauss1956"
                  key="levi-strauss1956">Lévi-Strauss, Claude. <title rend="italic">Anthropology</title>. New York: Cultural Division of the French Embassy, 1956.</bibl>
            <bibl label="Maturana and Varela 1987"
                  xml:id="maturana1987"
                  key="maturana1987"> Maturana, Humberto and Francisco Varela. <title rend="italic">The Tree of Knowledge</title>. Boston: New Science Library, 1987.</bibl>
            <bibl label="McGann 2003" xml:id="mcgann2003" key="mcgann2003">McGann, Jerome. <title rend="quotes">Texts in N-dimensions and Interpretation in a new key.</title> 
               <title rend="italic">Text Technology </title>12:2 (2003): 1–18.</bibl>
            <bibl label="McGann 2001a" xml:id="mcgann2001a" key="mcgann2001a">McGann, Jerome. <title rend="italic">Radiant Texuality</title>. New York: Palgrave, 2001.</bibl>
            <bibl label="McKenzie 1999" xml:id="mckenzie1999" key="mckenzie1999">McKenzie, D.F. <title rend="italic">Bibliography and the Sociology of Texts</title>. New York and Cambridge: Cambridge University Press, 1999. </bibl>
            <bibl label="Parikka 2011" xml:id="parikka2011" key="parikka2011">Parikka, Jussi. <title rend="quotes">Operative Media Archaeology: Wolfgang Ernst’s Materialist Media Diagrammatics.</title> 
               <title rend="italic">Theory Culture &amp; Society</title> 28 (September 2011): 52–74.</bibl>
            <bibl label="Paul 2007" xml:id="paul2007" key="paul2007">Paul, Christiane. <title rend="quotes">The Myth of Immateriality.</title> 
               <ref target="intelligentagent.com/writing_samples/CP_Myth_of_Immateriality.pdf">intelligentagent.com/writing_samples/CP_Myth_of_Immateriality.pdf</ref>. Accessed 20 August 2012. Also in <title rend="italic">MediaArtHistories </title>ed. Oliver Grau. Cambridge, MA: The MIT Press, 2007.</bibl>
            <bibl label="Saussure 1959" xml:id="saussure1959" key="saussure1959">Saussure, Ferdinand de. <title rend="italic">Course in General Linguistics. </title>Eds. Charles Bally and Albert Sechehaye in collaboration with Albert Reidlinger. Trans. Wade Baskin. NY: Philosophical Society, 1959.</bibl>
            <bibl label="Silverman 1983" xml:id="silverman1983" key="silverman1983">Silverman, Kaja. <title rend="italic">The Subject of Semiotics</title>. New York: Oxford University Press, 1983.</bibl>
            <bibl label="Thrift 2007" xml:id="thrift2007" key="thrift2007">Thrift, Nigel. <title rend="italic">Non-Representational Theory</title>. London: Routledge, 2007.</bibl>
            <bibl label="Waldrop 1992" xml:id="waldrop1992" key="waldrop1992">Waldrop, M. Mitchell. <title rend="italic">Complexity: The Emerging Science at the Edge of Order and Chaos</title>. New York: Simon &amp; Schuster, 1992.</bibl>
            <bibl label="Wikipedia" xml:id="wikipedia_history" key="wikipedia_history">Wikipedia. <title rend="quotes">History of the graphical user interface.</title> 
               <ref target="http://en.wikipedia.org/wiki/History_of_the_graphical_user_interface">http://en.wikipedia.org/wiki/History_of_the_graphical_user_interface</ref>. Accessed 23 February 2012. </bibl>
         </listBibl>
         
      </back>
   </text>
</TEI>
